Year,Make,Model,Engine_Size,Mileage,Transmission,Fuel_Type,Owner_Type,Price
2019,Toyota,Camry,3.5,3860,Automatic,Electric,First,22217.57
2019,Toyota,Camry,2.5,90498,Manual,Petrol,Third,10445.15
2018,Toyota,Camry,4.0,3769,Manual,Hybrid,Second,15873.06
2017,Toyota,Camry,1.8,56707,Manual,Diesel,First,10139.07
2024,Toyota,Camry,1.8,109970,Automatic,Electric,Second,19155.08
2015,Toyota,Camry,3.5,59886,Manual,Hybrid,First,12367.08
2015,Toyota,Camry,4.0,6890,Automatic,Petrol,First,13343.83
2016,Toyota,Camry,3.5,123174,Manual,Electric,First,12980.52
2020,Toyota,Camry,2.5,83077,Automatic,Hybrid,Second,14065.27
2018,Toyota,Camry,5.7,81953,Manual,Diesel,First,17694.67
2014,Toyota,Camry,2.0,74211,Manual,Diesel,Second,5622.25
2020,Toyota,Camry,5.7,129678,Manual,Petrol,Second,14166.23
2020,Toyota,Camry,4.0,26247,Automatic,Diesel,Third,14280.71
2024,Toyota,Camry,3.5,11571,Automatic,Petrol,First,25238.57
2013,Toyota,Camry,1.8,43774,Automatic,Hybrid,First,10112.95
2015,Toyota,Camry,2.5,15666,Automatic,Diesel,Third,9642.99
2022,Toyota,Camry,1.8,55251,Automatic,Petrol,Second,14628.29
2020,Toyota,Camry,4.0,99354,Manual,Hybrid,Second,14595.26
2023,Toyota,Camry,2.5,73592,Automatic,Petrol,Third,14589.02
2022,Toyota,Camry,5.7,93982,Automatic,Petrol,Third,16390.95
2022,Toyota,Camry,2.0,26419,Automatic,Electric,Third,17170.9
2016,Toyota,Camry,5.7,83356,Automatic,Electric,First,20500.82
2023,Toyota,Camry,4.0,36827,Automatic,Hybrid,Third,17824.54
2014,Toyota,Camry,2.0,67044,Manual,Petrol,First,5266.66
2018,Toyota,Camry,3.5,98259,Manual,Hybrid,Second,12236.02
2019,Toyota,Camry,3.5,24976,Automatic,Diesel,First,19126.67
2013,Toyota,Camry,1.8,69842,Manual,Petrol,First,2000.0
2017,Toyota,Camry,1.8,101098,Manual,Hybrid,Third,8112.94
2023,Toyota,Camry,5.7,64087,Manual,Hybrid,First,25130.06
2022,Toyota,Camry,3.5,86211,Manual,Electric,Second,18807.5
2015,Toyota,Camry,1.8,70172,Automatic,Hybrid,First,10655.53
2013,Toyota,Camry,1.8,129354,Manual,Diesel,First,2590.09
2024,Toyota,Camry,2.0,107095,Manual,Hybrid,Third,15224.2
2023,Toyota,Camry,1.8,28342,Manual,Hybrid,First,21983.06
2016,Toyota,Camry,2.0,68733,Manual,Electric,Third,8591.41
2015,Toyota,Camry,3.5,5811,Automatic,Hybrid,Third,11138.18
2022,Toyota,Camry,2.5,98742,Automatic,Hybrid,Third,14724.53
2019,Toyota,Camry,2.0,14111,Automatic,Electric,First,19812.34
2021,Toyota,Camry,2.0,50254,Automatic,Diesel,Second,15785.53
2022,Toyota,Camry,1.8,19371,Manual,Petrol,Second,13686.61
2013,Toyota,Camry,5.7,129603,Automatic,Petrol,Third,5942.98
2015,Toyota,Camry,2.5,7499,Manual,Diesel,First,10348.09
2020,Toyota,Camry,3.5,15874,Automatic,Hybrid,Second,19532.38
2021,Toyota,Camry,2.5,5200,Automatic,Diesel,Second,18832.43
2014,Toyota,Camry,2.0,5869,Automatic,Hybrid,First,13326.29
2013,Toyota,Camry,5.7,94412,Manual,Hybrid,Third,7718.69
2015,Toyota,Camry,1.8,73271,Automatic,Hybrid,Third,6636.11
2018,Toyota,Camry,5.7,6436,Automatic,Diesel,Third,14592.84
2023,Toyota,Camry,2.0,51404,Manual,Petrol,Third,11466.6
2015,Toyota,Camry,3.5,105946,Manual,Petrol,First,7641.08
2024,Toyota,Camry,3.5,21589,Automatic,Diesel,First,25180.94
2017,Toyota,Camry,4.0,99752,Manual,Petrol,Third,8512.66
2015,Toyota,Camry,3.5,57240,Manual,Electric,First,15561.41
2015,Toyota,Camry,2.0,37584,Manual,Electric,Second,10875.22
2022,Toyota,Camry,2.5,103199,Manual,Hybrid,Second,15439.12
2014,Toyota,Camry,2.0,69320,Manual,Petrol,First,4598.53
2023,Toyota,Camry,5.7,108647,Automatic,Petrol,Second,19541.03
2021,Toyota,Camry,4.0,91891,Manual,Electric,First,22006.77
2016,Toyota,Camry,4.0,129995,Automatic,Hybrid,Second,11446.24
2019,Toyota,Camry,3.5,35097,Manual,Hybrid,Third,13511.77
2018,Toyota,Camry,2.5,96848,Manual,Electric,Second,13636.3
2018,Toyota,Camry,1.8,111211,Manual,Diesel,Third,5526.48
2018,Toyota,Camry,2.5,71027,Automatic,Petrol,First,13938.28
2016,Toyota,Camry,5.7,72678,Automatic,Electric,First,19926.77
2014,Toyota,Camry,3.5,114721,Manual,Electric,First,9884.04
2022,Toyota,Camry,2.0,93852,Manual,Petrol,Second,10725.49
2019,Toyota,Camry,1.8,103235,Automatic,Petrol,Second,9901.08
2018,Toyota,Camry,1.8,48543,Automatic,Petrol,First,13446.82
2019,Toyota,Camry,4.0,116429,Automatic,Electric,Third,13413.18
2017,Toyota,Camry,5.7,87664,Automatic,Diesel,First,15571.51
2013,Toyota,Camry,5.7,98981,Manual,Hybrid,First,10896.52
2017,Toyota,Camry,3.5,65752,Manual,Diesel,First,12746.35
2019,Toyota,Camry,2.0,26049,Manual,Petrol,Second,11610.97
2020,Toyota,Camry,4.0,19364,Manual,Hybrid,Third,15933.86
2014,Toyota,Camry,1.8,52115,Manual,Hybrid,Third,7038.14
2015,Toyota,Camry,3.5,94680,Automatic,Petrol,Third,7857.68
2023,Toyota,Camry,4.0,106691,Automatic,Petrol,First,18941.91
2024,Toyota,Camry,5.7,15161,Automatic,Electric,Second,28109.21
2015,Toyota,Camry,1.8,97297,Manual,Petrol,Second,3635.45
2015,Toyota,Camry,1.8,23358,Manual,Diesel,First,10579.41
2014,Toyota,Corolla,4.0,14338,Automatic,Hybrid,First,14759.75
2022,Toyota,Corolla,4.0,21888,Manual,Hybrid,Third,17784.3
2013,Toyota,Corolla,2.5,88999,Manual,Diesel,First,4727.76
2017,Toyota,Corolla,3.5,39208,Automatic,Petrol,Third,11386.15
2021,Toyota,Corolla,2.5,24352,Manual,Petrol,First,18170.85
2018,Toyota,Corolla,4.0,69234,Automatic,Petrol,First,15189.54
2021,Toyota,Corolla,2.5,39939,Automatic,Electric,Second,19261.39
2022,Toyota,Corolla,4.0,129020,Automatic,Hybrid,First,22641.45
2016,Toyota,Corolla,2.5,90508,Manual,Petrol,Third,5487.44
2017,Toyota,Corolla,2.0,24689,Automatic,Diesel,Third,10082.94
2022,Toyota,Corolla,4.0,26714,Automatic,Petrol,Third,16576.32
2013,Toyota,Corolla,4.0,47261,Automatic,Diesel,First,11196.02
2020,Toyota,Corolla,2.0,65856,Manual,Electric,Second,15616.81
2018,Toyota,Corolla,2.5,31295,Manual,Petrol,First,11879.69
2018,Toyota,Corolla,3.5,94792,Automatic,Electric,First,16829.36
2024,Toyota,Corolla,2.5,75124,Manual,Diesel,Third,15178.96
2023,Toyota,Corolla,2.0,58129,Automatic,Electric,Second,20055.52
2024,Toyota,Corolla,5.7,126961,Manual,Hybrid,First,24467.45
2021,Toyota,Corolla,1.8,42298,Automatic,Hybrid,Second,16274.54
2021,Toyota,Corolla,1.8,106333,Automatic,Diesel,Second,10678.4
2024,Toyota,Corolla,4.0,25700,Automatic,Electric,First,29320.74
2015,Toyota,Corolla,3.5,113008,Manual,Electric,First,12646.34
2013,Toyota,Corolla,5.7,55638,Automatic,Petrol,Second,10954.9
2021,Toyota,Corolla,2.5,81859,Manual,Hybrid,Second,15206.3
2024,Toyota,Corolla,3.5,122156,Manual,Diesel,Second,15241.99
2024,Toyota,Corolla,3.5,106268,Automatic,Hybrid,Third,16416.9
2018,Toyota,Corolla,1.8,41088,Automatic,Petrol,First,12187.91
2015,Toyota,Corolla,4.0,48445,Manual,Electric,First,16164.93
2021,Toyota,Corolla,2.0,68545,Manual,Diesel,Second,12047.91
2020,Toyota,Corolla,1.8,64813,Automatic,Diesel,Third,11379.21
2013,Toyota,Corolla,2.5,65292,Manual,Electric,First,10175.23
2015,Toyota,Corolla,1.8,3404,Manual,Electric,Second,13204.3
2024,Toyota,Corolla,1.8,63100,Automatic,Petrol,Second,16874.39
2017,Toyota,Corolla,4.0,7809,Manual,Electric,First,20594.44
2017,Toyota,Corolla,5.7,124288,Manual,Petrol,Third,8401.21
2013,Toyota,Corolla,1.8,48543,Manual,Diesel,Third,3642.84
2020,Toyota,Corolla,2.0,117937,Manual,Diesel,Second,9940.02
2013,Toyota,Corolla,5.7,76963,Automatic,Diesel,Second,11098.3
2023,Toyota,Corolla,1.8,91464,Manual,Electric,Third,16219.75
2014,Toyota,Corolla,2.5,56682,Automatic,Diesel,Second,7624.39
2018,Toyota,Corolla,2.0,58393,Manual,Diesel,Third,9512.54
2016,Toyota,Corolla,1.8,56413,Automatic,Hybrid,Third,9138.34
2024,Toyota,Corolla,5.7,73390,Manual,Electric,First,28601.15
2024,Toyota,Corolla,3.5,128911,Automatic,Diesel,Second,18221.29
2017,Toyota,Corolla,2.0,72836,Manual,Electric,Third,10161.3
2021,Toyota,Corolla,2.5,14637,Manual,Hybrid,First,20316.75
2015,Toyota,Corolla,2.5,36434,Automatic,Hybrid,Second,10205.65
2017,Toyota,Corolla,4.0,90505,Manual,Diesel,First,13013.5
2018,Toyota,Corolla,4.0,42749,Automatic,Petrol,First,16937.47
2013,Toyota,Corolla,5.7,94865,Automatic,Electric,First,15136.97
2022,Toyota,Corolla,1.8,25574,Automatic,Diesel,Third,13049.62
2013,Toyota,Corolla,2.0,67291,Automatic,Hybrid,First,8985.86
2015,Toyota,Corolla,4.0,90731,Automatic,Electric,Third,11150.47
2024,Toyota,Corolla,5.7,47247,Manual,Petrol,Second,21012.01
2023,Toyota,Corolla,2.5,8126,Automatic,Electric,Third,21969.76
2014,Toyota,Corolla,2.0,91869,Automatic,Electric,Third,9089.79
2021,Toyota,Corolla,4.0,13267,Manual,Electric,First,23284.86
2016,Toyota,Corolla,1.8,111099,Manual,Electric,First,11362.06
2014,Toyota,Corolla,3.5,121894,Manual,Diesel,Third,4481.0
2015,Toyota,Corolla,2.0,103776,Automatic,Diesel,Second,8231.45
2014,Toyota,Corolla,2.5,78703,Automatic,Petrol,Second,5117.89
2018,Toyota,Corolla,4.0,119421,Manual,Electric,Second,14670.36
2023,Toyota,Corolla,5.7,79125,Automatic,Hybrid,Third,19887.74
2018,Toyota,Corolla,5.7,128808,Manual,Hybrid,Second,14442.71
2015,Toyota,Corolla,5.7,106864,Manual,Electric,Third,9971.05
2024,Toyota,Corolla,4.0,9469,Manual,Diesel,Third,18216.32
2016,Toyota,Corolla,1.8,48587,Automatic,Hybrid,Third,10375.84
2018,Toyota,Corolla,4.0,4917,Automatic,Electric,First,23431.1
2023,Toyota,Corolla,2.5,23128,Manual,Diesel,Second,19277.46
2014,Toyota,Corolla,4.0,8287,Manual,Hybrid,First,15854.11
2017,Toyota,Corolla,1.8,22216,Automatic,Electric,Third,10369.3
2013,Toyota,Corolla,4.0,99573,Manual,Hybrid,Second,7066.31
2017,Toyota,Corolla,2.5,73792,Manual,Hybrid,Third,9422.32
2018,Toyota,Corolla,3.5,8951,Automatic,Hybrid,Third,14138.9
2021,Toyota,Corolla,4.0,124101,Manual,Diesel,Third,12059.3
2023,Toyota,Corolla,5.7,108881,Manual,Hybrid,First,23555.87
2022,Toyota,Corolla,1.8,128329,Manual,Hybrid,Third,12051.0
2018,Toyota,Corolla,1.8,90062,Automatic,Electric,First,16303.52
2021,Toyota,Corolla,1.8,37016,Automatic,Electric,Second,19451.63
2015,Toyota,Corolla,2.5,44157,Manual,Electric,Third,9909.54
2015,Toyota,RAV4,2.0,90487,Manual,Electric,Third,8518.68
2019,Toyota,RAV4,2.5,101723,Automatic,Diesel,First,15924.7
2013,Toyota,RAV4,4.0,67484,Automatic,Electric,First,14005.05
2022,Toyota,RAV4,4.0,115250,Manual,Petrol,Second,13909.61
2018,Toyota,RAV4,4.0,26710,Automatic,Hybrid,First,19628.71
2020,Toyota,RAV4,4.0,129108,Automatic,Hybrid,First,17414.79
2014,Toyota,RAV4,2.5,19478,Automatic,Electric,Second,11943.84
2023,Toyota,RAV4,5.7,17153,Manual,Diesel,Second,20643.11
2020,Toyota,RAV4,2.0,79077,Automatic,Hybrid,Second,14864.86
2021,Toyota,RAV4,1.8,59942,Manual,Hybrid,Third,14995.28
2024,Toyota,RAV4,3.5,40219,Manual,Hybrid,First,24836.41
2022,Toyota,RAV4,1.8,110099,Automatic,Diesel,First,16673.94
2018,Toyota,RAV4,2.5,108500,Manual,Hybrid,First,12768.8
2017,Toyota,RAV4,4.0,104721,Manual,Hybrid,Second,12595.45
2019,Toyota,RAV4,1.8,104376,Automatic,Diesel,Third,9645.96
2021,Toyota,RAV4,4.0,100416,Manual,Hybrid,First,17980.52
2017,Toyota,RAV4,2.0,16224,Automatic,Electric,First,16630.87
2023,Toyota,RAV4,1.8,9783,Automatic,Electric,Third,15888.88
2015,Toyota,RAV4,5.7,114255,Automatic,Electric,Second,13922.36
2022,Toyota,RAV4,3.5,19241,Automatic,Petrol,Third,16266.76
2013,Toyota,RAV4,3.5,22816,Automatic,Hybrid,Second,11129.62
2020,Toyota,RAV4,1.8,23806,Automatic,Hybrid,First,20224.44
2019,Toyota,RAV4,2.5,27442,Manual,Electric,Second,15933.18
2020,Toyota,RAV4,2.5,21449,Automatic,Diesel,Third,12721.3
2014,Toyota,RAV4,2.0,9645,Manual,Petrol,Second,8244.62
2016,Toyota,RAV4,1.8,55487,Automatic,Electric,Third,10712.24
2015,Toyota,RAV4,2.0,102785,Automatic,Diesel,Second,6515.61
2024,Toyota,RAV4,2.0,88382,Automatic,Hybrid,First,21902.09
2021,Toyota,RAV4,2.5,115599,Automatic,Electric,Third,13817.08
2013,Toyota,RAV4,3.5,104358,Manual,Diesel,Third,4915.73
2020,Toyota,RAV4,5.7,78039,Manual,Diesel,Third,13711.45
2019,Toyota,RAV4,2.0,9150,Manual,Electric,First,18382.22
2019,Toyota,RAV4,4.0,56394,Manual,Petrol,Third,9617.05
2014,Toyota,RAV4,1.8,26236,Manual,Electric,Second,11831.19
2014,Toyota,RAV4,2.5,105870,Automatic,Hybrid,First,10481.89
2021,Toyota,RAV4,2.0,65516,Manual,Electric,Second,16056.42
2018,Toyota,RAV4,3.5,32975,Automatic,Diesel,Second,15214.99
2013,Toyota,RAV4,2.0,38954,Automatic,Diesel,First,8053.98
2020,Toyota,RAV4,2.0,109732,Automatic,Electric,First,18224.5
2016,Toyota,RAV4,2.0,109937,Automatic,Petrol,Second,6653.56
2019,Toyota,RAV4,4.0,84994,Manual,Diesel,First,15292.83
2014,Toyota,RAV4,1.8,25180,Automatic,Diesel,Second,9377.12
2024,Toyota,RAV4,4.0,43809,Manual,Petrol,Third,17476.78
2021,Toyota,RAV4,4.0,77182,Manual,Petrol,First,18546.17
2022,Toyota,RAV4,4.0,92563,Manual,Diesel,Second,15647.65
2016,Toyota,RAV4,2.5,81617,Automatic,Petrol,Third,7310.53
2020,Toyota,RAV4,2.5,92599,Manual,Petrol,Third,9880.92
2014,Toyota,RAV4,5.7,97613,Automatic,Hybrid,First,12967.26
2022,Toyota,RAV4,3.5,77478,Manual,Electric,Third,16506.63
2023,Toyota,RAV4,4.0,41890,Manual,Petrol,Second,18114.15
2014,Toyota,RAV4,4.0,103424,Automatic,Hybrid,First,13252.52
2020,Toyota,RAV4,2.0,113616,Automatic,Electric,Third,12265.21
2014,Toyota,RAV4,4.0,89123,Manual,Electric,Second,11796.97
2013,Toyota,RAV4,4.0,24520,Manual,Petrol,Third,6059.61
2013,Toyota,RAV4,3.5,4341,Manual,Hybrid,Third,9530.81
2019,Toyota,RAV4,4.0,70957,Manual,Diesel,First,16418.52
2014,Toyota,RAV4,1.8,123075,Automatic,Electric,Second,8355.89
2022,Toyota,RAV4,1.8,15182,Manual,Petrol,Second,14592.58
2022,Toyota,RAV4,5.7,40198,Automatic,Electric,First,28748.58
2023,Toyota,RAV4,4.0,9737,Automatic,Diesel,Third,17753.74
2015,Toyota,RAV4,2.0,20850,Manual,Electric,First,12679.34
2024,Toyota,RAV4,3.5,60132,Manual,Electric,First,27117.36
2023,Toyota,RAV4,2.0,23662,Automatic,Hybrid,Third,17142.65
2018,Toyota,RAV4,1.8,10564,Manual,Petrol,First,10980.72
2022,Toyota,RAV4,3.5,83765,Manual,Electric,Third,16187.22
2015,Toyota,RAV4,2.5,42974,Manual,Hybrid,First,12649.97
2013,Toyota,RAV4,4.0,76972,Manual,Petrol,Third,4358.58
2019,Toyota,RAV4,3.5,15676,Automatic,Diesel,First,18642.25
2015,Toyota,RAV4,4.0,36933,Manual,Diesel,Second,9451.55
2021,Toyota,RAV4,1.8,93093,Automatic,Petrol,Third,9890.3
2013,Toyota,RAV4,1.8,92431,Manual,Hybrid,Third,4273.64
2020,Toyota,RAV4,5.7,129295,Automatic,Diesel,First,18095.17
2014,Toyota,RAV4,1.8,27262,Manual,Hybrid,Third,8231.21
2018,Toyota,RAV4,4.0,67754,Automatic,Diesel,Second,13496.94
2023,Toyota,RAV4,2.0,118512,Manual,Petrol,First,15463.27
2019,Toyota,RAV4,1.8,49600,Automatic,Hybrid,Second,15453.36
2013,Toyota,RAV4,4.0,45874,Manual,Electric,Second,11461.97
2015,Toyota,RAV4,2.5,64413,Automatic,Hybrid,First,12330.77
2021,Toyota,RAV4,1.8,105979,Manual,Petrol,Second,8757.61
2023,Toyota,RAV4,3.5,100820,Automatic,Electric,First,23666.67
2014,Toyota,Highlander,3.5,97377,Automatic,Electric,First,12489.42
2020,Toyota,Highlander,3.5,36742,Manual,Hybrid,Third,14307.29
2017,Toyota,Highlander,2.0,44873,Manual,Petrol,First,11201.83
2015,Toyota,Highlander,2.0,74719,Automatic,Petrol,First,8203.55
2013,Toyota,Highlander,5.7,89231,Automatic,Hybrid,First,13381.15
2023,Toyota,Highlander,4.0,100624,Automatic,Diesel,Third,15033.06
2023,Toyota,Highlander,5.7,56947,Automatic,Petrol,Third,17611.27
2019,Toyota,Highlander,2.0,108865,Manual,Electric,First,15845.85
2019,Toyota,Highlander,2.0,21787,Manual,Diesel,First,14625.38
2023,Toyota,Highlander,1.8,37832,Manual,Electric,Second,19490.79
2024,Toyota,Highlander,4.0,4007,Manual,Electric,Second,24471.98
2014,Toyota,Highlander,3.5,101875,Automatic,Diesel,First,8778.08
2018,Toyota,Highlander,3.5,75595,Manual,Hybrid,Second,13992.98
2018,Toyota,Highlander,1.8,125901,Manual,Hybrid,Third,8874.06
2014,Toyota,Highlander,2.0,26821,Manual,Electric,First,14145.52
2016,Toyota,Highlander,4.0,30083,Automatic,Petrol,Third,9570.12
2013,Toyota,Highlander,5.7,34598,Automatic,Hybrid,Third,11278.68
2016,Toyota,Highlander,1.8,92186,Automatic,Petrol,Third,4969.0
2019,Toyota,Highlander,4.0,78932,Automatic,Hybrid,Second,15535.22
2023,Toyota,Highlander,2.5,55930,Automatic,Diesel,First,21410.83
2017,Toyota,Highlander,4.0,31602,Manual,Diesel,Third,11547.56
2014,Toyota,Highlander,4.0,51290,Manual,Petrol,First,9162.49
2020,Toyota,Highlander,3.5,29385,Automatic,Hybrid,Third,15813.36
2023,Toyota,Highlander,5.7,88553,Manual,Electric,Third,19669.55
2024,Toyota,Highlander,4.0,8655,Manual,Diesel,Third,17605.27
2019,Toyota,Highlander,1.8,31541,Manual,Hybrid,First,14931.21
2018,Toyota,Highlander,1.8,124787,Automatic,Diesel,Second,9852.91
2020,Toyota,Highlander,2.5,32759,Automatic,Petrol,First,15353.63
2014,Toyota,Highlander,5.7,33015,Manual,Diesel,Third,8387.66
2021,Toyota,Highlander,1.8,54195,Manual,Petrol,Third,11305.96
2018,Toyota,Highlander,2.5,49167,Automatic,Petrol,First,13432.3
2018,Toyota,Highlander,5.7,99347,Manual,Petrol,Second,12806.55
2020,Toyota,Highlander,2.0,66483,Automatic,Diesel,First,15578.22
2013,Toyota,Highlander,4.0,115755,Manual,Diesel,Third,4073.27
2014,Toyota,Highlander,5.7,26398,Manual,Diesel,Second,11295.91
2019,Toyota,Highlander,3.5,65768,Manual,Electric,First,19834.6
2015,Toyota,Highlander,2.5,4925,Automatic,Diesel,First,12766.67
2014,Toyota,Highlander,3.5,123071,Manual,Diesel,Second,5135.84
2016,Toyota,Highlander,5.7,64550,Automatic,Electric,Third,15265.63
2018,Toyota,Highlander,2.0,84941,Manual,Electric,Third,12609.39
2021,Toyota,Highlander,3.5,98081,Manual,Electric,Second,16536.33
2019,Toyota,Highlander,4.0,73326,Manual,Electric,Second,16325.55
2018,Toyota,Highlander,2.0,19082,Manual,Petrol,First,11917.68
2015,Toyota,Highlander,2.5,48500,Automatic,Diesel,Third,7886.21
2013,Toyota,Highlander,3.5,129768,Manual,Petrol,Third,4041.61
2017,Toyota,Highlander,3.5,128659,Manual,Diesel,Second,8493.82
2013,Toyota,Highlander,2.5,7703,Automatic,Hybrid,Second,10174.75
2014,Toyota,Highlander,2.0,79707,Manual,Electric,Second,10282.71
2015,Toyota,Highlander,2.5,48241,Manual,Petrol,Third,7434.75
2013,Toyota,Highlander,2.5,22975,Manual,Hybrid,Second,9717.43
2019,Toyota,Highlander,2.0,110435,Manual,Diesel,Second,9881.63
2021,Toyota,Highlander,5.7,53677,Manual,Petrol,Third,14586.16
2020,Toyota,Highlander,1.8,104459,Manual,Electric,Second,12816.83
2024,Toyota,Highlander,2.0,67674,Automatic,Petrol,Third,15216.74
2013,Toyota,Highlander,3.5,64367,Manual,Petrol,Third,3506.72
2015,Toyota,Highlander,5.7,85189,Manual,Diesel,First,12557.28
2022,Toyota,Highlander,3.5,114453,Automatic,Petrol,First,18235.91
2013,Toyota,Highlander,1.8,85495,Manual,Hybrid,First,5167.4
2023,Toyota,Highlander,4.0,54886,Automatic,Hybrid,First,25681.05
2020,Toyota,Highlander,3.5,86310,Automatic,Diesel,Third,13298.74
2016,Toyota,Highlander,2.0,128261,Manual,Petrol,Third,3054.88
2017,Toyota,Highlander,4.0,106482,Automatic,Petrol,First,12987.04
2015,Toyota,Highlander,5.7,28611,Manual,Hybrid,First,18840.06
2014,Toyota,Highlander,1.8,92393,Automatic,Petrol,Third,4059.26
2020,Toyota,Highlander,2.5,71785,Automatic,Hybrid,Second,16585.17
2022,Toyota,Highlander,3.5,7470,Manual,Diesel,First,20495.28
2013,Toyota,Highlander,4.0,108823,Manual,Petrol,Third,4659.19
2019,Toyota,Highlander,2.0,128354,Manual,Diesel,Second,8155.52
2014,Toyota,Highlander,1.8,27089,Manual,Electric,First,13011.41
2015,Toyota,Highlander,5.7,22508,Manual,Petrol,First,15378.01
2022,Toyota,Highlander,5.7,39059,Manual,Diesel,Second,20669.72
2021,Toyota,Highlander,4.0,30208,Automatic,Petrol,Third,14409.92
2021,Toyota,Highlander,2.5,28923,Manual,Petrol,Second,15361.64
2018,Toyota,Highlander,2.0,76297,Automatic,Petrol,Third,7454.6
2015,Toyota,Highlander,4.0,106754,Automatic,Hybrid,Second,10800.6
2013,Toyota,Highlander,3.5,129969,Automatic,Electric,First,10705.26
2015,Toyota,Highlander,3.5,34324,Automatic,Petrol,First,10100.93
2018,Toyota,Highlander,2.0,112834,Automatic,Hybrid,Second,13004.11
2022,Toyota,Highlander,2.0,104293,Automatic,Electric,First,20861.51
2018,Toyota,Highlander,3.5,34348,Automatic,Diesel,First,17829.59
2024,Toyota,Prius,4.0,84889,Manual,Petrol,Third,16930.95
2019,Toyota,Prius,5.7,84709,Manual,Hybrid,Third,14953.02
2023,Toyota,Prius,4.0,27596,Automatic,Electric,Third,20374.41
2015,Toyota,Prius,3.5,81612,Automatic,Diesel,Third,8366.82
2014,Toyota,Prius,5.7,9012,Manual,Hybrid,First,15699.79
2024,Toyota,Prius,2.5,124999,Manual,Hybrid,Second,15794.3
2014,Toyota,Prius,2.0,47976,Automatic,Hybrid,Second,9212.97
2024,Toyota,Prius,2.0,32734,Automatic,Electric,Third,18713.96
2020,Toyota,Prius,1.8,93025,Automatic,Diesel,Second,12474.67
2020,Toyota,Prius,4.0,16673,Automatic,Electric,First,26020.81
2019,Toyota,Prius,5.7,26669,Automatic,Diesel,First,22204.6
2020,Toyota,Prius,2.0,107056,Automatic,Diesel,First,15222.37
2022,Toyota,Prius,2.5,37084,Manual,Diesel,Third,13889.58
2021,Toyota,Prius,2.0,106314,Manual,Diesel,First,14770.48
2019,Toyota,Prius,2.0,67174,Automatic,Electric,Second,17957.33
2018,Toyota,Prius,4.0,19014,Automatic,Hybrid,Third,12826.23
2023,Toyota,Prius,2.0,77696,Manual,Petrol,First,17232.44
2014,Toyota,Prius,2.5,127457,Manual,Petrol,Third,2000.0
2021,Toyota,Prius,1.8,58754,Automatic,Hybrid,Second,16481.78
2022,Toyota,Prius,4.0,57253,Manual,Hybrid,First,21709.15
2013,Toyota,Prius,3.5,17210,Automatic,Hybrid,First,12617.25
2016,Toyota,Prius,4.0,75240,Manual,Diesel,First,10808.85
2024,Toyota,Prius,2.5,7255,Automatic,Hybrid,Second,23586.5
2024,Toyota,Prius,4.0,48113,Automatic,Diesel,Second,21672.68
2014,Toyota,Prius,3.5,22201,Manual,Petrol,Third,6794.16
2020,Toyota,Prius,5.7,47843,Manual,Hybrid,First,24150.43
2021,Toyota,Prius,2.0,120181,Manual,Petrol,Third,8275.21
2024,Toyota,Prius,3.5,13754,Manual,Diesel,First,24812.32
2019,Toyota,Prius,3.5,58922,Manual,Diesel,First,16371.91
2013,Toyota,Prius,1.8,85205,Automatic,Hybrid,Second,7429.72
2018,Toyota,Prius,2.0,94878,Manual,Petrol,First,10098.24
2014,Toyota,Prius,4.0,121413,Manual,Petrol,Third,5235.46
2014,Toyota,Prius,4.0,127481,Automatic,Petrol,Second,6709.11
2023,Toyota,Prius,2.5,41067,Manual,Electric,Second,20907.5
2016,Toyota,Prius,2.0,105710,Manual,Electric,Second,10164.04
2017,Toyota,Prius,3.5,64929,Manual,Electric,First,16831.44
2022,Toyota,Prius,5.7,28169,Automatic,Electric,Second,25504.35
2016,Toyota,Prius,5.7,76800,Automatic,Petrol,Third,11266.19
2014,Toyota,Prius,2.5,23609,Automatic,Diesel,Second,9145.28
2021,Toyota,Prius,2.0,77520,Automatic,Diesel,First,16772.65
2016,Toyota,Prius,5.7,34552,Manual,Hybrid,Second,14910.1
2015,Toyota,Prius,1.8,26429,Automatic,Petrol,First,10641.44
2014,Toyota,Prius,4.0,108441,Manual,Petrol,Third,5135.88
2024,Toyota,Prius,4.0,77270,Manual,Hybrid,Second,20799.54
2024,Toyota,Prius,5.7,120407,Automatic,Electric,Second,22507.87
2015,Toyota,Prius,4.0,45913,Manual,Petrol,Second,10330.75
2023,Toyota,Prius,2.0,49332,Automatic,Hybrid,Third,15479.98
2024,Toyota,Prius,1.8,100539,Manual,Electric,First,21406.22
2017,Toyota,Prius,3.5,44779,Automatic,Hybrid,Second,13628.44
2016,Toyota,Prius,5.7,102071,Automatic,Electric,Third,13410.69
2023,Toyota,Prius,3.5,30605,Manual,Electric,First,26142.19
2019,Toyota,Prius,2.0,66037,Automatic,Petrol,Second,11433.11
2018,Toyota,Prius,4.0,26177,Automatic,Diesel,Third,11503.44
2022,Toyota,Prius,2.0,116132,Automatic,Petrol,Second,13964.17
2017,Toyota,Prius,4.0,3671,Manual,Petrol,Third,11558.38
2017,Toyota,Prius,3.5,123575,Automatic,Petrol,Second,8161.71
2016,Toyota,Prius,2.0,40487,Manual,Diesel,Third,6181.66
2018,Toyota,Prius,2.0,58316,Manual,Petrol,First,9655.15
2021,Toyota,Prius,1.8,6191,Automatic,Petrol,First,18465.02
2024,Toyota,Prius,4.0,125139,Automatic,Electric,Second,21520.22
2020,Toyota,Prius,2.5,91789,Manual,Petrol,Third,9276.27
2015,Toyota,Prius,4.0,33111,Manual,Petrol,Third,9040.14
2017,Toyota,Prius,4.0,120959,Automatic,Electric,Third,13109.74
2015,Toyota,Prius,1.8,86588,Manual,Petrol,Second,5529.84
2016,Toyota,Prius,2.5,73067,Automatic,Electric,Third,10428.27
2022,Toyota,Prius,4.0,110268,Manual,Diesel,Second,16433.97
2018,Toyota,Prius,3.5,26888,Automatic,Hybrid,First,18924.28
2021,Toyota,Prius,2.0,64558,Manual,Electric,Second,16586.37
2022,Toyota,Prius,4.0,88667,Manual,Electric,Second,20803.38
2024,Toyota,Prius,2.0,60866,Manual,Electric,First,25184.7
2020,Toyota,Prius,2.0,29806,Automatic,Petrol,Third,9763.71
2014,Toyota,Prius,5.7,80811,Manual,Hybrid,First,14594.4
2024,Toyota,Prius,2.5,101989,Automatic,Hybrid,First,22944.87
2019,Toyota,Prius,1.8,40643,Automatic,Electric,Second,15858.37
2017,Toyota,Prius,4.0,108469,Automatic,Diesel,Second,12139.79
2024,Toyota,Prius,2.5,97463,Manual,Diesel,Third,14234.07
2021,Toyota,Prius,5.7,26387,Automatic,Petrol,Second,20022.58
2016,Toyota,Prius,2.5,51689,Automatic,Electric,Third,10979.66
2019,Toyota,Prius,3.5,60804,Manual,Electric,First,19734.52
2018,Toyota,Prius,2.5,84942,Automatic,Diesel,Third,11911.99
2024,Toyota,Sienna,1.8,59447,Automatic,Electric,Second,22292.93
2024,Toyota,Sienna,4.0,52666,Automatic,Hybrid,Third,19225.54
2022,Toyota,Sienna,2.0,113058,Automatic,Diesel,First,17105.53
2023,Toyota,Sienna,2.0,34656,Manual,Petrol,First,19655.61
2016,Toyota,Sienna,3.5,50701,Manual,Diesel,Second,9015.8
2015,Toyota,Sienna,5.7,15087,Automatic,Petrol,Second,12694.86
2016,Toyota,Sienna,4.0,106555,Manual,Diesel,Second,7530.17
2017,Toyota,Sienna,5.7,5023,Automatic,Petrol,Second,17486.19
2018,Toyota,Sienna,5.7,107195,Manual,Petrol,First,14865.2
2016,Toyota,Sienna,4.0,97733,Automatic,Hybrid,First,13758.49
2022,Toyota,Sienna,3.5,96059,Manual,Diesel,Second,16650.0
2024,Toyota,Sienna,3.5,112458,Automatic,Electric,Second,22870.14
2015,Toyota,Sienna,5.7,52815,Automatic,Hybrid,Second,15031.2
2016,Toyota,Sienna,5.7,31854,Automatic,Electric,First,22871.74
2014,Toyota,Sienna,3.5,53288,Automatic,Hybrid,Third,10069.1
2018,Toyota,Sienna,4.0,80984,Automatic,Diesel,Third,12098.46
2023,Toyota,Sienna,5.7,33254,Manual,Hybrid,Third,19684.49
2022,Toyota,Sienna,2.0,49850,Automatic,Electric,First,21746.98
2018,Toyota,Sienna,4.0,38525,Automatic,Electric,First,21028.72
2017,Toyota,Sienna,4.0,10999,Automatic,Hybrid,First,19715.91
2017,Toyota,Sienna,2.0,28279,Automatic,Hybrid,Second,12778.43
2019,Toyota,Sienna,2.0,120666,Automatic,Hybrid,First,14501.01
2016,Toyota,Sienna,5.7,128736,Manual,Diesel,First,13010.03
2016,Toyota,Sienna,4.0,83797,Manual,Hybrid,Second,12637.14
2018,Toyota,Sienna,3.5,106302,Automatic,Electric,Second,14490.98
2018,Toyota,Sienna,2.0,10896,Automatic,Diesel,First,14673.61
2016,Toyota,Sienna,2.5,5643,Manual,Diesel,Third,9051.36
2013,Toyota,Sienna,2.5,100798,Manual,Electric,Third,5359.89
2014,Toyota,Sienna,2.5,69707,Manual,Electric,Third,9224.25
2020,Toyota,Sienna,5.7,73968,Automatic,Diesel,First,20712.06
2014,Toyota,Sienna,4.0,121358,Manual,Petrol,First,6965.47
2024,Toyota,Sienna,1.8,9588,Automatic,Petrol,Second,18511.93
2017,Toyota,Sienna,3.5,94006,Manual,Petrol,Third,8105.23
2020,Toyota,Sienna,4.0,101876,Manual,Hybrid,Second,16925.46
2023,Toyota,Sienna,1.8,58718,Manual,Petrol,First,15887.19
2014,Toyota,Sienna,1.8,50945,Automatic,Petrol,Second,6924.27
2018,Toyota,Sienna,1.8,71673,Manual,Diesel,Third,8673.86
2020,Toyota,Sienna,5.7,33651,Automatic,Diesel,Third,18169.8
2015,Toyota,Sienna,1.8,40823,Manual,Electric,First,12292.61
2016,Toyota,Sienna,5.7,8774,Manual,Hybrid,First,18261.04
2018,Toyota,Sienna,3.5,17939,Manual,Electric,First,20258.16
2022,Toyota,Sienna,1.8,32118,Manual,Petrol,Second,14332.26
2015,Toyota,Sienna,3.5,26648,Manual,Hybrid,Third,10236.62
2021,Toyota,Sienna,2.5,82025,Automatic,Electric,First,20512.39
2015,Toyota,Sienna,2.5,5551,Manual,Diesel,First,12873.93
2019,Toyota,Sienna,1.8,24038,Automatic,Hybrid,Second,16219.75
2020,Toyota,Sienna,2.0,116193,Manual,Hybrid,Second,11586.24
2015,Toyota,Sienna,4.0,68794,Automatic,Diesel,Third,9860.9
2020,Toyota,Sienna,5.7,112472,Manual,Petrol,Third,11388.4
2016,Toyota,Sienna,5.7,14205,Manual,Diesel,Third,12550.54
2021,Toyota,Sienna,3.5,66370,Manual,Electric,First,22053.75
2017,Toyota,Sienna,5.7,122052,Manual,Hybrid,Second,13430.21
2022,Toyota,Sienna,2.5,11438,Manual,Electric,First,24841.13
2021,Toyota,Sienna,3.5,27217,Manual,Diesel,First,21711.93
2015,Toyota,Sienna,4.0,80275,Automatic,Petrol,Second,10933.74
2024,Toyota,Sienna,1.8,33090,Manual,Electric,First,24692.11
2017,Toyota,Sienna,2.0,49037,Automatic,Hybrid,Second,13001.98
2020,Toyota,Sienna,2.0,93301,Automatic,Petrol,Third,9128.24
2016,Toyota,Sienna,2.0,48096,Automatic,Electric,Second,13858.97
2018,Toyota,Sienna,1.8,75516,Manual,Electric,Second,13982.81
2023,Toyota,Sienna,2.5,81112,Manual,Petrol,Second,15733.9
2024,Toyota,Sienna,5.7,107648,Manual,Hybrid,First,24234.84
2020,Toyota,Sienna,2.5,124347,Manual,Petrol,Third,7549.71
2015,Toyota,Sienna,1.8,96812,Automatic,Diesel,Second,6179.42
2016,Toyota,Sienna,3.5,26952,Automatic,Petrol,Third,10559.51
2023,Toyota,Sienna,2.5,121362,Manual,Hybrid,Second,16151.75
2018,Toyota,Sienna,5.7,5659,Automatic,Hybrid,Second,20001.74
2023,Toyota,Sienna,3.5,111400,Automatic,Hybrid,Second,18671.8
2022,Toyota,Sienna,5.7,37518,Manual,Hybrid,First,25991.08
2022,Toyota,Sienna,2.5,27264,Manual,Hybrid,First,20905.85
2019,Toyota,Sienna,5.7,75766,Automatic,Electric,Third,19057.51
2016,Toyota,Sienna,5.7,127023,Manual,Petrol,First,11867.91
2016,Toyota,Sienna,1.8,52437,Automatic,Hybrid,First,11325.84
2023,Toyota,Sienna,4.0,119450,Automatic,Electric,Second,20526.06
2021,Toyota,Sienna,3.5,35762,Manual,Hybrid,Second,18738.87
2021,Toyota,Sienna,4.0,77813,Automatic,Hybrid,Second,19905.91
2024,Toyota,Sienna,2.5,69314,Manual,Diesel,Second,18655.44
2016,Toyota,Sienna,4.0,45946,Manual,Petrol,First,12855.54
2021,Toyota,Sienna,4.0,99136,Manual,Electric,First,20246.18
2015,Toyota,Sienna,2.0,91668,Manual,Hybrid,First,8894.34
2015,Toyota,4Runner,5.7,99019,Automatic,Petrol,Third,9247.34
2024,Toyota,4Runner,3.5,90445,Manual,Petrol,Third,12693.41
2018,Toyota,4Runner,3.5,3193,Manual,Diesel,Third,11964.08
2019,Toyota,4Runner,5.7,43197,Manual,Petrol,Second,17269.35
2013,Toyota,4Runner,4.0,89795,Manual,Diesel,Third,5048.33
2013,Toyota,4Runner,1.8,78868,Automatic,Petrol,Third,3110.22
2020,Toyota,4Runner,5.7,8410,Manual,Petrol,First,20989.16
2013,Toyota,4Runner,5.7,20543,Automatic,Hybrid,First,16374.46
2022,Toyota,4Runner,4.0,6828,Automatic,Hybrid,Second,21393.24
2021,Toyota,4Runner,1.8,8463,Automatic,Petrol,First,17977.82
2013,Toyota,4Runner,4.0,38634,Automatic,Electric,Third,10851.44
2023,Toyota,4Runner,5.7,84554,Automatic,Petrol,Third,17822.18
2013,Toyota,4Runner,3.5,11210,Manual,Hybrid,First,12636.42
2013,Toyota,4Runner,4.0,67089,Automatic,Hybrid,Second,11541.17
2017,Toyota,4Runner,1.8,81682,Manual,Electric,Second,13021.81
2014,Toyota,4Runner,3.5,85909,Automatic,Electric,Second,12463.75
2017,Toyota,4Runner,2.5,37542,Manual,Hybrid,First,14889.05
2021,Toyota,4Runner,2.0,54649,Automatic,Electric,First,21382.56
2022,Toyota,4Runner,5.7,81033,Automatic,Diesel,First,24146.5
2016,Toyota,4Runner,5.7,63058,Automatic,Diesel,First,16706.09
2018,Toyota,4Runner,2.5,9031,Manual,Hybrid,Second,14274.54
2015,Toyota,4Runner,2.5,37624,Automatic,Petrol,Third,7304.32
2022,Toyota,4Runner,4.0,77964,Manual,Petrol,Third,14359.37
2021,Toyota,4Runner,5.7,103123,Automatic,Diesel,Third,14444.9
2014,Toyota,4Runner,3.5,103962,Automatic,Electric,First,13892.04
2024,Toyota,4Runner,3.5,45849,Manual,Electric,Third,18415.99
2024,Toyota,4Runner,3.5,42758,Automatic,Electric,Third,20902.71
2022,Toyota,4Runner,2.5,69677,Manual,Hybrid,First,17869.24
2020,Toyota,4Runner,2.0,91503,Manual,Petrol,Third,7987.95
2022,Toyota,4Runner,3.5,20297,Manual,Electric,Third,17553.91
2023,Toyota,4Runner,5.7,50498,Automatic,Petrol,Second,21151.01
2016,Toyota,4Runner,3.5,117149,Automatic,Electric,First,16061.06
2014,Toyota,4Runner,4.0,10069,Manual,Hybrid,Third,9074.74
2022,Toyota,4Runner,2.5,10597,Manual,Electric,Third,17228.31
2022,Toyota,4Runner,2.5,29417,Manual,Electric,First,21429.92
2017,Toyota,4Runner,2.0,87092,Automatic,Diesel,First,10876.83
2015,Toyota,4Runner,5.7,33403,Manual,Hybrid,First,16777.31
2018,Toyota,4Runner,3.5,30716,Automatic,Petrol,First,16364.31
2014,Toyota,4Runner,4.0,89836,Automatic,Electric,Third,11256.73
2015,Toyota,4Runner,2.0,3340,Manual,Electric,First,14105.71
2024,Toyota,4Runner,2.5,3358,Manual,Electric,First,25650.21
2015,Toyota,4Runner,4.0,61478,Manual,Electric,Third,11159.96
2013,Toyota,4Runner,2.5,23219,Manual,Hybrid,Second,10231.68
2017,Toyota,4Runner,4.0,21951,Manual,Petrol,First,15316.58
2017,Toyota,4Runner,3.5,95021,Automatic,Electric,Third,12561.36
2024,Toyota,4Runner,5.7,31308,Manual,Electric,Third,22235.25
2024,Toyota,4Runner,4.0,94088,Manual,Hybrid,First,23124.32
2024,Toyota,4Runner,3.5,59115,Manual,Diesel,Third,14702.16
2019,Toyota,4Runner,2.0,106651,Manual,Electric,First,13800.57
2023,Toyota,4Runner,2.5,15991,Automatic,Electric,Second,24140.56
2013,Toyota,4Runner,2.5,58220,Manual,Electric,Second,10876.34
2016,Toyota,4Runner,4.0,56410,Manual,Electric,First,15611.91
2020,Toyota,4Runner,3.5,108388,Automatic,Petrol,First,14453.58
2018,Toyota,4Runner,2.5,71026,Automatic,Petrol,Third,8536.27
2019,Toyota,4Runner,2.0,30103,Manual,Petrol,Second,12328.26
2022,Toyota,4Runner,5.7,3276,Manual,Hybrid,Second,23855.16
2021,Toyota,4Runner,2.5,52847,Manual,Petrol,Second,14335.51
2019,Toyota,4Runner,5.7,13886,Automatic,Petrol,First,21656.34
2017,Toyota,4Runner,1.8,128838,Automatic,Petrol,First,8646.53
2013,Toyota,4Runner,3.5,97754,Manual,Electric,Third,7982.85
2021,Toyota,4Runner,2.0,57189,Manual,Hybrid,Second,17141.07
2014,Toyota,4Runner,4.0,31220,Automatic,Electric,Second,14859.66
2014,Toyota,4Runner,1.8,62766,Manual,Diesel,Second,4154.15
2024,Toyota,4Runner,2.0,128222,Automatic,Hybrid,Third,13980.75
2020,Toyota,4Runner,5.7,106990,Automatic,Diesel,First,20765.67
2013,Toyota,4Runner,1.8,25173,Automatic,Petrol,First,7584.94
2015,Toyota,4Runner,4.0,64202,Automatic,Petrol,Second,10391.38
2022,Toyota,4Runner,2.0,92571,Manual,Diesel,Second,12646.14
2014,Toyota,4Runner,3.5,19237,Manual,Petrol,Third,8068.16
2023,Toyota,4Runner,2.0,77763,Automatic,Electric,Second,22143.75
2014,Toyota,4Runner,2.0,76463,Manual,Electric,Third,6854.65
2021,Toyota,4Runner,1.8,92081,Automatic,Diesel,Second,11991.71
2018,Toyota,4Runner,5.7,25736,Automatic,Hybrid,Second,17225.4
2024,Toyota,4Runner,1.8,58103,Automatic,Hybrid,Third,16084.49
2021,Toyota,4Runner,1.8,74274,Automatic,Petrol,Third,11310.19
2014,Toyota,4Runner,2.5,46148,Automatic,Petrol,Second,8437.41
2020,Toyota,4Runner,3.5,112988,Automatic,Diesel,Third,9462.21
2023,Toyota,4Runner,1.8,26478,Manual,Electric,Third,16713.38
2017,Toyota,4Runner,4.0,101538,Automatic,Petrol,First,12026.03
2016,Toyota,4Runner,1.8,78357,Automatic,Petrol,Third,6115.34
2015,Toyota,Tacoma,3.5,69852,Manual,Petrol,First,6933.23
2021,Toyota,Tacoma,2.5,121062,Manual,Diesel,Second,11981.24
2015,Toyota,Tacoma,3.5,57120,Manual,Electric,First,14823.13
2016,Toyota,Tacoma,2.0,84423,Automatic,Petrol,Second,6493.13
2023,Toyota,Tacoma,5.7,37773,Automatic,Hybrid,First,28884.68
2016,Toyota,Tacoma,2.0,26554,Manual,Diesel,First,10709.87
2024,Toyota,Tacoma,5.7,119149,Automatic,Hybrid,First,25493.41
2021,Toyota,Tacoma,1.8,7213,Manual,Diesel,First,16360.2
2024,Toyota,Tacoma,4.0,113153,Manual,Petrol,First,19632.72
2015,Toyota,Tacoma,1.8,109882,Automatic,Diesel,First,7538.82
2024,Toyota,Tacoma,5.7,57131,Manual,Petrol,Third,18741.32
2019,Toyota,Tacoma,3.5,46791,Automatic,Petrol,Second,13595.79
2024,Toyota,Tacoma,2.5,35245,Automatic,Diesel,Third,15072.71
2017,Toyota,Tacoma,5.7,96574,Manual,Hybrid,First,15648.84
2021,Toyota,Tacoma,1.8,58350,Manual,Electric,First,20475.8
2019,Toyota,Tacoma,3.5,67110,Automatic,Petrol,Third,10134.93
2020,Toyota,Tacoma,1.8,30606,Automatic,Hybrid,First,17494.95
2015,Toyota,Tacoma,4.0,109984,Automatic,Diesel,Second,8400.9
2024,Toyota,Tacoma,4.0,36870,Manual,Electric,Second,23532.88
2019,Toyota,Tacoma,4.0,29423,Manual,Hybrid,Second,16617.5
2023,Toyota,Tacoma,3.5,52429,Automatic,Petrol,Third,16094.35
2021,Toyota,Tacoma,2.0,116688,Manual,Electric,First,18855.56
2015,Toyota,Tacoma,2.5,109956,Automatic,Hybrid,Third,7963.01
2013,Toyota,Tacoma,1.8,35430,Manual,Diesel,Second,4530.83
2024,Toyota,Tacoma,1.8,21990,Automatic,Petrol,Second,17142.17
2014,Toyota,Tacoma,5.7,119634,Manual,Electric,First,14024.4
2022,Toyota,Tacoma,4.0,30076,Manual,Diesel,Second,17923.06
2022,Toyota,Tacoma,5.7,70468,Automatic,Diesel,Third,18307.69
2018,Toyota,Tacoma,4.0,46527,Manual,Petrol,Third,9742.0
2023,Toyota,Tacoma,4.0,50153,Automatic,Electric,Second,23511.34
2021,Toyota,Tacoma,3.5,62234,Manual,Hybrid,Third,14429.23
2023,Toyota,Tacoma,4.0,66064,Manual,Electric,Third,18368.82
2019,Toyota,Tacoma,5.7,126765,Manual,Diesel,Second,14246.33
2023,Toyota,Tacoma,4.0,31001,Automatic,Electric,Third,19636.94
2017,Toyota,Tacoma,2.0,53081,Automatic,Hybrid,First,14923.65
2016,Toyota,Tacoma,5.7,91896,Automatic,Electric,First,19770.05
2023,Toyota,Tacoma,3.5,96783,Manual,Diesel,First,18836.93
2022,Toyota,Tacoma,3.5,21020,Manual,Hybrid,Second,19455.18
2023,Toyota,Tacoma,4.0,21601,Manual,Hybrid,Second,22393.45
2018,Toyota,Tacoma,4.0,84050,Automatic,Petrol,Third,10555.65
2024,Toyota,Tacoma,4.0,69732,Manual,Hybrid,First,24204.24
2021,Toyota,Tacoma,4.0,56574,Automatic,Electric,First,25010.57
2015,Toyota,Tacoma,2.5,6696,Automatic,Electric,Second,15218.6
2016,Toyota,Tacoma,4.0,78731,Automatic,Electric,Second,14147.11
2016,Toyota,Tacoma,1.8,54313,Automatic,Diesel,Second,7931.71
2021,Toyota,Tacoma,4.0,37681,Automatic,Petrol,Second,17210.16
2014,Toyota,Tacoma,4.0,29536,Automatic,Hybrid,First,15161.18
2017,Toyota,Tacoma,2.5,62979,Manual,Electric,Third,12627.65
2024,Toyota,Tacoma,2.0,48607,Automatic,Petrol,Second,17357.57
2014,Toyota,Tacoma,3.5,104484,Automatic,Hybrid,First,12330.68
2015,Toyota,Tacoma,5.7,63315,Manual,Petrol,Third,6783.94
2020,Toyota,Tacoma,2.5,48095,Automatic,Petrol,Second,14022.32
2020,Toyota,Tacoma,2.0,87995,Automatic,Diesel,First,14396.16
2016,Toyota,Tacoma,4.0,19964,Automatic,Diesel,First,15577.51
2021,Toyota,Tacoma,1.8,35252,Automatic,Hybrid,Second,18238.58
2020,Toyota,Tacoma,5.7,88076,Automatic,Hybrid,Third,15430.76
2015,Toyota,Tacoma,5.7,25318,Manual,Hybrid,Second,15348.43
2021,Toyota,Tacoma,4.0,25412,Automatic,Diesel,Second,19652.04
2017,Toyota,Tacoma,1.8,28711,Automatic,Electric,Second,14324.08
2018,Toyota,Tacoma,3.5,113118,Manual,Hybrid,Second,11298.84
2017,Toyota,Tacoma,5.7,5708,Manual,Petrol,Third,13948.84
2023,Toyota,Tacoma,2.0,100022,Manual,Petrol,First,15285.02
2023,Toyota,Tacoma,2.0,112269,Automatic,Petrol,Third,12932.81
2018,Toyota,Tacoma,1.8,106614,Automatic,Electric,First,16098.47
2021,Toyota,Tacoma,2.0,23583,Automatic,Hybrid,Third,15693.68
2019,Toyota,Tacoma,2.0,35934,Automatic,Diesel,First,15695.85
2013,Toyota,Tacoma,2.0,16050,Automatic,Petrol,First,6828.8
2016,Toyota,Tacoma,4.0,4538,Automatic,Electric,First,19138.49
2024,Toyota,Tacoma,4.0,37998,Manual,Petrol,First,21497.55
2016,Toyota,Tacoma,2.0,44328,Automatic,Electric,Third,10917.36
2020,Toyota,Tacoma,5.7,112369,Automatic,Diesel,Second,15221.87
2023,Toyota,Tacoma,4.0,88842,Manual,Petrol,First,18864.99
2013,Toyota,Tacoma,2.5,21624,Automatic,Electric,Second,11874.77
2021,Toyota,Tacoma,3.5,124950,Manual,Hybrid,Third,12307.18
2014,Toyota,Tacoma,5.7,20266,Automatic,Petrol,Third,10923.85
2014,Toyota,Tacoma,2.5,14442,Manual,Hybrid,First,11407.45
2013,Toyota,Tacoma,3.5,22581,Automatic,Electric,First,16111.56
2013,Toyota,Tacoma,4.0,13808,Manual,Diesel,First,9224.09
2018,Toyota,Tacoma,2.5,88024,Manual,Diesel,First,10664.17
2014,Toyota,Tacoma,5.7,87526,Automatic,Hybrid,First,16061.19
2016,Toyota,Sequoia,5.7,120126,Automatic,Electric,Second,16044.55
2020,Toyota,Sequoia,3.5,92116,Manual,Diesel,Third,11773.54
2022,Toyota,Sequoia,1.8,97776,Manual,Diesel,Second,11783.13
2018,Toyota,Sequoia,2.0,98556,Manual,Diesel,First,10567.49
2017,Toyota,Sequoia,2.0,113041,Manual,Petrol,First,6660.93
2023,Toyota,Sequoia,2.5,48833,Manual,Petrol,Third,11851.29
2014,Toyota,Sequoia,3.5,68303,Manual,Diesel,Second,7837.32
2023,Toyota,Sequoia,4.0,70054,Manual,Hybrid,Third,15555.2
2021,Toyota,Sequoia,5.7,119883,Manual,Electric,Third,15372.15
2014,Toyota,Sequoia,5.7,84730,Manual,Electric,Third,11950.54
2022,Toyota,Sequoia,1.8,114072,Manual,Hybrid,Second,13114.26
2024,Toyota,Sequoia,2.0,32084,Manual,Petrol,Third,13370.23
2022,Toyota,Sequoia,1.8,58561,Automatic,Electric,Third,16579.37
2023,Toyota,Sequoia,5.7,96027,Manual,Diesel,First,22755.45
2024,Toyota,Sequoia,1.8,63272,Automatic,Hybrid,Third,16027.36
2013,Toyota,Sequoia,2.0,80219,Automatic,Petrol,Second,3155.35
2022,Toyota,Sequoia,5.7,76903,Manual,Petrol,Second,17789.6
2015,Toyota,Sequoia,3.5,10674,Automatic,Electric,First,17826.12
2024,Toyota,Sequoia,3.5,72212,Automatic,Petrol,Third,15754.52
2013,Toyota,Sequoia,2.5,103728,Automatic,Diesel,Second,5226.67
2016,Toyota,Sequoia,4.0,96863,Automatic,Petrol,First,11868.74
2013,Toyota,Sequoia,1.8,24869,Automatic,Electric,Second,11004.6
2020,Toyota,Sequoia,2.5,76788,Manual,Electric,Second,17296.19
2014,Toyota,Sequoia,5.7,61671,Automatic,Diesel,Second,12783.07
2018,Toyota,Sequoia,2.5,8283,Automatic,Electric,First,19931.92
2018,Toyota,Sequoia,1.8,4014,Manual,Electric,Second,16475.89
2020,Toyota,Sequoia,2.5,93605,Manual,Petrol,First,13503.69
2019,Toyota,Sequoia,1.8,88947,Manual,Petrol,Second,8688.57
2017,Toyota,Sequoia,1.8,21257,Manual,Electric,First,16929.12
2023,Toyota,Sequoia,3.5,110237,Manual,Hybrid,Second,17280.07
2024,Toyota,Sequoia,2.5,8668,Automatic,Hybrid,Second,21523.19
2023,Toyota,Sequoia,2.0,10352,Automatic,Hybrid,Second,21025.66
2019,Toyota,Sequoia,4.0,57122,Manual,Hybrid,Third,14139.92
2018,Toyota,Sequoia,2.0,109616,Automatic,Diesel,Second,8916.19
2017,Toyota,Sequoia,4.0,118332,Automatic,Diesel,First,13717.17
2016,Toyota,Sequoia,2.5,85722,Manual,Petrol,First,9103.13
2016,Toyota,Sequoia,3.5,80243,Automatic,Hybrid,Second,10360.92
2022,Toyota,Sequoia,3.5,72463,Automatic,Petrol,Third,14398.22
2019,Toyota,Sequoia,4.0,94683,Manual,Diesel,First,15549.55
2013,Toyota,Sequoia,1.8,127116,Automatic,Petrol,Second,2775.19
2015,Toyota,Sequoia,4.0,87514,Automatic,Diesel,First,12035.35
2013,Toyota,Sequoia,3.5,93063,Automatic,Diesel,First,8929.78
2018,Toyota,Sequoia,1.8,114900,Automatic,Petrol,Third,7731.64
2019,Toyota,Sequoia,4.0,8520,Automatic,Hybrid,First,21032.38
2014,Toyota,Sequoia,4.0,44605,Manual,Diesel,Second,8770.51
2022,Toyota,Sequoia,3.5,93226,Manual,Diesel,First,18383.43
2022,Toyota,Sequoia,3.5,124866,Manual,Electric,Third,14195.64
2018,Toyota,Sequoia,5.7,105811,Manual,Hybrid,Third,11976.24
2021,Toyota,Sequoia,1.8,87925,Automatic,Electric,Third,15307.49
2013,Toyota,Sequoia,4.0,94057,Manual,Electric,First,12327.42
2018,Toyota,Sequoia,1.8,46937,Automatic,Hybrid,Third,11575.67
2019,Toyota,Sequoia,2.0,74696,Automatic,Petrol,First,12386.96
2022,Toyota,Sequoia,1.8,18810,Automatic,Diesel,First,20852.53
2023,Toyota,Sequoia,4.0,35130,Automatic,Petrol,First,23123.0
2023,Toyota,Sequoia,2.0,33075,Manual,Petrol,Second,15907.02
2013,Toyota,Sequoia,4.0,36272,Manual,Hybrid,First,13271.88
2015,Toyota,Sequoia,3.5,46954,Manual,Petrol,Third,6035.6
2014,Toyota,Sequoia,1.8,97636,Automatic,Electric,Third,7517.4
2017,Toyota,Sequoia,5.7,40405,Automatic,Hybrid,Second,17483.19
2020,Toyota,Sequoia,5.7,54717,Manual,Electric,First,24373.54
2020,Toyota,Sequoia,3.5,121094,Manual,Hybrid,First,16333.3
2018,Toyota,Sequoia,3.5,90999,Automatic,Electric,Second,16087.91
2015,Toyota,Sequoia,2.5,117690,Manual,Diesel,Third,4029.14
2024,Toyota,Sequoia,3.5,5890,Manual,Electric,Third,21481.74
2023,Toyota,Sequoia,5.7,71842,Manual,Diesel,First,24717.9
2014,Toyota,Sequoia,4.0,47535,Automatic,Hybrid,First,12748.6
2016,Toyota,Sequoia,1.8,19633,Manual,Petrol,First,11039.21
2016,Toyota,Sequoia,1.8,47386,Automatic,Electric,First,14207.87
2023,Toyota,Sequoia,3.5,127168,Automatic,Hybrid,Second,18513.19
2019,Toyota,Sequoia,2.5,119500,Manual,Diesel,Second,10115.7
2017,Toyota,Sequoia,4.0,29069,Manual,Diesel,Second,14241.13
2020,Toyota,Sequoia,2.5,41712,Manual,Petrol,Third,10239.87
2014,Toyota,Sequoia,5.7,79509,Manual,Diesel,Third,7657.16
2022,Toyota,Sequoia,2.0,10485,Manual,Petrol,Second,16718.87
2018,Toyota,Sequoia,1.8,105638,Automatic,Diesel,Third,6938.62
2024,Toyota,Sequoia,4.0,68133,Automatic,Electric,Third,20992.32
2018,Toyota,Sequoia,2.0,55198,Automatic,Electric,Third,13408.46
2018,Toyota,Sequoia,3.5,52145,Automatic,Hybrid,First,18787.79
2024,Toyota,Sequoia,1.8,6748,Automatic,Diesel,Second,20332.42
2017,Toyota,Sequoia,3.5,38959,Manual,Diesel,Second,11607.21
2021,Toyota,Venza,5.7,115314,Manual,Hybrid,Third,15534.91
2023,Toyota,Venza,1.8,53357,Automatic,Hybrid,Second,18819.4
2023,Toyota,Venza,3.5,78403,Automatic,Petrol,Third,15197.01
2015,Toyota,Venza,4.0,26386,Automatic,Electric,Third,13972.95
2013,Toyota,Venza,2.5,114603,Automatic,Electric,First,10106.35
2024,Toyota,Venza,4.0,104154,Manual,Diesel,Third,16288.59
2020,Toyota,Venza,2.0,55656,Manual,Hybrid,Third,12396.43
2015,Toyota,Venza,2.5,49287,Automatic,Petrol,First,10920.4
2022,Toyota,Venza,2.5,79312,Manual,Petrol,First,15741.25
2022,Toyota,Venza,4.0,42850,Automatic,Hybrid,Third,18878.59
2019,Toyota,Venza,2.5,8741,Manual,Electric,First,19639.19
2017,Toyota,Venza,3.5,33257,Manual,Diesel,First,16097.74
2022,Toyota,Venza,3.5,92765,Automatic,Diesel,Third,14898.37
2020,Toyota,Venza,2.5,128204,Manual,Petrol,Third,8019.48
2021,Toyota,Venza,2.5,100790,Automatic,Petrol,Second,12454.4
2019,Toyota,Venza,3.5,42104,Automatic,Hybrid,Second,16364.19
2018,Toyota,Venza,2.0,26470,Automatic,Petrol,Second,12269.79
2023,Toyota,Venza,3.5,37087,Manual,Hybrid,Second,21178.32
2018,Toyota,Venza,2.5,108627,Manual,Diesel,Second,9411.29
2013,Toyota,Venza,5.7,56027,Manual,Diesel,Third,9115.34
2020,Toyota,Venza,3.5,25439,Automatic,Diesel,First,18965.75
2016,Toyota,Venza,3.5,42350,Manual,Diesel,Second,10470.5
2023,Toyota,Venza,4.0,94066,Automatic,Hybrid,Third,16097.7
2021,Toyota,Venza,2.5,97386,Manual,Petrol,Second,12859.78
2013,Toyota,Venza,1.8,59583,Automatic,Electric,First,10792.5
2019,Toyota,Venza,4.0,8750,Manual,Petrol,First,16913.83
2022,Toyota,Venza,5.7,94036,Automatic,Diesel,Third,16037.13
2022,Toyota,Venza,2.0,28338,Manual,Diesel,Second,16825.05
2020,Toyota,Venza,2.0,100183,Manual,Electric,First,17252.99
2021,Toyota,Venza,3.5,78831,Automatic,Hybrid,Third,15006.56
2020,Toyota,Venza,4.0,102165,Manual,Hybrid,Second,14499.39
2016,Toyota,Venza,4.0,47825,Manual,Hybrid,Third,9638.54
2014,Toyota,Venza,5.7,21814,Manual,Electric,Third,13781.72
2017,Toyota,Venza,5.7,37057,Manual,Hybrid,Second,17711.08
2020,Toyota,Venza,2.5,123747,Manual,Hybrid,Second,12401.44
2022,Toyota,Venza,1.8,33134,Manual,Petrol,Second,15258.71
2021,Toyota,Venza,5.7,73744,Manual,Diesel,Third,15147.14
2021,Toyota,Venza,3.5,67729,Automatic,Petrol,Second,14586.55
2021,Toyota,Venza,3.5,117091,Manual,Electric,Third,14430.92
2019,Toyota,Venza,3.5,35954,Automatic,Hybrid,Second,16774.0
2020,Toyota,Venza,4.0,96036,Automatic,Petrol,First,18174.76
2024,Toyota,Venza,2.0,36037,Automatic,Diesel,Third,15948.99
2020,Toyota,Venza,1.8,112388,Manual,Electric,Second,13949.14
2015,Toyota,Venza,4.0,9901,Manual,Hybrid,Second,12776.59
2018,Toyota,Venza,5.7,115824,Manual,Diesel,Third,12171.48
2017,Toyota,Venza,5.7,117995,Automatic,Electric,First,18720.91
2017,Toyota,Venza,2.0,49675,Automatic,Electric,Second,14792.14
2022,Toyota,Venza,2.0,76648,Manual,Hybrid,First,19643.32
2013,Toyota,Venza,5.7,87899,Automatic,Petrol,Third,7112.65
2020,Toyota,Venza,2.0,74386,Automatic,Electric,Second,15726.74
2020,Toyota,Venza,2.5,80273,Automatic,Electric,First,17984.67
2021,Toyota,Venza,4.0,55495,Automatic,Diesel,Second,15516.54
2014,Toyota,Venza,1.8,55509,Automatic,Petrol,Second,7327.19
2023,Toyota,Venza,4.0,67093,Automatic,Hybrid,Third,17351.72
2013,Toyota,Venza,2.5,75307,Automatic,Petrol,Second,5031.45
2016,Toyota,Venza,5.7,56664,Automatic,Hybrid,First,18986.44
2018,Toyota,Venza,1.8,77795,Automatic,Electric,Second,13466.1
2024,Toyota,Venza,1.8,22692,Manual,Petrol,First,18781.14
2020,Toyota,Venza,2.5,18549,Manual,Petrol,Third,11091.98
2023,Toyota,Venza,2.5,116502,Automatic,Petrol,Second,15861.87
2017,Toyota,Venza,4.0,60767,Automatic,Hybrid,Second,13370.9
2015,Toyota,Venza,5.7,107135,Automatic,Petrol,Third,7994.11
2015,Toyota,Venza,2.5,26383,Automatic,Petrol,Third,8902.98
2018,Toyota,Venza,2.5,83055,Manual,Hybrid,Second,13320.17
2018,Toyota,Venza,4.0,125226,Manual,Hybrid,Second,11399.9
2022,Toyota,Venza,4.0,3307,Manual,Hybrid,First,23464.83
2021,Toyota,Venza,3.5,41134,Manual,Diesel,Third,12574.25
2020,Toyota,Venza,2.5,73427,Automatic,Diesel,Second,12680.55
2020,Toyota,Venza,1.8,128374,Manual,Hybrid,Second,10510.42
2021,Toyota,Venza,2.0,8698,Manual,Hybrid,Second,17159.82
2018,Toyota,Venza,2.0,53248,Manual,Hybrid,Second,11663.58
2015,Toyota,Venza,2.0,22738,Manual,Petrol,Third,5515.84
2015,Toyota,Venza,3.5,15392,Automatic,Hybrid,Second,14079.54
2014,Toyota,Venza,3.5,80963,Automatic,Hybrid,Third,8975.21
2019,Toyota,Venza,1.8,110765,Automatic,Diesel,Second,10729.8
2016,Toyota,Venza,1.8,69163,Manual,Petrol,Second,7230.25
2013,Toyota,Venza,3.5,54493,Automatic,Electric,Second,12356.05
2021,Toyota,Venza,4.0,77711,Automatic,Diesel,First,18149.24
2018,Toyota,Venza,1.8,98082,Manual,Hybrid,Third,8834.81
2017,Toyota,Venza,3.5,16026,Manual,Hybrid,Third,11857.16
2015,Toyota,Land Cruiser,2.0,13377,Automatic,Hybrid,First,13462.21
2017,Toyota,Land Cruiser,2.0,63652,Automatic,Electric,First,15858.01
2020,Toyota,Land Cruiser,2.5,37028,Manual,Petrol,First,15362.9
2013,Toyota,Land Cruiser,3.5,5866,Manual,Electric,Third,9580.36
2022,Toyota,Land Cruiser,4.0,53042,Manual,Electric,First,23944.61
2021,Toyota,Land Cruiser,2.0,91020,Manual,Electric,Second,14419.16
2019,Toyota,Land Cruiser,3.5,124688,Manual,Petrol,Third,7644.14
2022,Toyota,Land Cruiser,5.7,37217,Automatic,Electric,First,29240.48
2018,Toyota,Land Cruiser,5.7,46618,Automatic,Hybrid,Second,17856.25
2022,Toyota,Land Cruiser,4.0,11848,Manual,Petrol,Second,18789.71
2018,Toyota,Land Cruiser,2.5,75045,Manual,Electric,First,17533.03
2013,Toyota,Land Cruiser,4.0,102319,Automatic,Hybrid,Second,9357.86
2017,Toyota,Land Cruiser,5.7,125672,Automatic,Petrol,Second,12048.5
2016,Toyota,Land Cruiser,5.7,110205,Automatic,Hybrid,Second,13615.08
2014,Toyota,Land Cruiser,3.5,108232,Automatic,Diesel,Second,7376.29
2019,Toyota,Land Cruiser,2.5,56822,Automatic,Electric,Third,13531.62
2013,Toyota,Land Cruiser,2.5,95050,Manual,Hybrid,Third,6146.53
2020,Toyota,Land Cruiser,4.0,25908,Automatic,Electric,Third,17282.42
2014,Toyota,Land Cruiser,1.8,103706,Manual,Hybrid,First,9051.72
2017,Toyota,Land Cruiser,5.7,72443,Manual,Electric,Second,18617.15
2016,Toyota,Land Cruiser,4.0,116497,Manual,Hybrid,First,11773.14
2020,Toyota,Land Cruiser,2.5,62550,Automatic,Electric,First,20961.1
2014,Toyota,Land Cruiser,3.5,38186,Automatic,Diesel,First,10480.16
2022,Toyota,Land Cruiser,5.7,61001,Manual,Petrol,First,23122.22
2019,Toyota,Land Cruiser,3.5,113177,Automatic,Diesel,First,15151.75
2018,Toyota,Land Cruiser,2.0,22601,Automatic,Hybrid,Second,14145.69
2021,Toyota,Land Cruiser,4.0,12417,Manual,Diesel,Third,16046.65
2023,Toyota,Land Cruiser,1.8,43031,Manual,Electric,First,22922.37
2021,Toyota,Land Cruiser,2.5,52028,Manual,Diesel,Second,13390.88
2018,Toyota,Land Cruiser,2.5,118660,Automatic,Diesel,Third,8443.44
2021,Toyota,Land Cruiser,3.5,5123,Automatic,Diesel,First,20172.57
2021,Toyota,Land Cruiser,2.0,53258,Automatic,Electric,First,21027.51
2016,Toyota,Land Cruiser,5.7,66768,Manual,Diesel,First,13225.41
2022,Toyota,Land Cruiser,5.7,88481,Automatic,Diesel,Second,21325.12
2019,Toyota,Land Cruiser,1.8,102352,Manual,Electric,Second,12974.78
2017,Toyota,Land Cruiser,4.0,43149,Automatic,Electric,Third,14310.61
2013,Toyota,Land Cruiser,5.7,8695,Manual,Hybrid,First,14807.69
2023,Toyota,Land Cruiser,1.8,58026,Manual,Electric,First,22023.36
2023,Toyota,Land Cruiser,2.0,42567,Manual,Petrol,Third,12906.56
2024,Toyota,Land Cruiser,3.5,45316,Manual,Electric,Second,22437.94
2014,Toyota,Land Cruiser,2.0,7922,Automatic,Electric,Third,10925.97
2019,Toyota,Land Cruiser,5.7,89590,Manual,Hybrid,First,19425.52
2023,Toyota,Land Cruiser,1.8,49142,Automatic,Petrol,First,17676.66
2019,Toyota,Land Cruiser,5.7,118657,Automatic,Petrol,First,17775.32
2017,Toyota,Land Cruiser,4.0,89210,Automatic,Hybrid,Third,10486.67
2022,Toyota,Land Cruiser,4.0,56311,Automatic,Electric,Third,18622.31
2016,Toyota,Land Cruiser,4.0,82507,Automatic,Diesel,Third,8407.27
2014,Toyota,Land Cruiser,4.0,110445,Manual,Diesel,First,6405.55
2015,Toyota,Land Cruiser,2.0,67140,Automatic,Diesel,Second,8524.3
2016,Toyota,Land Cruiser,3.5,48896,Automatic,Electric,Third,12461.17
2018,Toyota,Land Cruiser,5.7,116779,Automatic,Electric,First,20947.85
2014,Toyota,Land Cruiser,2.0,31164,Manual,Electric,Second,9314.66
2023,Toyota,Land Cruiser,4.0,101581,Manual,Hybrid,First,21898.07
2016,Toyota,Land Cruiser,2.5,109985,Manual,Electric,Third,6177.06
2021,Toyota,Land Cruiser,4.0,57460,Automatic,Electric,Third,19637.04
2016,Toyota,Land Cruiser,2.0,117817,Manual,Hybrid,First,8651.44
2019,Toyota,Land Cruiser,4.0,118614,Automatic,Hybrid,First,17955.47
2024,Toyota,Land Cruiser,1.8,92312,Automatic,Hybrid,First,23693.87
2024,Toyota,Land Cruiser,4.0,58913,Automatic,Diesel,Second,21332.32
2024,Toyota,Land Cruiser,2.5,5537,Automatic,Petrol,Second,19980.34
2014,Toyota,Land Cruiser,1.8,32327,Manual,Hybrid,Second,6844.92
2021,Toyota,Land Cruiser,4.0,73409,Manual,Diesel,First,17811.64
2020,Toyota,Land Cruiser,1.8,61741,Manual,Electric,First,17142.03
2021,Toyota,Land Cruiser,3.5,124585,Automatic,Electric,First,21534.79
2014,Toyota,Land Cruiser,2.0,113168,Manual,Hybrid,First,6588.19
2021,Toyota,Land Cruiser,2.0,25191,Manual,Electric,Second,18010.19
2013,Toyota,Land Cruiser,2.5,84531,Manual,Hybrid,Second,7289.15
2014,Toyota,Land Cruiser,4.0,44486,Manual,Petrol,First,8491.13
2019,Toyota,Land Cruiser,4.0,121665,Manual,Diesel,First,12331.66
2022,Toyota,Land Cruiser,3.5,98381,Manual,Diesel,First,18747.62
2016,Toyota,Land Cruiser,5.7,83077,Automatic,Hybrid,First,17747.07
2013,Toyota,Land Cruiser,4.0,31835,Manual,Diesel,Second,8523.8
2015,Toyota,Land Cruiser,4.0,56370,Manual,Electric,First,16473.26
2019,Toyota,Land Cruiser,5.7,81533,Manual,Hybrid,First,21281.38
2019,Toyota,Land Cruiser,5.7,87284,Automatic,Diesel,Third,14074.52
2023,Toyota,Land Cruiser,3.5,26382,Manual,Hybrid,Third,17814.84
2023,Toyota,Land Cruiser,1.8,102572,Automatic,Electric,First,20800.17
2019,Toyota,Land Cruiser,4.0,91314,Manual,Electric,First,19207.67
2021,Toyota,Land Cruiser,4.0,19709,Automatic,Petrol,Third,16347.2
2024,Toyota,Land Cruiser,2.5,18960,Manual,Electric,First,24561.66
2016,Honda,Civic,3.5,115470,Manual,Electric,Third,9098.05
2018,Honda,Civic,1.8,71111,Automatic,Hybrid,Second,11810.02
2015,Honda,Civic,1.5,88886,Manual,Petrol,Third,3225.61
2016,Honda,Civic,1.8,72639,Automatic,Hybrid,Third,6555.37
2013,Honda,Civic,2.4,50291,Automatic,Petrol,Third,5024.87
2016,Honda,Civic,1.5,82526,Manual,Electric,Second,8546.4
2015,Honda,Civic,1.8,10130,Automatic,Electric,First,15614.56
2024,Honda,Civic,3.5,87078,Automatic,Petrol,Second,16961.11
2023,Honda,Civic,2.4,88959,Manual,Hybrid,Second,13788.12
2019,Honda,Civic,2.4,59396,Manual,Petrol,Third,8525.8
2019,Honda,Civic,2.4,73411,Automatic,Electric,Third,13171.66
2023,Honda,Civic,2.4,63197,Manual,Electric,Third,14069.2
2018,Honda,Civic,1.8,103211,Manual,Petrol,Second,5790.92
2020,Honda,Civic,2.4,23746,Automatic,Petrol,First,15778.67
2024,Honda,Civic,1.8,4893,Manual,Hybrid,Third,15520.6
2017,Honda,Civic,3.5,24199,Automatic,Petrol,First,14499.63
2018,Honda,Civic,1.8,101232,Manual,Diesel,Third,6592.64
2022,Honda,Civic,2.4,129299,Manual,Petrol,Third,9172.81
2019,Honda,Civic,1.8,43475,Automatic,Electric,First,17385.95
2015,Honda,Civic,1.5,51291,Manual,Diesel,Third,4992.71
2024,Honda,Civic,1.5,63354,Manual,Diesel,Second,14454.93
2018,Honda,Civic,1.8,118194,Automatic,Petrol,Second,7415.1
2016,Honda,Civic,1.8,64861,Manual,Electric,First,12283.58
2014,Honda,Civic,1.5,20576,Manual,Diesel,First,7635.65
2019,Honda,Civic,3.5,48436,Manual,Diesel,Third,9926.34
2017,Honda,Civic,3.5,12121,Manual,Petrol,Third,9016.84
2018,Honda,Civic,1.8,53435,Automatic,Electric,Second,13275.76
2020,Honda,Civic,1.5,85839,Automatic,Hybrid,Second,12401.91
2016,Honda,Civic,2.4,74466,Automatic,Hybrid,Second,10121.28
2015,Honda,Civic,2.4,19122,Automatic,Electric,First,15023.63
2013,Honda,Civic,2.4,105703,Manual,Diesel,Third,2000.0
2018,Honda,Civic,2.4,122873,Manual,Hybrid,Second,9329.86
2016,Honda,Civic,1.8,116753,Automatic,Electric,Third,7396.13
2022,Honda,Civic,2.4,8209,Automatic,Diesel,Second,17544.48
2024,Honda,Civic,3.5,80463,Manual,Electric,First,23350.44
2023,Honda,Civic,2.4,36672,Manual,Petrol,Third,11858.06
2013,Honda,Civic,2.4,37493,Automatic,Electric,Second,9426.49
2018,Honda,Civic,1.8,21690,Automatic,Electric,Second,16193.98
2024,Honda,Civic,1.8,106844,Manual,Petrol,Third,10175.18
2023,Honda,Civic,1.8,30843,Automatic,Diesel,First,17755.82
2020,Honda,Civic,1.8,20857,Manual,Electric,Second,13680.52
2017,Honda,Civic,2.4,107186,Manual,Electric,Second,9393.49
2019,Honda,Civic,3.5,109719,Manual,Electric,Third,11380.8
2018,Honda,Civic,3.5,108924,Automatic,Petrol,Second,9907.28
2017,Honda,Civic,3.5,80242,Manual,Electric,Third,12090.53
2023,Honda,Civic,2.4,74042,Automatic,Diesel,First,16864.14
2015,Honda,Civic,1.8,8515,Automatic,Diesel,First,10116.26
2016,Honda,Civic,2.4,97658,Automatic,Hybrid,Third,7590.89
2015,Honda,Civic,3.5,127936,Manual,Diesel,First,7539.25
2018,Honda,Civic,3.5,123944,Automatic,Hybrid,First,14491.7
2022,Honda,Civic,2.4,53383,Manual,Hybrid,First,16914.6
2021,Honda,Civic,2.4,17506,Manual,Electric,First,20635.44
2023,Honda,Civic,1.5,41417,Manual,Petrol,Third,10509.31
2024,Honda,Civic,2.4,106864,Manual,Electric,Third,14715.98
2021,Honda,Civic,3.5,83863,Manual,Hybrid,First,17958.69
2019,Honda,Civic,1.8,95588,Automatic,Petrol,First,10822.04
2016,Honda,Civic,1.8,28425,Automatic,Diesel,Second,8689.81
2024,Honda,Civic,2.4,42884,Manual,Electric,First,23053.81
2019,Honda,Civic,2.4,24650,Automatic,Electric,First,19603.89
2024,Honda,Civic,3.5,46240,Automatic,Electric,Third,18684.76
2019,Honda,Civic,1.8,64078,Manual,Diesel,Third,9283.21
2024,Honda,Civic,3.5,93810,Automatic,Electric,Third,16576.85
2016,Honda,Civic,1.5,55349,Automatic,Petrol,Second,7534.53
2020,Honda,Civic,3.5,48349,Automatic,Diesel,Third,13109.39
2024,Honda,Civic,1.8,17997,Manual,Hybrid,Third,14304.84
2024,Honda,Civic,2.4,105390,Manual,Petrol,Second,12849.79
2020,Honda,Civic,1.5,74576,Automatic,Petrol,Second,11538.39
2023,Honda,Civic,2.4,106318,Manual,Diesel,First,14292.29
2023,Honda,Civic,1.8,8974,Automatic,Petrol,First,20776.97
2024,Honda,Civic,1.8,6159,Automatic,Electric,Third,16880.05
2022,Honda,Civic,2.4,4073,Manual,Hybrid,Third,15245.43
2021,Honda,Civic,2.4,71116,Manual,Hybrid,First,15533.46
2013,Honda,Civic,2.4,64075,Automatic,Diesel,First,7347.57
2014,Honda,Civic,1.5,64497,Manual,Petrol,Second,3504.12
2023,Honda,Civic,1.5,108468,Manual,Diesel,First,13248.19
2015,Honda,Civic,2.4,125740,Automatic,Petrol,Third,4064.01
2014,Honda,Civic,3.5,110760,Manual,Petrol,First,6219.96
2021,Honda,Civic,1.5,64360,Manual,Diesel,Third,8546.17
2014,Honda,Civic,1.5,33607,Manual,Petrol,Third,4461.78
2018,Honda,Civic,2.4,30464,Automatic,Diesel,Third,11173.14
2013,Honda,Accord,1.8,86791,Manual,Hybrid,Third,3357.25
2018,Honda,Accord,1.5,74289,Manual,Hybrid,First,9943.44
2023,Honda,Accord,2.4,83158,Manual,Diesel,Second,14218.41
2020,Honda,Accord,3.5,105780,Automatic,Electric,Third,15035.21
2016,Honda,Accord,2.4,69727,Automatic,Petrol,First,8527.19
2015,Honda,Accord,1.5,10987,Automatic,Electric,First,13503.72
2016,Honda,Accord,2.4,12873,Automatic,Diesel,First,11846.38
2020,Honda,Accord,2.4,117159,Automatic,Diesel,First,13739.35
2017,Honda,Accord,2.4,41498,Automatic,Petrol,Second,9860.22
2024,Honda,Accord,1.5,98305,Manual,Hybrid,First,18238.29
2016,Honda,Accord,2.4,30777,Manual,Hybrid,Third,9904.65
2017,Honda,Accord,2.4,64084,Manual,Diesel,Third,7726.06
2017,Honda,Accord,2.4,20118,Automatic,Electric,Second,14515.7
2014,Honda,Accord,1.5,6084,Manual,Electric,Second,9912.01
2019,Honda,Accord,1.8,80506,Manual,Electric,Second,12130.24
2017,Honda,Accord,2.4,115341,Automatic,Hybrid,Third,7572.13
2020,Honda,Accord,1.5,103675,Automatic,Petrol,Third,7568.45
2015,Honda,Accord,1.8,123419,Automatic,Diesel,Third,4779.01
2013,Honda,Accord,1.5,86087,Automatic,Diesel,Third,2941.49
2016,Honda,Accord,2.4,4577,Automatic,Electric,First,16065.68
2019,Honda,Accord,2.4,84417,Manual,Hybrid,First,13279.75
2019,Honda,Accord,1.5,67173,Manual,Electric,Second,13425.05
2015,Honda,Accord,1.8,96665,Manual,Electric,Third,6919.33
2020,Honda,Accord,2.4,108693,Automatic,Hybrid,Third,11268.56
2016,Honda,Accord,3.5,101015,Manual,Electric,Third,9861.1
2020,Honda,Accord,3.5,76717,Manual,Electric,Third,12887.38
2015,Honda,Accord,1.8,74916,Manual,Electric,Third,8080.13
2013,Honda,Accord,1.8,128502,Manual,Petrol,First,2022.62
2023,Honda,Accord,2.4,119944,Automatic,Hybrid,First,18061.87
2013,Honda,Accord,3.5,113195,Automatic,Diesel,Second,6401.0
2018,Honda,Accord,1.8,121257,Automatic,Electric,Second,12312.96
2019,Honda,Accord,3.5,121350,Automatic,Diesel,Third,9271.59
2021,Honda,Accord,1.8,102287,Manual,Hybrid,First,14587.77
2024,Honda,Accord,1.8,28464,Automatic,Diesel,Second,17083.78
2018,Honda,Accord,2.4,8596,Automatic,Electric,First,18499.3
2023,Honda,Accord,1.8,34105,Automatic,Petrol,Second,14955.03
2021,Honda,Accord,3.5,14357,Automatic,Hybrid,First,22808.83
2017,Honda,Accord,3.5,9449,Manual,Hybrid,First,15752.85
2023,Honda,Accord,1.5,65287,Manual,Electric,Second,16752.6
2018,Honda,Accord,1.5,32670,Automatic,Petrol,First,12156.87
2016,Honda,Accord,3.5,70087,Automatic,Petrol,First,10690.05
2021,Honda,Accord,1.8,60608,Automatic,Hybrid,Second,13724.89
2018,Honda,Accord,1.8,104025,Automatic,Petrol,Second,8396.97
2019,Honda,Accord,1.5,107544,Automatic,Hybrid,First,13142.77
2014,Honda,Accord,2.4,37474,Automatic,Hybrid,First,10932.3
2016,Honda,Accord,3.5,31229,Manual,Hybrid,Second,12198.0
2019,Honda,Accord,1.8,112417,Manual,Hybrid,First,12605.59
2013,Honda,Accord,1.5,93282,Automatic,Petrol,Second,2785.33
2013,Honda,Accord,2.4,91721,Automatic,Diesel,Third,4429.88
2016,Honda,Accord,2.4,103422,Manual,Diesel,Second,5977.91
2019,Honda,Accord,3.5,116221,Manual,Diesel,First,11808.98
2014,Honda,Accord,2.4,70356,Automatic,Diesel,Second,7605.74
2021,Honda,Accord,2.4,65894,Manual,Diesel,Third,10607.53
2019,Honda,Accord,2.4,106381,Automatic,Petrol,Third,7203.1
2024,Honda,Accord,2.4,97781,Manual,Petrol,Second,13546.59
2013,Honda,Accord,2.4,125013,Manual,Diesel,Third,3714.51
2022,Honda,Accord,1.5,102621,Manual,Electric,First,16118.12
2021,Honda,Accord,3.5,29081,Automatic,Diesel,First,20019.4
2013,Honda,Accord,3.5,124684,Automatic,Diesel,First,6368.77
2017,Honda,Accord,1.5,111047,Manual,Electric,First,9935.49
2018,Honda,Accord,3.5,26065,Manual,Hybrid,First,16494.78
2013,Honda,Accord,1.5,14962,Automatic,Electric,First,12838.63
2019,Honda,Accord,3.5,123654,Manual,Diesel,First,12450.03
2019,Honda,Accord,3.5,104010,Manual,Diesel,Second,8829.54
2013,Honda,Accord,1.5,79427,Manual,Diesel,First,2957.83
2017,Honda,Accord,1.8,61565,Automatic,Diesel,Second,9598.94
2013,Honda,Accord,2.4,58830,Manual,Petrol,Third,4268.54
2019,Honda,Accord,3.5,41106,Automatic,Petrol,First,16353.88
2014,Honda,Accord,2.4,82737,Automatic,Hybrid,Third,6559.57
2022,Honda,Accord,2.4,62470,Automatic,Electric,First,23228.21
2014,Honda,Accord,1.5,66656,Automatic,Electric,Third,8059.5
2014,Honda,Accord,2.4,29502,Automatic,Petrol,First,9409.37
2016,Honda,Accord,3.5,38333,Automatic,Diesel,Third,9974.7
2017,Honda,Accord,1.8,75635,Automatic,Petrol,Second,8673.94
2015,Honda,Accord,2.4,88998,Manual,Electric,First,12245.09
2024,Honda,Accord,1.5,64247,Manual,Electric,Second,17707.35
2022,Honda,Accord,1.8,89654,Manual,Diesel,Third,8937.03
2024,Honda,Accord,1.8,51639,Automatic,Diesel,First,18830.36
2023,Honda,Accord,1.8,30160,Automatic,Hybrid,Third,13885.91
2013,Honda,Accord,1.5,7823,Automatic,Petrol,Second,6227.02
2021,Honda,CR-V,3.5,78069,Manual,Petrol,First,14905.88
2020,Honda,CR-V,1.8,86658,Automatic,Petrol,Second,9650.61
2019,Honda,CR-V,1.5,35919,Manual,Petrol,First,10837.05
2017,Honda,CR-V,1.5,81929,Automatic,Petrol,Second,6994.66
2013,Honda,CR-V,1.5,77462,Manual,Diesel,Third,3253.18
2023,Honda,CR-V,3.5,66752,Automatic,Electric,Third,18458.71
2024,Honda,CR-V,1.5,29870,Automatic,Diesel,Second,15146.89
2024,Honda,CR-V,1.5,124169,Manual,Petrol,Third,8851.68
2014,Honda,CR-V,1.5,14049,Automatic,Petrol,First,6551.29
2015,Honda,CR-V,2.4,26600,Automatic,Diesel,Third,7359.38
2020,Honda,CR-V,3.5,108315,Automatic,Diesel,Third,11202.94
2020,Honda,CR-V,1.5,59117,Manual,Petrol,First,9790.1
2021,Honda,CR-V,1.8,32813,Manual,Hybrid,Second,13649.23
2018,Honda,CR-V,3.5,40011,Manual,Electric,First,19850.16
2023,Honda,CR-V,1.8,105489,Manual,Electric,First,18267.23
2015,Honda,CR-V,3.5,68603,Automatic,Diesel,Third,9198.48
2014,Honda,CR-V,1.8,14549,Automatic,Hybrid,Second,11189.74
2020,Honda,CR-V,1.8,46617,Manual,Diesel,First,13534.71
2024,Honda,CR-V,3.5,122779,Manual,Diesel,Second,15506.26
2024,Honda,CR-V,1.8,34315,Manual,Electric,Second,19348.28
2015,Honda,CR-V,2.4,84163,Manual,Diesel,Second,4592.1
2018,Honda,CR-V,1.5,122999,Manual,Diesel,Second,7159.93
2024,Honda,CR-V,3.5,48178,Manual,Diesel,First,19845.3
2015,Honda,CR-V,1.8,103435,Automatic,Petrol,Third,2395.23
2017,Honda,CR-V,3.5,63038,Automatic,Petrol,Third,9548.99
2017,Honda,CR-V,2.4,94828,Automatic,Petrol,Third,6382.36
2015,Honda,CR-V,1.5,25469,Automatic,Diesel,First,10196.19
2018,Honda,CR-V,3.5,37409,Manual,Petrol,Third,9785.84
2019,Honda,CR-V,1.8,27054,Manual,Diesel,Second,9713.6
2021,Honda,CR-V,1.8,48689,Automatic,Petrol,Third,10877.21
2015,Honda,CR-V,1.5,108227,Automatic,Hybrid,Second,6772.03
2018,Honda,CR-V,1.5,6203,Manual,Petrol,Third,7241.14
2014,Honda,CR-V,3.5,24584,Manual,Diesel,Second,9011.13
2021,Honda,CR-V,2.4,42563,Automatic,Diesel,Second,13642.13
2023,Honda,CR-V,3.5,112876,Manual,Diesel,First,16197.43
2022,Honda,CR-V,3.5,13492,Manual,Hybrid,Second,18655.27
2014,Honda,CR-V,1.5,12045,Automatic,Hybrid,Second,8196.03
2022,Honda,CR-V,1.8,90333,Manual,Petrol,Second,10278.82
2024,Honda,CR-V,1.8,18734,Manual,Diesel,Second,17422.75
2020,Honda,CR-V,2.4,66753,Manual,Hybrid,First,15738.4
2020,Honda,CR-V,1.8,88844,Automatic,Diesel,Third,7316.18
2020,Honda,CR-V,3.5,89840,Manual,Hybrid,Second,13246.03
2023,Honda,CR-V,1.8,125989,Automatic,Hybrid,Second,14578.94
2023,Honda,CR-V,2.4,102041,Automatic,Hybrid,Second,15524.25
2019,Honda,CR-V,1.5,90838,Manual,Electric,First,13631.81
2013,Honda,CR-V,1.5,26777,Manual,Electric,Third,7655.36
2014,Honda,CR-V,1.5,66221,Manual,Diesel,Second,4048.07
2024,Honda,CR-V,1.5,34625,Automatic,Hybrid,First,21110.41
2023,Honda,CR-V,1.8,55409,Manual,Hybrid,First,19642.47
2016,Honda,CR-V,1.8,14154,Manual,Petrol,Second,8439.47
2015,Honda,CR-V,1.8,110798,Automatic,Diesel,First,6550.35
2021,Honda,CR-V,3.5,33225,Automatic,Hybrid,First,20372.28
2022,Honda,CR-V,1.8,30829,Automatic,Electric,First,21793.39
2022,Honda,CR-V,1.8,6326,Manual,Diesel,Third,11172.87
2024,Honda,CR-V,3.5,91657,Automatic,Petrol,Second,17074.54
2024,Honda,CR-V,3.5,125006,Manual,Diesel,First,16992.23
2017,Honda,CR-V,1.5,8636,Automatic,Diesel,First,11831.84
2022,Honda,CR-V,3.5,58934,Automatic,Hybrid,Third,14319.11
2016,Honda,CR-V,1.5,63101,Automatic,Hybrid,Third,8363.13
2019,Honda,CR-V,1.5,90892,Manual,Petrol,First,9125.24
2013,Honda,CR-V,2.4,45470,Manual,Petrol,Third,3822.52
2016,Honda,CR-V,3.5,75015,Automatic,Petrol,Second,9484.18
2021,Honda,CR-V,3.5,109379,Manual,Petrol,First,13578.65
2018,Honda,CR-V,3.5,14957,Manual,Hybrid,Third,11503.45
2017,Honda,CR-V,1.8,3877,Manual,Petrol,Third,7841.17
2023,Honda,CR-V,1.8,109917,Manual,Petrol,First,13517.24
2019,Honda,CR-V,3.5,116768,Manual,Petrol,Third,8381.47
2018,Honda,CR-V,2.4,58044,Automatic,Electric,Second,14027.59
2015,Honda,CR-V,1.8,74051,Manual,Hybrid,Third,7314.59
2021,Honda,CR-V,2.4,22403,Manual,Hybrid,First,19052.83
2015,Honda,CR-V,1.5,118260,Automatic,Diesel,Third,5193.34
2016,Honda,CR-V,1.5,117088,Automatic,Petrol,Second,4568.61
2024,Honda,CR-V,1.8,104711,Manual,Hybrid,First,16805.59
2022,Honda,CR-V,1.5,87335,Automatic,Electric,Third,12553.1
2022,Honda,CR-V,1.8,43870,Manual,Petrol,Second,11794.82
2013,Honda,CR-V,2.4,114560,Manual,Electric,Third,6981.25
2014,Honda,CR-V,1.5,40335,Manual,Electric,Second,8782.46
2020,Honda,CR-V,3.5,94186,Automatic,Diesel,Third,10851.25
2020,Honda,CR-V,1.5,34099,Manual,Hybrid,First,15711.09
2016,Honda,CR-V,3.5,49015,Manual,Hybrid,Second,11579.31
2016,Honda,Pilot,2.4,100493,Automatic,Diesel,Second,7703.92
2013,Honda,Pilot,3.5,20718,Automatic,Hybrid,Third,9975.15
2024,Honda,Pilot,2.4,43633,Automatic,Diesel,First,19671.02
2013,Honda,Pilot,1.8,29660,Automatic,Electric,Second,8627.79
2014,Honda,Pilot,1.8,56309,Manual,Hybrid,Third,4704.06
2024,Honda,Pilot,1.5,118267,Automatic,Diesel,Second,13487.92
2017,Honda,Pilot,2.4,114369,Manual,Diesel,First,9635.97
2024,Honda,Pilot,3.5,22122,Automatic,Hybrid,First,24590.82
2024,Honda,Pilot,1.5,113310,Manual,Petrol,Second,11276.95
2016,Honda,Pilot,1.5,22751,Manual,Electric,Third,9921.15
2015,Honda,Pilot,3.5,67817,Automatic,Petrol,Second,9450.29
2023,Honda,Pilot,1.5,105179,Manual,Hybrid,Second,15113.14
2018,Honda,Pilot,1.5,57144,Automatic,Diesel,Third,8997.6
2020,Honda,Pilot,1.8,77710,Manual,Hybrid,Second,12140.88
2018,Honda,Pilot,1.5,44115,Automatic,Hybrid,First,12947.91
2015,Honda,Pilot,3.5,76568,Automatic,Petrol,Third,7400.92
2022,Honda,Pilot,1.5,108698,Automatic,Hybrid,Third,10976.94
2019,Honda,Pilot,3.5,90475,Manual,Petrol,Second,11293.14
2017,Honda,Pilot,3.5,27502,Manual,Electric,Second,15351.71
2019,Honda,Pilot,1.5,85768,Automatic,Diesel,Third,6950.41
2015,Honda,Pilot,3.5,76606,Manual,Electric,Second,11176.29
2013,Honda,Pilot,2.4,14182,Manual,Electric,Second,10402.48
2016,Honda,Pilot,2.4,29128,Automatic,Electric,Second,13838.21
2013,Honda,Pilot,2.4,27099,Manual,Petrol,Second,3823.54
2021,Honda,Pilot,1.5,10837,Manual,Hybrid,First,17651.89
2017,Honda,Pilot,1.8,62305,Automatic,Electric,Second,11420.73
2013,Honda,Pilot,1.8,118031,Automatic,Electric,Third,4623.88
2024,Honda,Pilot,1.5,50374,Manual,Hybrid,First,18291.47
2015,Honda,Pilot,1.8,63186,Automatic,Petrol,First,8063.9
2022,Honda,Pilot,2.4,91442,Automatic,Hybrid,Second,14884.21
2019,Honda,Pilot,3.5,67341,Manual,Hybrid,Second,13742.95
2023,Honda,Pilot,2.4,99176,Automatic,Diesel,Second,14095.29
2014,Honda,Pilot,2.4,24411,Manual,Hybrid,Second,9289.75
2021,Honda,Pilot,1.8,10367,Automatic,Electric,Third,14169.49
2014,Honda,Pilot,1.5,41285,Manual,Diesel,Third,4559.13
2024,Honda,Pilot,1.8,9378,Manual,Diesel,Third,14308.76
2019,Honda,Pilot,3.5,101707,Automatic,Diesel,Third,10033.13
2013,Honda,Pilot,2.4,90736,Automatic,Hybrid,Second,6508.99
2017,Honda,Pilot,3.5,121961,Manual,Diesel,Third,5805.98
2024,Honda,Pilot,1.8,70600,Manual,Electric,Second,16045.65
2021,Honda,Pilot,2.4,9130,Manual,Electric,Third,14829.88
2014,Honda,Pilot,1.8,31716,Manual,Electric,Second,9545.05
2014,Honda,Pilot,3.5,113350,Manual,Diesel,Second,4162.11
2015,Honda,Pilot,1.8,92941,Manual,Electric,Third,6532.27
2024,Honda,Pilot,1.5,61031,Automatic,Electric,First,21464.69
2019,Honda,Pilot,3.5,57800,Manual,Diesel,Third,10424.37
2017,Honda,Pilot,3.5,95105,Automatic,Electric,First,15059.9
2016,Honda,Pilot,3.5,69490,Automatic,Electric,First,14732.1
2017,Honda,Pilot,3.5,101991,Manual,Electric,Third,9935.89
2016,Honda,Pilot,1.8,69381,Automatic,Electric,Second,10136.25
2013,Honda,Pilot,3.5,127647,Automatic,Electric,First,8947.18
2023,Honda,Pilot,2.4,46481,Manual,Electric,Third,14834.03
2019,Honda,Pilot,2.4,11418,Manual,Diesel,First,15088.37
2024,Honda,Pilot,1.5,127023,Manual,Petrol,First,12246.13
2020,Honda,Pilot,1.8,6407,Manual,Petrol,Third,8403.16
2023,Honda,Pilot,1.8,104190,Automatic,Hybrid,Second,14971.66
2022,Honda,Pilot,3.5,46169,Automatic,Hybrid,Third,15559.64
2014,Honda,Pilot,1.8,6880,Automatic,Hybrid,First,10459.06
2014,Honda,Pilot,1.8,17799,Automatic,Hybrid,Third,7801.25
2018,Honda,Pilot,1.5,72526,Automatic,Diesel,Second,7992.81
2018,Honda,Pilot,1.8,105399,Manual,Hybrid,First,10338.72
2020,Honda,Pilot,1.5,27624,Manual,Petrol,Second,10708.71
2014,Honda,Pilot,2.4,29756,Automatic,Diesel,Second,6736.16
2022,Honda,Pilot,2.4,104039,Manual,Diesel,Third,10216.81
2013,Honda,Pilot,3.5,20205,Manual,Electric,Second,11216.55
2021,Honda,Pilot,3.5,99058,Automatic,Electric,First,21270.82
2019,Honda,Pilot,1.5,87627,Manual,Petrol,Third,7380.91
2022,Honda,Pilot,3.5,68030,Manual,Electric,First,20080.98
2023,Honda,Pilot,1.8,38268,Automatic,Hybrid,Second,17429.2
2015,Honda,Pilot,1.5,27127,Automatic,Diesel,First,9968.96
2022,Honda,Pilot,2.4,92126,Manual,Diesel,Third,10940.83
2023,Honda,Pilot,1.5,4893,Manual,Electric,Third,16845.92
2013,Honda,Pilot,1.5,125406,Automatic,Diesel,Second,3503.56
2015,Honda,Pilot,2.4,46678,Manual,Electric,First,12939.99
2021,Honda,Pilot,2.4,59805,Manual,Electric,Third,14435.79
2024,Honda,Pilot,1.5,104311,Manual,Petrol,First,13712.45
2014,Honda,Pilot,1.8,4211,Manual,Petrol,Third,4167.04
2018,Honda,Pilot,1.5,68584,Automatic,Diesel,First,12119.37
2015,Honda,Pilot,1.8,31036,Manual,Diesel,First,9047.22
2024,Honda,Pilot,1.8,111103,Automatic,Diesel,Third,12900.48
2023,Honda,Odyssey,3.5,12472,Manual,Petrol,Third,12709.48
2017,Honda,Odyssey,1.8,85357,Automatic,Diesel,Second,6669.49
2022,Honda,Odyssey,1.8,27570,Manual,Diesel,First,16084.72
2017,Honda,Odyssey,2.4,83703,Manual,Petrol,Third,6456.67
2018,Honda,Odyssey,2.4,91916,Manual,Hybrid,Second,11672.73
2021,Honda,Odyssey,2.4,51733,Manual,Diesel,First,16213.04
2018,Honda,Odyssey,3.5,80603,Manual,Petrol,Second,10069.45
2021,Honda,Odyssey,3.5,100372,Manual,Diesel,Second,12542.43
2017,Honda,Odyssey,1.5,51632,Automatic,Petrol,Third,5783.18
2024,Honda,Odyssey,3.5,63231,Automatic,Petrol,First,19897.98
2022,Honda,Odyssey,2.4,110561,Manual,Petrol,Third,8437.92
2021,Honda,Odyssey,1.5,120658,Automatic,Electric,Second,14954.79
2022,Honda,Odyssey,3.5,40528,Manual,Petrol,Third,11210.57
2017,Honda,Odyssey,1.8,93937,Manual,Diesel,Third,6587.42
2014,Honda,Odyssey,3.5,48717,Automatic,Hybrid,Third,8994.43
2013,Honda,Odyssey,1.5,59058,Automatic,Petrol,First,5244.41
2021,Honda,Odyssey,2.4,76474,Manual,Electric,Third,13531.01
2022,Honda,Odyssey,1.5,62840,Manual,Electric,Second,14695.88
2015,Honda,Odyssey,3.5,42451,Manual,Hybrid,Third,7990.59
2021,Honda,Odyssey,1.8,115394,Automatic,Electric,Second,15181.01
2015,Honda,Odyssey,3.5,20706,Automatic,Electric,First,16074.74
2019,Honda,Odyssey,2.4,17650,Automatic,Electric,Third,13169.67
2013,Honda,Odyssey,1.8,54360,Automatic,Hybrid,Third,6659.07
2016,Honda,Odyssey,3.5,13737,Automatic,Hybrid,First,15227.95
2013,Honda,Odyssey,3.5,41967,Automatic,Hybrid,Second,9846.29
2013,Honda,Odyssey,1.5,115255,Automatic,Diesel,Third,2020.01
2016,Honda,Odyssey,1.5,66668,Manual,Hybrid,First,8605.36
2016,Honda,Odyssey,3.5,27363,Automatic,Electric,Third,12236.31
2018,Honda,Odyssey,1.8,4620,Automatic,Hybrid,Third,11550.44
2013,Honda,Odyssey,1.5,58809,Manual,Hybrid,Second,4720.85
2023,Honda,Odyssey,1.5,24602,Manual,Electric,Second,18568.0
2015,Honda,Odyssey,1.5,128138,Automatic,Petrol,Second,3352.74
2016,Honda,Odyssey,3.5,52692,Automatic,Diesel,Third,9239.47
2022,Honda,Odyssey,1.8,111575,Manual,Electric,First,16375.65
2017,Honda,Odyssey,1.5,60705,Automatic,Petrol,First,10331.67
2021,Honda,Odyssey,1.5,108585,Manual,Petrol,Third,7534.91
2018,Honda,Odyssey,3.5,52833,Automatic,Electric,First,18604.91
2013,Honda,Odyssey,3.5,63646,Manual,Electric,Second,8197.63
2015,Honda,Odyssey,2.4,99881,Manual,Diesel,Second,6179.53
2021,Honda,Odyssey,1.5,26525,Automatic,Hybrid,Third,12740.37
2013,Honda,Odyssey,3.5,53227,Automatic,Hybrid,Second,9290.2
2021,Honda,Odyssey,1.8,12247,Automatic,Diesel,Third,12747.76
2014,Honda,Odyssey,3.5,94164,Automatic,Diesel,First,8455.69
2014,Honda,Odyssey,1.8,64954,Manual,Hybrid,First,7709.33
2015,Honda,Odyssey,1.5,18078,Manual,Electric,Third,9285.22
2024,Honda,Odyssey,2.4,97337,Manual,Diesel,First,15976.68
2017,Honda,Odyssey,1.8,53281,Manual,Diesel,Third,8043.69
2019,Honda,Odyssey,2.4,127357,Manual,Electric,Third,9440.15
2015,Honda,Odyssey,1.8,52464,Manual,Hybrid,First,8613.31
2013,Honda,Odyssey,1.8,46723,Automatic,Hybrid,Second,6374.43
2023,Honda,Odyssey,2.4,108433,Manual,Petrol,Second,10950.45
2014,Honda,Odyssey,2.4,56502,Automatic,Hybrid,Second,9734.51
2020,Honda,Odyssey,1.8,24304,Automatic,Petrol,Third,11772.0
2020,Honda,Odyssey,2.4,59022,Automatic,Hybrid,Second,14260.35
2023,Honda,Odyssey,1.8,34826,Manual,Diesel,Second,15275.16
2013,Honda,Odyssey,2.4,81052,Automatic,Petrol,Third,4664.69
2019,Honda,Odyssey,2.4,96721,Manual,Hybrid,First,12538.91
2013,Honda,Odyssey,1.8,31804,Manual,Electric,First,10025.58
2024,Honda,Odyssey,1.5,41506,Automatic,Petrol,Third,12794.45
2022,Honda,Odyssey,3.5,113284,Automatic,Petrol,Second,13686.06
2013,Honda,Odyssey,1.5,111965,Manual,Petrol,Second,2000.0
2020,Honda,Odyssey,1.8,103250,Automatic,Hybrid,Second,13512.72
2013,Honda,Odyssey,2.4,56693,Automatic,Diesel,Second,6273.28
2022,Honda,Odyssey,2.4,78403,Automatic,Diesel,Second,15226.31
2015,Honda,Odyssey,2.4,118631,Automatic,Hybrid,Second,7825.02
2022,Honda,Odyssey,1.5,121454,Automatic,Petrol,Third,9718.68
2016,Honda,Odyssey,1.8,42832,Automatic,Diesel,Third,7320.43
2023,Honda,Odyssey,1.8,95918,Manual,Hybrid,First,16678.58
2015,Honda,Odyssey,2.4,22665,Automatic,Petrol,First,10487.99
2024,Honda,Odyssey,2.4,86996,Manual,Hybrid,First,19104.02
2021,Honda,Odyssey,1.8,53468,Automatic,Hybrid,Third,12866.45
2022,Honda,Odyssey,1.8,3028,Automatic,Hybrid,Second,17721.21
2024,Honda,Odyssey,2.4,50657,Automatic,Electric,Second,20710.94
2015,Honda,Odyssey,1.8,121423,Automatic,Diesel,Second,4837.43
2015,Honda,Odyssey,3.5,10961,Automatic,Electric,Second,15054.95
2013,Honda,Odyssey,1.5,84218,Manual,Diesel,Second,4045.14
2021,Honda,Odyssey,1.8,76302,Automatic,Petrol,First,14249.81
2018,Honda,Odyssey,2.4,71607,Manual,Hybrid,First,12912.79
2013,Honda,Odyssey,2.4,15666,Manual,Diesel,Third,5902.48
2020,Honda,Odyssey,1.8,22157,Automatic,Diesel,First,16271.84
2021,Honda,Passport,1.5,89282,Automatic,Electric,Third,12930.61
2013,Honda,Passport,2.4,39445,Manual,Petrol,Third,3163.5
2024,Honda,Passport,3.5,11222,Automatic,Electric,First,27331.22
2015,Honda,Passport,1.8,102174,Automatic,Petrol,Second,4909.28
2017,Honda,Passport,3.5,102244,Automatic,Petrol,Third,8218.42
2021,Honda,Passport,1.8,45616,Manual,Diesel,Second,13151.51
2021,Honda,Passport,1.5,90362,Automatic,Petrol,Third,8911.61
2021,Honda,Passport,1.5,120106,Automatic,Hybrid,Second,12757.58
2017,Honda,Passport,1.8,10957,Automatic,Petrol,First,12336.82
2017,Honda,Passport,3.5,37206,Automatic,Hybrid,Second,14355.14
2013,Honda,Passport,3.5,38031,Manual,Hybrid,Second,8141.05
2022,Honda,Passport,2.4,90640,Manual,Hybrid,Second,13391.87
2020,Honda,Passport,3.5,46822,Manual,Petrol,Second,12687.2
2024,Honda,Passport,2.4,26519,Manual,Electric,First,23436.56
2017,Honda,Passport,1.8,84103,Automatic,Diesel,Second,7700.96
2015,Honda,Passport,3.5,42385,Manual,Petrol,Third,7021.35
2017,Honda,Passport,1.8,98310,Automatic,Petrol,First,8336.39
2023,Honda,Passport,1.5,103537,Manual,Petrol,Second,9935.44
2015,Honda,Passport,1.5,10526,Manual,Petrol,Second,7553.56
2019,Honda,Passport,3.5,74185,Automatic,Petrol,First,14155.59
2018,Honda,Passport,1.5,78282,Automatic,Diesel,Third,8355.0
2021,Honda,Passport,3.5,126721,Manual,Hybrid,First,17734.4
2023,Honda,Passport,2.4,74055,Manual,Petrol,First,14371.72
2019,Honda,Passport,3.5,92826,Manual,Hybrid,Second,12488.02
2024,Honda,Passport,2.4,31400,Automatic,Diesel,Third,13891.32
2021,Honda,Passport,1.8,7055,Automatic,Hybrid,First,18991.47
2014,Honda,Passport,1.5,31251,Automatic,Petrol,Second,7346.81
2013,Honda,Passport,2.4,73400,Automatic,Diesel,First,6508.45
2014,Honda,Passport,2.4,13702,Automatic,Diesel,First,10597.8
2022,Honda,Passport,2.4,52111,Automatic,Electric,First,21577.36
2022,Honda,Passport,3.5,99528,Manual,Hybrid,Second,15274.43
2016,Honda,Passport,1.8,121637,Manual,Petrol,Second,4336.33
2021,Honda,Passport,3.5,91290,Manual,Hybrid,Second,14349.96
2017,Honda,Passport,3.5,55066,Automatic,Electric,Third,12865.55
2013,Honda,Passport,3.5,12190,Manual,Diesel,Third,6972.11
2023,Honda,Passport,1.5,128604,Automatic,Petrol,Second,10704.95
2023,Honda,Passport,1.8,6435,Manual,Hybrid,Third,15749.9
2018,Honda,Passport,2.4,35826,Manual,Electric,Third,12617.32
2024,Honda,Passport,3.5,82553,Automatic,Hybrid,First,22704.98
2014,Honda,Passport,1.8,42029,Manual,Electric,First,10436.01
2015,Honda,Passport,2.4,127606,Manual,Hybrid,Third,6035.94
2015,Honda,Passport,3.5,86029,Automatic,Hybrid,Second,11153.56
2019,Honda,Passport,1.5,61436,Manual,Hybrid,Second,10084.19
2015,Honda,Passport,1.5,32332,Manual,Diesel,First,7685.71
2020,Honda,Passport,2.4,54952,Manual,Petrol,Third,7827.78
2019,Honda,Passport,1.5,21256,Manual,Electric,Second,14908.27
2024,Honda,Passport,1.8,42339,Manual,Petrol,Second,13882.83
2023,Honda,Passport,1.8,79631,Automatic,Hybrid,Second,15865.23
2014,Honda,Passport,3.5,53222,Automatic,Electric,Second,11884.44
2024,Honda,Passport,3.5,73968,Automatic,Hybrid,Third,15908.69
2019,Honda,Passport,1.5,117337,Automatic,Diesel,Second,8230.38
2014,Honda,Passport,3.5,70863,Manual,Diesel,Second,6007.73
2017,Honda,Passport,3.5,125755,Automatic,Hybrid,First,12640.6
2020,Honda,Passport,2.4,33782,Automatic,Diesel,First,15861.39
2017,Honda,Passport,1.8,22462,Automatic,Hybrid,Third,9762.76
2017,Honda,Passport,1.8,7581,Manual,Diesel,Second,9603.64
2024,Honda,Passport,3.5,25936,Automatic,Diesel,First,21695.02
2022,Honda,Passport,1.8,25419,Automatic,Hybrid,Third,14528.25
2020,Honda,Passport,2.4,35214,Automatic,Electric,First,19677.61
2015,Honda,Passport,1.8,71104,Manual,Electric,Second,8615.0
2021,Honda,Passport,3.5,119908,Manual,Petrol,Second,11069.64
2019,Honda,Passport,2.4,61703,Automatic,Hybrid,Second,12941.04
2016,Honda,Passport,2.4,92234,Automatic,Hybrid,First,11392.72
2018,Honda,Passport,2.4,107292,Automatic,Diesel,Third,8804.5
2014,Honda,Passport,3.5,31469,Manual,Electric,Third,10715.84
2014,Honda,Passport,1.5,112934,Manual,Petrol,First,2000.0
2022,Honda,Passport,1.8,19619,Automatic,Hybrid,First,21294.06
2018,Honda,Passport,3.5,24630,Manual,Petrol,Third,11029.74
2023,Honda,Passport,1.5,66722,Manual,Petrol,Second,13138.98
2020,Honda,Passport,1.5,27161,Automatic,Hybrid,Third,12530.67
2015,Honda,Passport,1.8,53374,Automatic,Petrol,Second,6262.73
2020,Honda,Passport,1.8,86245,Manual,Electric,Third,11165.98
2023,Honda,Passport,2.4,73192,Manual,Diesel,Second,13804.79
2014,Honda,Passport,3.5,75782,Manual,Electric,First,12020.85
2013,Honda,Passport,2.4,107301,Manual,Diesel,First,4217.38
2017,Honda,Passport,1.8,67340,Automatic,Diesel,Second,8948.68
2020,Honda,Passport,2.4,79920,Automatic,Petrol,First,12146.89
2021,Honda,Passport,1.5,76960,Automatic,Electric,Second,13933.58
2021,Honda,Passport,1.5,33936,Automatic,Diesel,Second,13196.61
2019,Honda,Passport,3.5,104735,Automatic,Hybrid,Second,12288.27
2016,Honda,HR-V,1.5,110293,Manual,Hybrid,Third,6747.82
2023,Honda,HR-V,2.4,65147,Manual,Hybrid,Third,14623.97
2018,Honda,HR-V,1.5,110338,Manual,Petrol,Second,5604.65
2019,Honda,HR-V,2.4,110369,Manual,Hybrid,Second,10714.95
2020,Honda,HR-V,1.5,62624,Manual,Petrol,First,10885.7
2020,Honda,HR-V,3.5,48712,Manual,Petrol,Third,10822.86
2014,Honda,HR-V,3.5,95091,Automatic,Electric,Third,8604.86
2022,Honda,HR-V,3.5,17692,Automatic,Electric,Second,21086.54
2023,Honda,HR-V,1.5,86276,Automatic,Petrol,First,15364.95
2024,Honda,HR-V,2.4,41744,Automatic,Electric,Third,18310.97
2019,Honda,HR-V,2.4,109917,Manual,Electric,Second,11713.79
2014,Honda,HR-V,1.8,35125,Manual,Petrol,Third,5158.54
2013,Honda,HR-V,1.8,21768,Manual,Hybrid,Second,5573.3
2019,Honda,HR-V,3.5,74017,Automatic,Petrol,Third,10198.68
2014,Honda,HR-V,3.5,58823,Automatic,Hybrid,Third,8434.69
2018,Honda,HR-V,1.5,104212,Automatic,Hybrid,Second,10098.84
2024,Honda,HR-V,3.5,22787,Automatic,Petrol,Third,15455.54
2024,Honda,HR-V,3.5,49936,Automatic,Diesel,Third,14588.99
2018,Honda,HR-V,1.8,93347,Automatic,Hybrid,Third,9923.94
2021,Honda,HR-V,1.8,121724,Manual,Hybrid,First,12062.29
2022,Honda,HR-V,3.5,61453,Automatic,Electric,Second,19627.13
2024,Honda,HR-V,1.8,50098,Manual,Petrol,Third,12850.9
2021,Honda,HR-V,1.8,39538,Automatic,Hybrid,Second,16284.74
2023,Honda,HR-V,1.8,94239,Automatic,Electric,Third,16483.26
2018,Honda,HR-V,3.5,8153,Manual,Electric,Second,14866.69
2020,Honda,HR-V,2.4,47149,Automatic,Petrol,Third,10043.89
2023,Honda,HR-V,1.8,92299,Manual,Petrol,Second,11191.34
2023,Honda,HR-V,1.5,107675,Automatic,Electric,Second,16479.01
2023,Honda,HR-V,1.8,20221,Automatic,Petrol,Second,16531.84
2013,Honda,HR-V,3.5,44831,Manual,Hybrid,First,10728.46
2020,Honda,HR-V,2.4,89338,Manual,Petrol,Third,8632.26
2020,Honda,HR-V,3.5,16201,Manual,Hybrid,Third,13703.98
2019,Honda,HR-V,3.5,24168,Automatic,Hybrid,First,18595.44
2013,Honda,HR-V,1.5,80475,Automatic,Petrol,Third,2000.0
2021,Honda,HR-V,2.4,38454,Manual,Petrol,First,14482.86
2024,Honda,HR-V,2.4,40310,Manual,Hybrid,First,20976.18
2019,Honda,HR-V,2.4,41889,Automatic,Electric,First,19138.55
2014,Honda,HR-V,2.4,79302,Automatic,Electric,Second,10331.6
2019,Honda,HR-V,3.5,29442,Automatic,Diesel,First,16632.4
2017,Honda,HR-V,1.8,129248,Manual,Electric,Second,9932.99
2022,Honda,HR-V,2.4,113584,Automatic,Electric,Second,15840.28
2014,Honda,HR-V,2.4,128251,Manual,Diesel,First,4269.54
2021,Honda,HR-V,1.5,127476,Manual,Diesel,Third,6851.18
2022,Honda,HR-V,3.5,121922,Automatic,Petrol,First,16242.13
2017,Honda,HR-V,3.5,76664,Manual,Electric,Second,13544.94
2013,Honda,HR-V,1.8,61876,Automatic,Diesel,Third,4325.67
2018,Honda,HR-V,1.5,96955,Manual,Diesel,First,7003.45
2021,Honda,HR-V,1.8,35694,Automatic,Hybrid,First,19285.01
2020,Honda,HR-V,3.5,50952,Automatic,Diesel,Second,14486.62
2024,Honda,HR-V,3.5,57615,Automatic,Petrol,Third,15014.7
2013,Honda,HR-V,1.8,4102,Manual,Hybrid,Second,7099.15
2023,Honda,HR-V,1.5,67800,Automatic,Diesel,First,18302.94
2023,Honda,HR-V,1.5,45367,Manual,Hybrid,Third,14010.58
2015,Honda,HR-V,3.5,24182,Manual,Hybrid,First,12933.2
2023,Honda,HR-V,1.5,22239,Automatic,Petrol,First,15669.19
2022,Honda,HR-V,2.4,89907,Manual,Hybrid,Third,13719.65
2019,Honda,HR-V,2.4,78930,Manual,Petrol,First,10973.36
2014,Honda,HR-V,1.8,24352,Manual,Petrol,First,6191.33
2022,Honda,HR-V,3.5,21482,Manual,Hybrid,Second,17653.31
2022,Honda,HR-V,1.5,8435,Manual,Hybrid,Second,13834.32
2024,Honda,HR-V,1.8,34498,Manual,Diesel,Second,14984.01
2016,Honda,HR-V,2.4,107224,Automatic,Diesel,First,10184.65
2022,Honda,HR-V,3.5,74319,Automatic,Hybrid,Third,14149.75
2024,Honda,HR-V,1.8,39069,Automatic,Electric,Third,17153.06
2018,Honda,HR-V,2.4,53231,Automatic,Electric,Third,13139.28
2018,Honda,HR-V,2.4,114672,Manual,Diesel,Third,5932.16
2014,Honda,HR-V,1.8,12587,Automatic,Hybrid,Second,9398.63
2022,Honda,HR-V,2.4,50013,Manual,Diesel,First,15173.09
2023,Honda,HR-V,1.5,81113,Manual,Petrol,Third,10999.58
2019,Honda,HR-V,1.5,64527,Manual,Electric,Second,12185.37
2016,Honda,HR-V,1.8,127544,Manual,Diesel,First,6338.04
2023,Honda,HR-V,3.5,38771,Automatic,Electric,First,25353.53
2020,Honda,HR-V,1.5,120399,Manual,Diesel,Second,10152.47
2013,Honda,HR-V,2.4,102250,Automatic,Electric,First,9990.14
2017,Honda,HR-V,1.5,51825,Manual,Electric,Second,11824.31
2016,Honda,HR-V,1.8,6258,Manual,Diesel,Third,5888.86
2022,Honda,HR-V,1.8,18775,Manual,Diesel,Second,13229.13
2022,Honda,HR-V,1.8,104505,Automatic,Diesel,Third,11732.16
2019,Honda,HR-V,3.5,21522,Automatic,Diesel,Second,14991.19
2016,Honda,HR-V,1.5,16266,Manual,Hybrid,First,11987.04
2016,Honda,Ridgeline,1.5,101408,Manual,Diesel,Second,5525.87
2021,Honda,Ridgeline,1.8,67210,Manual,Diesel,Third,10035.21
2019,Honda,Ridgeline,3.5,124284,Manual,Petrol,Third,9214.46
2022,Honda,Ridgeline,1.8,79349,Manual,Petrol,First,12137.17
2013,Honda,Ridgeline,1.8,48853,Automatic,Hybrid,Second,7563.03
2020,Honda,Ridgeline,3.5,97244,Manual,Petrol,First,12739.63
2014,Honda,Ridgeline,1.5,117682,Manual,Diesel,First,3925.13
2015,Honda,Ridgeline,1.5,50078,Automatic,Diesel,First,9197.62
2022,Honda,Ridgeline,1.5,87360,Manual,Electric,Third,12649.78
2019,Honda,Ridgeline,2.4,73199,Automatic,Hybrid,First,14760.06
2023,Honda,Ridgeline,1.5,31549,Automatic,Diesel,Third,12645.64
2013,Honda,Ridgeline,2.4,87667,Manual,Petrol,Third,2670.64
2014,Honda,Ridgeline,1.5,104437,Automatic,Diesel,Second,6489.06
2020,Honda,Ridgeline,1.8,45531,Manual,Petrol,Second,10888.17
2018,Honda,Ridgeline,3.5,96135,Automatic,Hybrid,Second,12643.32
2014,Honda,Ridgeline,1.8,118817,Automatic,Diesel,First,6587.21
2019,Honda,Ridgeline,1.5,92152,Automatic,Hybrid,First,14555.09
2014,Honda,Ridgeline,3.5,15397,Manual,Petrol,Second,7627.09
2019,Honda,Ridgeline,1.5,45249,Manual,Hybrid,First,14095.28
2013,Honda,Ridgeline,3.5,13974,Automatic,Hybrid,First,12337.89
2023,Honda,Ridgeline,1.5,100648,Manual,Petrol,Second,10949.58
2015,Honda,Ridgeline,1.5,103474,Manual,Electric,First,8768.89
2021,Honda,Ridgeline,1.8,83391,Automatic,Petrol,Third,9848.46
2021,Honda,Ridgeline,1.8,96476,Automatic,Hybrid,Second,13248.55
2022,Honda,Ridgeline,1.5,80186,Automatic,Diesel,Third,11620.18
2014,Honda,Ridgeline,1.8,85269,Manual,Hybrid,Second,6682.97
2024,Honda,Ridgeline,1.5,12972,Manual,Hybrid,Second,17641.29
2020,Honda,Ridgeline,1.8,49404,Manual,Electric,Third,11708.13
2018,Honda,Ridgeline,2.4,28738,Automatic,Electric,First,19504.84
2014,Honda,Ridgeline,1.8,78677,Automatic,Diesel,Third,5465.19
2022,Honda,Ridgeline,2.4,129019,Automatic,Petrol,Second,12518.04
2021,Honda,Ridgeline,3.5,118786,Manual,Electric,Second,14236.61
2020,Honda,Ridgeline,1.8,121104,Automatic,Electric,Second,12931.19
2021,Honda,Ridgeline,1.8,12921,Manual,Petrol,First,14322.53
2015,Honda,Ridgeline,1.5,126852,Automatic,Petrol,Second,2939.1
2014,Honda,Ridgeline,1.8,22551,Manual,Hybrid,Second,7387.35
2024,Honda,Ridgeline,1.5,95264,Automatic,Petrol,Second,13242.56
2022,Honda,Ridgeline,2.4,70853,Manual,Hybrid,First,15945.11
2013,Honda,Ridgeline,3.5,27226,Manual,Electric,First,10335.56
2016,Honda,Ridgeline,2.4,118981,Manual,Petrol,Second,6164.79
2022,Honda,Ridgeline,3.5,109153,Manual,Hybrid,Second,13831.95
2015,Honda,Ridgeline,3.5,19091,Manual,Electric,Third,10755.3
2015,Honda,Ridgeline,3.5,43958,Manual,Petrol,First,9015.47
2017,Honda,Ridgeline,3.5,43612,Manual,Electric,Third,12970.71
2017,Honda,Ridgeline,2.4,96293,Automatic,Hybrid,Third,8190.34
2024,Honda,Ridgeline,3.5,12967,Automatic,Petrol,Third,16064.39
2021,Honda,Ridgeline,3.5,65539,Automatic,Petrol,Second,13750.25
2024,Honda,Ridgeline,1.8,6346,Manual,Electric,First,23224.15
2022,Honda,Ridgeline,3.5,36012,Manual,Diesel,Second,16549.88
2013,Honda,Ridgeline,1.8,20276,Manual,Hybrid,Third,5703.34
2013,Honda,Ridgeline,1.5,13391,Manual,Diesel,First,5860.35
2023,Honda,Ridgeline,3.5,125611,Automatic,Petrol,Second,14718.36
2023,Honda,Ridgeline,1.5,119912,Automatic,Diesel,Third,9070.04
2023,Honda,Ridgeline,3.5,90566,Manual,Electric,Second,18360.82
2019,Honda,Ridgeline,1.8,122389,Automatic,Petrol,Second,7498.3
2022,Honda,Ridgeline,1.8,33783,Manual,Diesel,First,15942.81
2018,Honda,Ridgeline,3.5,53762,Automatic,Electric,Second,16457.02
2021,Honda,Ridgeline,2.4,30713,Manual,Hybrid,First,18506.46
2020,Honda,Ridgeline,1.5,116197,Automatic,Diesel,First,11117.89
2021,Honda,Ridgeline,3.5,101575,Manual,Hybrid,First,15420.56
2016,Honda,Ridgeline,1.5,90822,Automatic,Diesel,Third,7312.53
2015,Honda,Ridgeline,1.8,39912,Automatic,Electric,First,14210.64
2023,Honda,Ridgeline,1.5,24274,Automatic,Petrol,First,17110.84
2015,Honda,Ridgeline,2.4,120604,Automatic,Hybrid,Second,8795.61
2016,Honda,Ridgeline,1.5,111162,Automatic,Diesel,First,6658.44
2019,Honda,Ridgeline,2.4,62860,Manual,Petrol,First,10996.29
2024,Honda,Ridgeline,2.4,90858,Manual,Hybrid,First,20018.09
2015,Honda,Ridgeline,1.5,69188,Manual,Electric,First,10570.88
2023,Honda,Ridgeline,3.5,37413,Manual,Petrol,Third,12430.16
2016,Honda,Ridgeline,1.8,30624,Automatic,Hybrid,Third,10132.8
2024,Honda,Ridgeline,1.8,60745,Manual,Hybrid,First,18938.34
2017,Honda,Ridgeline,1.5,24514,Manual,Petrol,Second,8529.83
2014,Honda,Ridgeline,1.8,84406,Automatic,Electric,First,10309.78
2023,Honda,Ridgeline,3.5,98044,Automatic,Petrol,Third,13004.29
2015,Honda,Ridgeline,2.4,122304,Manual,Diesel,Second,4692.2
2013,Honda,Ridgeline,1.8,119409,Automatic,Hybrid,Third,5185.13
2022,Honda,Ridgeline,2.4,4195,Manual,Diesel,First,18410.69
2015,Honda,Ridgeline,3.5,35161,Manual,Electric,Second,11750.46
2015,Honda,Ridgeline,2.4,118184,Manual,Hybrid,Third,5076.19
2022,Honda,Ridgeline,1.5,37112,Manual,Hybrid,Third,12773.08
2013,Ford,Mustang,1.5,79121,Automatic,Electric,Third,6751.72
2024,Ford,Mustang,2.0,4403,Automatic,Hybrid,First,25812.18
2020,Ford,Mustang,2.3,107634,Manual,Electric,Second,15987.36
2013,Ford,Mustang,3.5,66294,Automatic,Diesel,First,10200.03
2014,Ford,Mustang,1.5,121341,Manual,Hybrid,First,5804.81
2019,Ford,Mustang,2.0,35872,Manual,Diesel,First,14589.66
2019,Ford,Mustang,3.5,118869,Automatic,Electric,Third,13125.62
2016,Ford,Mustang,5.0,14319,Manual,Hybrid,Third,13105.03
2021,Ford,Mustang,2.0,99636,Manual,Electric,Third,14220.14
2018,Ford,Mustang,2.3,89457,Manual,Diesel,First,14026.83
2018,Ford,Mustang,1.5,15856,Manual,Diesel,Third,10554.51
2020,Ford,Mustang,2.0,18082,Automatic,Petrol,First,18372.39
2019,Ford,Mustang,1.5,10436,Manual,Electric,Third,14630.85
2016,Ford,Mustang,2.0,121648,Automatic,Electric,Second,10948.9
2017,Ford,Mustang,1.5,59095,Manual,Electric,First,14288.86
2014,Ford,Mustang,2.3,60450,Manual,Electric,Second,9279.92
2016,Ford,Mustang,1.5,26396,Manual,Diesel,Second,11117.64
2019,Ford,Mustang,2.3,8192,Manual,Electric,First,19900.51
2020,Ford,Mustang,2.3,8829,Manual,Hybrid,Second,17315.78
2024,Ford,Mustang,2.3,93898,Automatic,Electric,Second,20645.41
2015,Ford,Mustang,2.0,23140,Manual,Diesel,Second,8910.6
2013,Ford,Mustang,3.5,67555,Automatic,Petrol,Third,4747.87
2016,Ford,Mustang,2.0,14672,Automatic,Electric,Third,12461.36
2018,Ford,Mustang,2.0,28287,Automatic,Electric,First,19701.81
2014,Ford,Mustang,1.5,90228,Manual,Electric,Third,5857.19
2015,Ford,Mustang,2.0,117002,Manual,Electric,Second,9234.66
2019,Ford,Mustang,2.0,25117,Manual,Petrol,First,14910.8
2019,Ford,Mustang,2.3,72918,Manual,Diesel,Third,8586.97
2020,Ford,Mustang,2.0,99248,Automatic,Hybrid,First,16748.79
2016,Ford,Mustang,2.3,56450,Automatic,Petrol,First,11522.54
2016,Ford,Mustang,2.3,88038,Automatic,Electric,Second,14476.57
2022,Ford,Mustang,3.5,35535,Automatic,Petrol,Second,16844.03
2016,Ford,Mustang,1.5,45029,Manual,Diesel,Third,7353.67
2024,Ford,Mustang,2.0,106752,Automatic,Electric,First,25012.76
2015,Ford,Mustang,2.0,82064,Automatic,Diesel,Second,6371.51
2018,Ford,Mustang,2.3,25694,Automatic,Electric,Second,17711.14
2013,Ford,Mustang,3.5,12372,Automatic,Petrol,Third,8266.18
2022,Ford,Mustang,2.3,4597,Automatic,Hybrid,Third,17713.85
2022,Ford,Mustang,5.0,97348,Automatic,Electric,Third,20227.87
2018,Ford,Mustang,5.0,98918,Automatic,Diesel,Second,13963.05
2022,Ford,Mustang,5.0,105841,Manual,Hybrid,Second,20155.81
2017,Ford,Mustang,3.5,100676,Automatic,Petrol,Third,8743.58
2013,Ford,Mustang,1.5,81233,Automatic,Electric,First,11404.02
2021,Ford,Mustang,1.5,8167,Manual,Petrol,Third,12871.11
2020,Ford,Mustang,1.5,74947,Automatic,Hybrid,Second,15411.41
2022,Ford,Mustang,2.0,47674,Automatic,Electric,Third,16874.59
2014,Ford,Mustang,2.0,64256,Manual,Petrol,Second,6035.72
2024,Ford,Mustang,3.5,5963,Manual,Electric,Third,21276.83
2021,Ford,Mustang,2.0,65403,Automatic,Diesel,First,18713.31
2023,Ford,Mustang,3.5,77519,Automatic,Hybrid,Second,21978.5
2014,Ford,Mustang,1.5,105487,Manual,Petrol,Second,3980.31
2024,Ford,Mustang,5.0,84678,Manual,Electric,Third,19584.66
2018,Ford,Mustang,2.0,5108,Manual,Electric,Third,14131.4
2021,Ford,Mustang,2.3,72868,Automatic,Petrol,First,16956.08
2017,Ford,Mustang,2.0,65543,Automatic,Hybrid,Third,10885.8
2018,Ford,Mustang,1.5,15780,Automatic,Diesel,Third,10159.32
2021,Ford,Mustang,5.0,37346,Manual,Electric,Third,19015.6
2016,Ford,Mustang,5.0,63313,Automatic,Hybrid,Third,13046.39
2022,Ford,Mustang,1.5,22116,Manual,Diesel,Third,14465.89
2013,Ford,Mustang,3.5,100123,Automatic,Petrol,Second,6938.7
2013,Ford,Mustang,5.0,99188,Automatic,Petrol,Third,8038.6
2023,Ford,Mustang,2.0,125060,Automatic,Petrol,Third,14472.21
2020,Ford,Mustang,2.3,23125,Manual,Petrol,Third,13331.9
2018,Ford,Mustang,2.0,5620,Automatic,Diesel,Second,15487.07
2014,Ford,Mustang,2.3,82390,Automatic,Diesel,Third,5634.27
2024,Ford,Mustang,5.0,103970,Manual,Electric,First,26666.73
2023,Ford,Mustang,2.0,87101,Automatic,Petrol,First,19800.27
2019,Ford,Mustang,5.0,111778,Manual,Electric,Third,14720.77
2022,Ford,Mustang,1.5,44616,Automatic,Diesel,Third,14766.41
2015,Ford,Mustang,5.0,60395,Manual,Electric,Third,10377.88
2013,Ford,Mustang,3.5,3671,Manual,Hybrid,Third,8239.47
2017,Ford,Mustang,3.5,4074,Automatic,Hybrid,Third,15818.98
2013,Ford,Mustang,3.5,4986,Manual,Electric,Second,11214.33
2015,Ford,Mustang,5.0,87153,Automatic,Electric,First,18874.46
2015,Ford,Mustang,2.3,60124,Automatic,Petrol,First,9291.58
2022,Ford,Mustang,2.0,40251,Automatic,Diesel,Second,17539.92
2023,Ford,Mustang,1.5,111719,Automatic,Electric,First,22233.05
2017,Ford,Mustang,2.3,45718,Automatic,Diesel,First,14830.41
2022,Ford,Mustang,2.3,25821,Manual,Electric,First,24341.61
2015,Ford,Mustang,1.5,94891,Automatic,Diesel,Third,5480.56
2013,Ford,F-150,1.5,117616,Automatic,Diesel,First,5746.02
2019,Ford,F-150,2.3,14109,Automatic,Petrol,First,17004.83
2017,Ford,F-150,1.5,84007,Manual,Petrol,First,8870.33
2023,Ford,F-150,2.0,56811,Manual,Petrol,Third,13935.55
2019,Ford,F-150,5.0,94103,Automatic,Petrol,Second,16006.23
2015,Ford,F-150,5.0,60275,Automatic,Hybrid,Third,12145.38
2018,Ford,F-150,5.0,111220,Automatic,Diesel,Second,15054.89
2013,Ford,F-150,5.0,65576,Manual,Petrol,Third,5502.31
2016,Ford,F-150,3.5,36697,Automatic,Petrol,First,14245.19
2022,Ford,F-150,1.5,87739,Automatic,Diesel,Second,14611.87
2013,Ford,F-150,1.5,91263,Manual,Hybrid,First,6764.47
2022,Ford,F-150,2.0,88053,Automatic,Hybrid,Second,17993.67
2024,Ford,F-150,1.5,84641,Automatic,Electric,Third,19169.56
2020,Ford,F-150,2.0,79621,Automatic,Electric,Second,18879.47
2013,Ford,F-150,2.0,40271,Automatic,Petrol,Second,6015.93
2015,Ford,F-150,1.5,18150,Manual,Electric,First,13721.38
2017,Ford,F-150,3.5,94207,Manual,Petrol,First,12368.89
2015,Ford,F-150,3.5,88481,Automatic,Diesel,First,11230.27
2018,Ford,F-150,1.5,94003,Automatic,Diesel,Second,9829.89
2014,Ford,F-150,2.0,7535,Manual,Hybrid,First,11927.65
2017,Ford,F-150,5.0,69168,Automatic,Electric,First,21842.03
2020,Ford,F-150,2.3,98268,Manual,Electric,First,17437.25
2019,Ford,F-150,5.0,114883,Automatic,Hybrid,First,21090.54
2013,Ford,F-150,2.0,23047,Manual,Hybrid,Second,6072.67
2016,Ford,F-150,2.3,47891,Automatic,Electric,Third,13134.18
2017,Ford,F-150,1.5,123840,Automatic,Electric,First,15208.77
2024,Ford,F-150,1.5,15076,Manual,Hybrid,Second,21339.79
2024,Ford,F-150,1.5,11118,Automatic,Electric,Second,25227.6
2013,Ford,F-150,2.0,44792,Automatic,Diesel,First,6999.33
2022,Ford,F-150,5.0,45678,Manual,Electric,Second,23079.59
2014,Ford,F-150,5.0,59414,Automatic,Electric,Second,15214.41
2018,Ford,F-150,1.5,117310,Manual,Electric,First,14387.36
2021,Ford,F-150,2.3,72519,Manual,Petrol,First,16922.33
2024,Ford,F-150,1.5,109242,Automatic,Petrol,First,18371.46
2018,Ford,F-150,2.0,57711,Manual,Petrol,First,11365.92
2023,Ford,F-150,3.5,120932,Automatic,Hybrid,Second,19761.43
2015,Ford,F-150,5.0,102981,Automatic,Electric,Third,13513.66
2019,Ford,F-150,2.3,86509,Manual,Petrol,First,11483.11
2021,Ford,F-150,2.0,3694,Manual,Petrol,First,19357.19
2018,Ford,F-150,3.5,9704,Automatic,Hybrid,Second,19104.66
2020,Ford,F-150,2.0,100012,Automatic,Diesel,Third,12036.29
2013,Ford,F-150,3.5,74939,Automatic,Petrol,Third,6742.1
2021,Ford,F-150,2.3,101557,Automatic,Electric,Third,15617.14
2021,Ford,F-150,1.5,58186,Manual,Petrol,Second,14897.05
2022,Ford,F-150,5.0,82054,Automatic,Petrol,First,22926.42
2022,Ford,F-150,1.5,102588,Automatic,Petrol,Third,12460.34
2020,Ford,F-150,2.3,97786,Automatic,Hybrid,Third,14916.8
2019,Ford,F-150,2.0,10498,Automatic,Petrol,Second,14898.33
2020,Ford,F-150,1.5,12628,Manual,Hybrid,First,18132.33
2023,Ford,F-150,2.3,20772,Manual,Hybrid,First,24442.7
2016,Ford,F-150,5.0,44632,Automatic,Petrol,Second,12275.94
2016,Ford,F-150,3.5,29962,Automatic,Diesel,Second,14385.45
2015,Ford,F-150,1.5,45036,Automatic,Diesel,Third,7140.57
2017,Ford,F-150,2.3,32765,Manual,Diesel,First,11791.6
2015,Ford,F-150,2.0,16435,Automatic,Petrol,Second,10302.38
2018,Ford,F-150,2.3,71304,Automatic,Electric,Third,13579.22
2024,Ford,F-150,3.5,117119,Automatic,Diesel,Second,19838.5
2017,Ford,F-150,2.0,16882,Automatic,Hybrid,Second,13752.95
2020,Ford,F-150,3.5,96668,Manual,Diesel,Third,11739.18
2021,Ford,F-150,2.0,40656,Manual,Hybrid,First,18301.79
2014,Ford,F-150,2.0,81784,Manual,Petrol,First,8437.1
2018,Ford,F-150,1.5,17780,Manual,Diesel,Second,12825.85
2016,Ford,F-150,5.0,119342,Automatic,Hybrid,First,17198.13
2018,Ford,F-150,2.3,47472,Automatic,Electric,Third,15646.9
2018,Ford,F-150,5.0,32717,Automatic,Petrol,First,20381.22
2015,Ford,F-150,5.0,105537,Manual,Diesel,First,11107.34
2024,Ford,F-150,3.5,52582,Manual,Electric,Second,24996.93
2017,Ford,F-150,1.5,58186,Automatic,Hybrid,First,14317.1
2016,Ford,F-150,2.0,53690,Automatic,Hybrid,First,13663.41
2013,Ford,F-150,5.0,96608,Manual,Petrol,Third,5313.95
2024,Ford,F-150,5.0,119580,Automatic,Hybrid,Second,24354.92
2022,Ford,F-150,1.5,97950,Automatic,Electric,Second,18750.08
2013,Ford,F-150,1.5,129519,Automatic,Petrol,Third,2425.28
2014,Ford,F-150,1.5,7833,Automatic,Electric,Second,13142.7
2018,Ford,F-150,5.0,21402,Manual,Hybrid,Third,15035.52
2016,Ford,F-150,1.5,14695,Manual,Hybrid,Second,10142.03
2016,Ford,F-150,5.0,97910,Automatic,Petrol,Third,11587.59
2013,Ford,F-150,1.5,92405,Automatic,Diesel,First,6530.51
2015,Ford,F-150,2.3,126777,Manual,Electric,First,11901.97
2014,Ford,F-150,5.0,127579,Automatic,Diesel,Second,9649.58
2021,Ford,Explorer,3.5,32991,Automatic,Electric,First,24434.37
2020,Ford,Explorer,1.5,30114,Automatic,Electric,Second,17070.32
2022,Ford,Explorer,5.0,45679,Manual,Petrol,Second,18291.03
2014,Ford,Explorer,2.0,28411,Automatic,Petrol,Third,6286.76
2014,Ford,Explorer,2.3,55870,Automatic,Hybrid,Third,9402.65
2014,Ford,Explorer,3.5,26555,Automatic,Hybrid,Second,12773.59
2018,Ford,Explorer,2.0,72002,Manual,Petrol,Third,7961.79
2017,Ford,Explorer,1.5,125778,Automatic,Electric,First,12614.29
2018,Ford,Explorer,2.3,57555,Automatic,Petrol,Second,10410.61
2016,Ford,Explorer,2.3,108449,Automatic,Electric,Third,10309.7
2019,Ford,Explorer,5.0,33846,Manual,Petrol,Third,12668.94
2019,Ford,Explorer,3.5,126182,Manual,Electric,Second,14448.76
2023,Ford,Explorer,2.3,102854,Automatic,Electric,First,25802.81
2022,Ford,Explorer,5.0,101538,Automatic,Hybrid,Second,21921.8
2013,Ford,Explorer,3.5,119062,Manual,Diesel,Third,3778.11
2016,Ford,Explorer,5.0,37262,Automatic,Hybrid,Third,14400.64
2018,Ford,Explorer,1.5,11630,Automatic,Electric,First,18081.4
2020,Ford,Explorer,2.0,113261,Automatic,Petrol,First,15462.68
2013,Ford,Explorer,1.5,102767,Manual,Petrol,Second,2000.0
2015,Ford,Explorer,2.0,76166,Automatic,Hybrid,Second,11376.0
2015,Ford,Explorer,2.0,72726,Manual,Electric,Second,11414.15
2016,Ford,Explorer,5.0,65999,Manual,Electric,First,17885.52
2024,Ford,Explorer,5.0,23534,Automatic,Diesel,Second,25343.92
2017,Ford,Explorer,2.3,32405,Automatic,Petrol,Second,11929.62
2015,Ford,Explorer,2.3,20529,Automatic,Electric,First,15464.63
2021,Ford,Explorer,2.0,62980,Automatic,Diesel,Third,11756.47
2017,Ford,Explorer,5.0,118682,Automatic,Electric,Second,17453.06
2018,Ford,Explorer,5.0,86038,Automatic,Diesel,Second,14955.42
2017,Ford,Explorer,3.5,9922,Manual,Diesel,First,16165.06
2015,Ford,Explorer,3.5,12046,Automatic,Diesel,First,15073.34
2014,Ford,Explorer,2.0,33346,Automatic,Petrol,Second,7582.79
2016,Ford,Explorer,3.5,49060,Manual,Hybrid,Third,9992.96
2023,Ford,Explorer,2.0,97712,Manual,Hybrid,First,19451.93
2018,Ford,Explorer,2.0,46909,Automatic,Diesel,Second,13547.93
2024,Ford,Explorer,5.0,90273,Manual,Electric,Third,21751.43
2021,Ford,Explorer,3.5,121642,Manual,Diesel,First,15439.37
2016,Ford,Explorer,5.0,33844,Manual,Electric,Second,17105.54
2015,Ford,Explorer,2.0,51888,Automatic,Petrol,Third,6472.94
2017,Ford,Explorer,2.3,85001,Manual,Electric,Second,13101.49
2013,Ford,Explorer,1.5,116855,Manual,Diesel,Second,2654.31
2015,Ford,Explorer,3.5,74200,Manual,Petrol,Third,6754.06
2024,Ford,Explorer,2.3,70061,Automatic,Electric,First,25400.38
2021,Ford,Explorer,3.5,84214,Automatic,Hybrid,First,21078.03
2017,Ford,Explorer,1.5,56333,Manual,Electric,Third,10448.29
2016,Ford,Explorer,3.5,99771,Manual,Electric,Third,10330.79
2019,Ford,Explorer,2.0,71682,Manual,Petrol,Second,11726.73
2014,Ford,Explorer,5.0,7414,Automatic,Petrol,Second,14178.85
2022,Ford,Explorer,2.0,20500,Automatic,Electric,Third,19036.0
2013,Ford,Explorer,3.5,112832,Manual,Hybrid,First,9455.61
2013,Ford,Explorer,2.0,119047,Manual,Diesel,Second,4536.83
2016,Ford,Explorer,5.0,20669,Manual,Electric,First,20298.21
2024,Ford,Explorer,1.5,28395,Automatic,Diesel,Second,20869.28
2024,Ford,Explorer,1.5,96767,Automatic,Hybrid,Third,16393.72
2016,Ford,Explorer,2.0,48913,Automatic,Diesel,Second,11001.1
2022,Ford,Explorer,2.3,107489,Automatic,Diesel,Second,17215.93
2021,Ford,Explorer,3.5,109898,Manual,Diesel,First,16815.11
2014,Ford,Explorer,5.0,89612,Automatic,Electric,First,16376.4
2023,Ford,Explorer,2.0,91952,Automatic,Hybrid,Third,16029.89
2014,Ford,Explorer,1.5,91267,Manual,Diesel,First,7062.44
2018,Ford,Explorer,5.0,33531,Automatic,Petrol,First,19134.39
2018,Ford,Explorer,2.3,33857,Manual,Diesel,First,15661.76
2018,Ford,Explorer,1.5,10044,Manual,Diesel,Third,11760.06
2023,Ford,Explorer,2.3,57078,Automatic,Petrol,Third,16614.74
2020,Ford,Explorer,2.3,121319,Manual,Hybrid,Third,11655.67
2016,Ford,Explorer,2.3,13057,Manual,Hybrid,Second,13871.36
2017,Ford,Explorer,2.3,37017,Automatic,Electric,First,18202.75
2021,Ford,Explorer,1.5,20629,Automatic,Diesel,Third,14079.1
2023,Ford,Explorer,1.5,105979,Manual,Diesel,Second,15065.01
2020,Ford,Explorer,2.3,85742,Automatic,Hybrid,First,17946.03
2015,Ford,Explorer,2.3,52492,Manual,Petrol,Third,5518.38
2019,Ford,Explorer,1.5,52386,Automatic,Petrol,First,13212.08
2022,Ford,Explorer,3.5,50113,Automatic,Hybrid,Second,21318.66
2013,Ford,Explorer,2.0,76508,Manual,Diesel,Second,3202.2
2020,Ford,Explorer,5.0,9044,Manual,Hybrid,Third,16663.24
2018,Ford,Explorer,2.3,115162,Automatic,Diesel,First,14456.05
2013,Ford,Explorer,1.5,19702,Automatic,Diesel,Third,5033.02
2022,Ford,Explorer,3.5,128702,Manual,Hybrid,First,20590.08
2016,Ford,Explorer,2.0,110631,Automatic,Diesel,Third,7605.17
2024,Ford,Explorer,5.0,17633,Automatic,Diesel,First,29010.39
2015,Ford,Explorer,1.5,69793,Automatic,Electric,Third,10371.37
2018,Ford,Bronco,2.3,109885,Manual,Electric,First,13643.97
2017,Ford,Bronco,2.3,98229,Automatic,Diesel,Second,10693.85
2014,Ford,Bronco,2.3,128520,Manual,Diesel,Second,2768.26
2017,Ford,Bronco,2.3,47324,Automatic,Petrol,Third,8623.42
2015,Ford,Bronco,3.5,76686,Manual,Hybrid,Second,11760.55
2020,Ford,Bronco,1.5,52063,Automatic,Petrol,First,15809.43
2020,Ford,Bronco,2.3,51697,Manual,Hybrid,Third,12299.91
2021,Ford,Bronco,3.5,32877,Manual,Diesel,Third,16353.77
2019,Ford,Bronco,5.0,36481,Automatic,Petrol,Second,14756.3
2021,Ford,Bronco,5.0,83224,Manual,Petrol,First,20310.4
2019,Ford,Bronco,2.3,10910,Manual,Diesel,Third,12052.42
2022,Ford,Bronco,2.0,76228,Manual,Electric,First,23318.09
2022,Ford,Bronco,3.5,14825,Manual,Hybrid,First,26110.67
2022,Ford,Bronco,2.3,76596,Manual,Diesel,Second,15876.03
2014,Ford,Bronco,1.5,74468,Automatic,Diesel,First,6156.68
2017,Ford,Bronco,3.5,116920,Manual,Diesel,Second,10092.41
2015,Ford,Bronco,2.3,10887,Automatic,Electric,Third,12227.37
2022,Ford,Bronco,5.0,105201,Manual,Electric,Second,21679.89
2024,Ford,Bronco,2.3,124142,Automatic,Electric,Second,21220.45
2019,Ford,Bronco,1.5,105781,Manual,Hybrid,First,15175.59
2017,Ford,Bronco,5.0,95498,Automatic,Hybrid,First,18271.94
2018,Ford,Bronco,5.0,26949,Automatic,Petrol,Second,17705.83
2014,Ford,Bronco,5.0,105910,Manual,Hybrid,Third,9888.41
2022,Ford,Bronco,2.3,85735,Manual,Petrol,Third,10784.21
2019,Ford,Bronco,2.0,107820,Automatic,Electric,Third,13712.87
2014,Ford,Bronco,3.5,98028,Manual,Hybrid,Third,7820.99
2016,Ford,Bronco,1.5,84481,Manual,Petrol,Second,7295.79
2018,Ford,Bronco,2.3,122640,Automatic,Hybrid,First,14343.81
2016,Ford,Bronco,5.0,5260,Manual,Diesel,Second,13816.74
2016,Ford,Bronco,1.5,63110,Manual,Electric,Second,11413.72
2014,Ford,Bronco,2.0,15938,Automatic,Hybrid,Third,8805.01
2020,Ford,Bronco,2.3,8974,Manual,Petrol,Second,13896.0
2024,Ford,Bronco,3.5,90231,Automatic,Petrol,Third,14798.03
2020,Ford,Bronco,5.0,57708,Manual,Diesel,Third,15843.74
2022,Ford,Bronco,5.0,126379,Manual,Electric,First,24705.87
2018,Ford,Bronco,2.3,129336,Manual,Electric,Third,9088.66
2015,Ford,Bronco,2.3,7923,Manual,Hybrid,Third,10117.35
2021,Ford,Bronco,2.3,39575,Automatic,Hybrid,Second,20297.38
2024,Ford,Bronco,2.0,92710,Manual,Electric,Second,19941.73
2017,Ford,Bronco,5.0,38999,Manual,Petrol,First,15788.5
2018,Ford,Bronco,2.3,106348,Manual,Petrol,Second,8609.99
2023,Ford,Bronco,3.5,72358,Automatic,Diesel,Third,15837.27
2017,Ford,Bronco,5.0,6688,Manual,Petrol,Second,15370.51
2020,Ford,Bronco,1.5,97799,Manual,Electric,Third,11834.8
2020,Ford,Bronco,1.5,119094,Automatic,Electric,First,17116.95
2013,Ford,Bronco,5.0,121998,Automatic,Electric,First,15256.24
2018,Ford,Bronco,2.3,54444,Manual,Petrol,Third,10177.11
2015,Ford,Bronco,1.5,120035,Manual,Hybrid,First,6288.06
2020,Ford,Bronco,2.3,72212,Manual,Diesel,Second,14882.39
2018,Ford,Bronco,5.0,35844,Manual,Petrol,Third,14004.28
2016,Ford,Bronco,5.0,128274,Manual,Petrol,Third,8131.23
2017,Ford,Bronco,5.0,66869,Automatic,Petrol,Second,14113.66
2016,Ford,Bronco,5.0,65112,Automatic,Petrol,First,15352.55
2018,Ford,Bronco,2.0,89261,Automatic,Electric,Third,13692.13
2018,Ford,Bronco,5.0,69320,Automatic,Hybrid,Second,17577.85
2019,Ford,Bronco,2.0,112606,Automatic,Hybrid,First,17000.0
2021,Ford,Bronco,5.0,91913,Automatic,Hybrid,Third,17205.6
2019,Ford,Bronco,5.0,62940,Manual,Electric,Second,20720.87
2022,Ford,Bronco,1.5,82834,Manual,Petrol,Third,11964.81
2017,Ford,Bronco,2.3,46952,Automatic,Petrol,First,13362.04
2021,Ford,Bronco,2.0,56678,Manual,Petrol,Second,13977.44
2024,Ford,Bronco,1.5,29519,Manual,Petrol,Second,18909.79
2020,Ford,Bronco,2.3,65695,Automatic,Hybrid,Second,17269.9
2019,Ford,Bronco,3.5,41108,Manual,Hybrid,Third,14644.35
2023,Ford,Bronco,1.5,75980,Automatic,Diesel,Second,16794.2
2016,Ford,Bronco,2.3,16782,Automatic,Petrol,First,13273.65
2016,Ford,Bronco,1.5,81004,Automatic,Hybrid,Third,8409.81
2016,Ford,Bronco,5.0,30268,Automatic,Electric,First,21366.03
2024,Ford,Bronco,1.5,37293,Manual,Hybrid,Third,17765.61
2017,Ford,Bronco,2.3,26284,Manual,Hybrid,First,15175.84
2021,Ford,Bronco,3.5,65107,Manual,Diesel,Third,13334.31
2013,Ford,Bronco,1.5,78838,Automatic,Electric,Second,8350.15
2021,Ford,Bronco,1.5,70396,Automatic,Electric,Third,16468.33
2023,Ford,Bronco,5.0,111282,Automatic,Petrol,First,22953.25
2021,Ford,Bronco,1.5,57645,Automatic,Electric,Third,17666.4
2019,Ford,Bronco,2.0,13567,Manual,Petrol,Second,12509.51
2023,Ford,Bronco,1.5,7791,Automatic,Diesel,First,23862.46
2013,Ford,Bronco,2.0,58609,Automatic,Diesel,Second,6428.14
2020,Ford,Bronco,3.5,111953,Automatic,Petrol,Third,11234.98
2024,Ford,Bronco,2.3,93331,Automatic,Electric,Third,19154.42
2014,Ford,Expedition,3.5,25075,Manual,Hybrid,First,11988.73
2020,Ford,Expedition,2.3,76973,Automatic,Diesel,Second,13871.52
2013,Ford,Expedition,5.0,39845,Automatic,Electric,Third,12251.76
2023,Ford,Expedition,2.0,44722,Manual,Petrol,First,20480.11
2016,Ford,Expedition,5.0,103808,Automatic,Petrol,Second,12059.76
2013,Ford,Expedition,3.5,107697,Manual,Petrol,Third,3781.78
2024,Ford,Expedition,2.3,21105,Manual,Hybrid,Second,21616.31
2016,Ford,Expedition,3.5,62254,Manual,Hybrid,Second,11402.6
2014,Ford,Expedition,2.3,113034,Manual,Electric,Third,7629.63
2014,Ford,Expedition,2.3,119251,Manual,Diesel,Third,3062.59
2016,Ford,Expedition,2.0,90618,Automatic,Electric,Third,11008.52
2024,Ford,Expedition,2.3,24988,Automatic,Hybrid,First,26199.75
2023,Ford,Expedition,2.3,96103,Automatic,Petrol,Second,15977.93
2018,Ford,Expedition,5.0,7646,Manual,Petrol,Second,17702.07
2020,Ford,Expedition,1.5,55107,Manual,Electric,Second,15407.69
2021,Ford,Expedition,2.0,18957,Manual,Diesel,First,16707.7
2013,Ford,Expedition,3.5,116828,Automatic,Electric,Third,7323.84
2017,Ford,Expedition,2.0,46371,Manual,Diesel,Second,11154.28
2017,Ford,Expedition,2.3,89889,Automatic,Hybrid,Third,12412.56
2017,Ford,Expedition,1.5,90331,Automatic,Hybrid,First,13593.51
2014,Ford,Expedition,3.5,53912,Manual,Hybrid,Third,7357.41
2020,Ford,Expedition,2.0,71795,Automatic,Petrol,Third,11085.11
2020,Ford,Expedition,2.0,111287,Manual,Hybrid,First,15901.02
2021,Ford,Expedition,2.3,56767,Automatic,Petrol,Third,13515.36
2024,Ford,Expedition,2.3,120270,Manual,Diesel,Third,14165.2
2021,Ford,Expedition,3.5,48987,Automatic,Petrol,Third,14151.99
2021,Ford,Expedition,2.3,123321,Manual,Petrol,Second,12753.56
2018,Ford,Expedition,2.0,66042,Manual,Diesel,Third,9817.6
2021,Ford,Expedition,5.0,54357,Manual,Electric,First,26662.52
2017,Ford,Expedition,1.5,97884,Automatic,Petrol,Second,7038.26
2021,Ford,Expedition,1.5,104422,Automatic,Electric,Third,14114.58
2019,Ford,Expedition,5.0,100423,Manual,Petrol,First,16471.65
2020,Ford,Expedition,3.5,76150,Manual,Diesel,Second,14732.99
2020,Ford,Expedition,5.0,46625,Automatic,Electric,First,25326.62
2015,Ford,Expedition,2.0,102855,Automatic,Hybrid,Second,7705.33
2016,Ford,Expedition,2.0,125323,Automatic,Diesel,First,10586.14
2022,Ford,Expedition,5.0,51348,Automatic,Hybrid,Second,23321.65
2020,Ford,Expedition,3.5,98221,Manual,Petrol,First,15711.5
2020,Ford,Expedition,2.0,75571,Manual,Petrol,Third,11457.27
2024,Ford,Expedition,1.5,57816,Manual,Hybrid,First,22623.8
2016,Ford,Expedition,2.3,119134,Automatic,Hybrid,Second,9438.75
2023,Ford,Expedition,5.0,30452,Manual,Hybrid,First,28299.9
2017,Ford,Expedition,2.3,111875,Manual,Electric,Second,12739.68
2019,Ford,Expedition,5.0,118060,Manual,Diesel,First,16795.57
2013,Ford,Expedition,1.5,59947,Automatic,Diesel,Second,5713.6
2022,Ford,Expedition,2.0,105653,Automatic,Hybrid,First,20241.32
2022,Ford,Expedition,5.0,27240,Manual,Petrol,Third,17122.22
2017,Ford,Expedition,2.3,76150,Manual,Diesel,First,11589.3
2019,Ford,Expedition,2.3,108209,Manual,Hybrid,Second,12135.49
2015,Ford,Expedition,3.5,12596,Automatic,Electric,Second,17558.44
2015,Ford,Expedition,5.0,68355,Automatic,Diesel,First,14784.2
2023,Ford,Expedition,2.3,46246,Manual,Electric,Third,18964.28
2013,Ford,Expedition,5.0,56609,Automatic,Petrol,First,12330.93
2022,Ford,Expedition,3.5,28816,Automatic,Hybrid,Second,21349.54
2014,Ford,Expedition,2.3,11798,Manual,Hybrid,Third,8697.69
2020,Ford,Expedition,1.5,90638,Automatic,Electric,First,22071.74
2014,Ford,Expedition,5.0,113205,Automatic,Hybrid,Second,13058.95
2020,Ford,Expedition,3.5,77280,Manual,Diesel,Second,16278.43
2014,Ford,Expedition,2.0,96823,Manual,Diesel,Third,5904.16
2024,Ford,Expedition,1.5,111638,Automatic,Petrol,First,19944.31
2021,Ford,Expedition,2.3,11176,Manual,Electric,Second,20176.5
2016,Ford,Expedition,2.0,9021,Automatic,Diesel,Second,12101.29
2016,Ford,Expedition,5.0,11711,Manual,Petrol,Second,13114.2
2019,Ford,Expedition,5.0,61806,Automatic,Diesel,First,19816.25
2024,Ford,Expedition,2.0,107531,Automatic,Hybrid,Second,17809.89
2016,Ford,Expedition,2.0,41057,Manual,Petrol,Second,9403.63
2022,Ford,Expedition,3.5,76230,Automatic,Electric,First,26286.46
2021,Ford,Expedition,5.0,70696,Automatic,Petrol,Third,15951.23
2018,Ford,Expedition,2.3,91406,Automatic,Hybrid,First,14359.13
2016,Ford,Expedition,1.5,8608,Manual,Hybrid,Second,13208.88
2019,Ford,Expedition,3.5,78948,Automatic,Petrol,First,16346.17
2024,Ford,Expedition,3.5,56214,Manual,Electric,Second,25317.36
2017,Ford,Expedition,1.5,42842,Automatic,Petrol,Third,9422.36
2024,Ford,Expedition,3.5,62316,Automatic,Petrol,First,26131.74
2020,Ford,Expedition,5.0,34923,Manual,Hybrid,First,24334.86
2018,Ford,Expedition,1.5,124327,Automatic,Petrol,First,10825.0
2023,Ford,Expedition,5.0,35470,Automatic,Diesel,Second,25142.35
2013,Ford,Expedition,5.0,113573,Automatic,Diesel,Third,6707.8
2018,Ford,Expedition,1.5,21781,Manual,Electric,Third,13968.47
2024,Ford,Expedition,3.5,19979,Automatic,Diesel,Third,20043.23
2021,Ford,Edge,2.0,5243,Manual,Diesel,Second,17965.81
2018,Ford,Edge,2.3,99008,Automatic,Hybrid,Second,12302.48
2014,Ford,Edge,1.5,110157,Automatic,Hybrid,Second,5255.07
2024,Ford,Edge,1.5,95098,Manual,Diesel,First,17728.9
2024,Ford,Edge,3.5,4049,Manual,Hybrid,Second,23197.12
2018,Ford,Edge,1.5,120492,Manual,Hybrid,Second,9890.28
2019,Ford,Edge,2.3,61150,Automatic,Petrol,Third,11264.11
2019,Ford,Edge,2.0,115117,Automatic,Hybrid,Third,8965.99
2023,Ford,Edge,1.5,109942,Manual,Petrol,Third,10866.9
2015,Ford,Edge,2.0,35175,Manual,Electric,Third,10111.13
2013,Ford,Edge,1.5,66116,Automatic,Diesel,First,7873.1
2022,Ford,Edge,5.0,80188,Automatic,Petrol,Second,18768.56
2017,Ford,Edge,3.5,92439,Automatic,Petrol,Second,11483.73
2020,Ford,Edge,5.0,25488,Manual,Hybrid,First,23020.54
2023,Ford,Edge,3.5,114777,Manual,Diesel,Third,15773.5
2018,Ford,Edge,2.0,79439,Automatic,Petrol,First,11957.65
2018,Ford,Edge,5.0,21040,Automatic,Hybrid,Third,17314.9
2015,Ford,Edge,1.5,80722,Manual,Hybrid,Second,8634.88
2024,Ford,Edge,2.3,18290,Manual,Electric,Third,19875.35
2013,Ford,Edge,5.0,121943,Automatic,Diesel,First,10713.47
2023,Ford,Edge,2.0,8487,Automatic,Diesel,Third,17249.11
2016,Ford,Edge,2.0,114789,Manual,Petrol,Third,6863.6
2022,Ford,Edge,2.0,106727,Automatic,Electric,Second,19121.38
2022,Ford,Edge,5.0,88961,Manual,Petrol,Second,18682.83
2015,Ford,Edge,1.5,61596,Automatic,Diesel,Second,7631.73
2014,Ford,Edge,2.0,75467,Automatic,Hybrid,First,11025.2
2024,Ford,Edge,2.3,62004,Manual,Electric,First,24864.01
2014,Ford,Edge,1.5,51581,Manual,Diesel,Third,4401.26
2020,Ford,Edge,1.5,90739,Automatic,Petrol,Second,12085.32
2013,Ford,Edge,5.0,57068,Manual,Electric,Second,12872.24
2017,Ford,Edge,3.5,57333,Automatic,Petrol,First,15670.59
2015,Ford,Edge,5.0,15207,Automatic,Petrol,First,18023.41
2021,Ford,Edge,2.0,109704,Manual,Diesel,First,16379.81
2017,Ford,Edge,1.5,13060,Automatic,Petrol,Third,10603.74
2016,Ford,Edge,3.5,7030,Manual,Diesel,First,15487.97
2019,Ford,Edge,3.5,88389,Manual,Hybrid,Second,16877.05
2015,Ford,Edge,1.5,21932,Manual,Diesel,Third,8055.7
2024,Ford,Edge,5.0,118209,Automatic,Petrol,First,24924.48
2015,Ford,Edge,2.3,95447,Automatic,Hybrid,Second,10676.29
2020,Ford,Edge,5.0,60771,Manual,Diesel,Third,14816.23
2016,Ford,Edge,1.5,13956,Manual,Hybrid,Second,11558.91
2023,Ford,Edge,3.5,69266,Automatic,Petrol,Second,16140.48
2015,Ford,Edge,2.3,72715,Manual,Electric,Third,8542.85
2018,Ford,Edge,3.5,26434,Manual,Hybrid,Third,14898.8
2017,Ford,Edge,3.5,82599,Manual,Petrol,Second,11399.36
2017,Ford,Edge,2.0,35926,Manual,Petrol,Second,11045.79
2017,Ford,Edge,5.0,100805,Automatic,Electric,Third,13696.2
2015,Ford,Edge,2.0,39051,Manual,Electric,Third,8904.53
2021,Ford,Edge,3.5,82062,Automatic,Electric,Third,18494.25
2013,Ford,Edge,2.3,103874,Manual,Petrol,First,5331.41
2022,Ford,Edge,2.0,54097,Manual,Petrol,Third,11868.08
2017,Ford,Edge,1.5,5179,Manual,Hybrid,First,16782.04
2016,Ford,Edge,5.0,62875,Manual,Petrol,Second,12419.53
2024,Ford,Edge,2.0,92342,Manual,Diesel,First,21776.75
2014,Ford,Edge,1.5,47308,Manual,Electric,Second,9382.62
2017,Ford,Edge,2.3,79762,Manual,Hybrid,First,12995.57
2022,Ford,Edge,2.0,112963,Manual,Petrol,Third,9996.17
2018,Ford,Edge,2.3,58808,Automatic,Diesel,First,14379.34
2023,Ford,Edge,1.5,106431,Automatic,Petrol,Third,13676.81
2014,Ford,Edge,5.0,64009,Automatic,Electric,Second,13424.72
2013,Ford,Edge,2.3,74942,Manual,Diesel,Second,5740.37
2013,Ford,Edge,2.3,111378,Automatic,Hybrid,First,9037.93
2017,Ford,Edge,5.0,93332,Manual,Hybrid,First,18634.11
2023,Ford,Edge,3.5,13807,Automatic,Electric,First,30568.18
2021,Ford,Edge,2.3,40081,Manual,Electric,Third,16878.11
2017,Ford,Edge,2.3,77095,Automatic,Diesel,Third,9804.71
2019,Ford,Edge,1.5,41745,Manual,Petrol,Second,14157.97
2018,Ford,Edge,2.0,3944,Manual,Electric,Third,14400.71
2015,Ford,Edge,1.5,128733,Automatic,Hybrid,Third,7024.32
2017,Ford,Edge,2.0,31767,Manual,Hybrid,Third,11281.76
2020,Ford,Edge,2.0,70438,Manual,Petrol,Third,11315.61
2023,Ford,Edge,2.0,81572,Manual,Electric,First,22278.55
2015,Ford,Edge,2.3,123456,Automatic,Electric,First,11907.07
2019,Ford,Edge,2.3,24996,Manual,Diesel,Third,11971.85
2017,Ford,Edge,5.0,94901,Automatic,Electric,Third,14939.17
2019,Ford,Edge,1.5,101941,Automatic,Diesel,First,12919.12
2016,Ford,Edge,2.3,34145,Automatic,Electric,Third,10722.48
2022,Ford,Edge,1.5,38285,Manual,Diesel,First,19458.36
2017,Ford,Edge,3.5,30956,Automatic,Diesel,First,16462.37
2013,Ford,Edge,2.0,123454,Automatic,Hybrid,First,7274.29
2015,Ford,Fusion,2.0,3015,Manual,Diesel,Second,10394.75
2019,Ford,Fusion,2.0,94006,Manual,Petrol,First,12272.98
2021,Ford,Fusion,5.0,11507,Automatic,Petrol,Second,20600.67
2024,Ford,Fusion,2.3,9840,Automatic,Diesel,First,25385.2
2018,Ford,Fusion,5.0,117515,Manual,Hybrid,Second,14644.47
2018,Ford,Fusion,2.0,56950,Manual,Hybrid,Third,9865.72
2016,Ford,Fusion,5.0,64742,Manual,Petrol,Second,11926.04
2018,Ford,Fusion,2.3,65583,Manual,Petrol,Second,10768.29
2021,Ford,Fusion,5.0,40594,Automatic,Petrol,Third,16908.44
2016,Ford,Fusion,1.5,35899,Manual,Diesel,First,10033.24
2021,Ford,Fusion,2.3,84196,Manual,Petrol,First,15384.89
2017,Ford,Fusion,1.5,72110,Manual,Diesel,Third,8517.59
2017,Ford,Fusion,2.3,86008,Automatic,Diesel,First,13812.44
2024,Ford,Fusion,2.0,11520,Automatic,Hybrid,Third,20685.6
2018,Ford,Fusion,1.5,70309,Automatic,Hybrid,First,15560.15
2020,Ford,Fusion,5.0,90340,Manual,Hybrid,Third,13048.65
2017,Ford,Fusion,1.5,77534,Manual,Diesel,Third,9176.71
2024,Ford,Fusion,1.5,37980,Manual,Diesel,Third,15768.02
2019,Ford,Fusion,2.0,51704,Manual,Electric,First,18499.65
2013,Ford,Fusion,1.5,92532,Automatic,Hybrid,Second,5708.94
2014,Ford,Fusion,1.5,45485,Manual,Hybrid,Second,8545.08
2023,Ford,Fusion,5.0,4753,Manual,Petrol,Second,22012.78
2017,Ford,Fusion,1.5,16880,Manual,Electric,Second,14072.57
2015,Ford,Fusion,2.3,79719,Automatic,Electric,Third,10785.12
2021,Ford,Fusion,1.5,29598,Manual,Electric,First,21337.08
2019,Ford,Fusion,3.5,25187,Manual,Diesel,Third,12058.88
2017,Ford,Fusion,2.0,18977,Manual,Hybrid,Third,11912.39
2014,Ford,Fusion,5.0,30740,Automatic,Diesel,Second,13903.98
2022,Ford,Fusion,5.0,35177,Automatic,Diesel,Third,18854.21
2024,Ford,Fusion,5.0,41749,Manual,Electric,Second,27373.15
2013,Ford,Fusion,2.0,20881,Manual,Hybrid,First,9405.26
2023,Ford,Fusion,2.0,107512,Automatic,Hybrid,Second,19722.7
2018,Ford,Fusion,2.0,50249,Automatic,Petrol,Second,12339.54
2021,Ford,Fusion,2.3,27524,Manual,Diesel,Second,14555.61
2024,Ford,Fusion,2.3,57261,Manual,Diesel,First,21073.81
2014,Ford,Fusion,1.5,32541,Automatic,Electric,Second,11460.9
2022,Ford,Fusion,5.0,30453,Manual,Hybrid,Third,18809.54
2019,Ford,Fusion,5.0,129581,Manual,Electric,First,20262.42
2021,Ford,Fusion,5.0,40710,Manual,Hybrid,Third,17146.37
2020,Ford,Fusion,1.5,65508,Manual,Petrol,Third,9646.32
2023,Ford,Fusion,2.3,98424,Manual,Petrol,First,18509.41
2021,Ford,Fusion,3.5,78028,Manual,Electric,Third,16678.54
2021,Ford,Fusion,5.0,58268,Automatic,Hybrid,Third,18016.27
2013,Ford,Fusion,2.3,84219,Automatic,Hybrid,Third,7947.67
2017,Ford,Fusion,2.0,53126,Manual,Electric,First,15177.3
2015,Ford,Fusion,5.0,33121,Automatic,Hybrid,Second,14726.4
2015,Ford,Fusion,1.5,74975,Manual,Diesel,Third,7013.78
2020,Ford,Fusion,2.3,86312,Automatic,Electric,First,19817.52
2017,Ford,Fusion,5.0,34510,Automatic,Hybrid,Second,19598.82
2020,Ford,Fusion,2.0,116838,Manual,Petrol,Third,8958.47
2022,Ford,Fusion,2.3,127737,Manual,Petrol,First,14680.01
2021,Ford,Fusion,1.5,25733,Manual,Petrol,Third,11367.03
2013,Ford,Fusion,3.5,129421,Automatic,Electric,Third,10025.26
2023,Ford,Fusion,2.0,92557,Automatic,Hybrid,Second,19198.94
2024,Ford,Fusion,2.3,40958,Manual,Diesel,Third,15981.82
2021,Ford,Fusion,3.5,61235,Automatic,Electric,Second,21343.24
2022,Ford,Fusion,2.0,51351,Manual,Electric,Third,16976.93
2014,Ford,Fusion,5.0,33105,Automatic,Electric,Third,12684.43
2023,Ford,Fusion,1.5,61215,Automatic,Petrol,Third,15028.31
2023,Ford,Fusion,2.3,34740,Manual,Diesel,Second,17487.11
2024,Ford,Fusion,1.5,51365,Manual,Hybrid,First,22823.32
2013,Ford,Fusion,2.0,8004,Manual,Petrol,Second,5714.22
2017,Ford,Fusion,2.3,46555,Automatic,Hybrid,First,17226.22
2022,Ford,Fusion,2.0,66471,Automatic,Hybrid,Second,19494.02
2017,Ford,Fusion,2.0,119475,Manual,Hybrid,First,10378.32
2016,Ford,Fusion,3.5,12290,Automatic,Electric,Second,17262.29
2017,Ford,Fusion,2.3,127433,Manual,Electric,Third,8626.52
2022,Ford,Fusion,5.0,86816,Automatic,Hybrid,First,26614.74
2014,Ford,Fusion,3.5,69177,Automatic,Diesel,Third,7180.93
2022,Ford,Fusion,1.5,31176,Manual,Petrol,First,17325.34
2017,Ford,Fusion,1.5,42994,Automatic,Petrol,Third,9382.97
2018,Ford,Fusion,5.0,24395,Automatic,Electric,Second,19701.55
2013,Ford,Fusion,2.3,120025,Automatic,Petrol,Third,3781.14
2014,Ford,Fusion,3.5,4780,Manual,Electric,First,18023.45
2017,Ford,Fusion,3.5,93504,Manual,Hybrid,First,15953.0
2020,Ford,Fusion,1.5,100552,Automatic,Petrol,First,15470.41
2014,Ford,Fusion,5.0,129216,Manual,Hybrid,Second,8792.22
2013,Ford,Fusion,1.5,119957,Manual,Hybrid,Second,3896.2
2021,Ford,Fusion,3.5,96976,Manual,Electric,Third,16542.57
2014,Ford,Fusion,2.3,4080,Manual,Hybrid,Second,8938.61
2014,Ford,Escape,2.3,3639,Manual,Petrol,Third,4913.65
2022,Ford,Escape,5.0,87861,Manual,Hybrid,Third,17427.18
2015,Ford,Escape,5.0,63531,Automatic,Diesel,Second,14168.96
2014,Ford,Escape,3.5,110012,Manual,Diesel,First,8057.4
2016,Ford,Escape,5.0,21240,Manual,Electric,First,21266.15
2015,Ford,Escape,2.0,85093,Manual,Diesel,First,8598.75
2024,Ford,Escape,3.5,45816,Automatic,Petrol,First,26125.63
2014,Ford,Escape,3.5,73726,Automatic,Diesel,Second,7425.46
2017,Ford,Escape,3.5,77822,Manual,Electric,Third,11659.2
2020,Ford,Escape,5.0,59950,Manual,Petrol,First,19465.62
2021,Ford,Escape,1.5,22455,Automatic,Diesel,Second,15363.54
2020,Ford,Escape,2.3,83731,Manual,Diesel,First,15180.93
2015,Ford,Escape,2.0,123827,Automatic,Electric,First,13362.23
2020,Ford,Escape,2.0,89173,Automatic,Hybrid,Second,15168.4
2018,Ford,Escape,5.0,19167,Automatic,Hybrid,First,22950.91
2019,Ford,Escape,5.0,15683,Manual,Hybrid,Second,19593.19
2023,Ford,Escape,3.5,73097,Manual,Hybrid,First,24888.62
2024,Ford,Escape,1.5,5124,Automatic,Hybrid,First,27710.63
2015,Ford,Escape,3.5,21676,Manual,Petrol,Second,11151.02
2020,Ford,Escape,1.5,128391,Manual,Hybrid,Third,12307.07
2021,Ford,Escape,2.0,98201,Manual,Diesel,First,16617.33
2017,Ford,Escape,1.5,94815,Automatic,Petrol,First,9914.48
2022,Ford,Escape,2.3,101530,Manual,Hybrid,Second,16430.78
2019,Ford,Escape,3.5,58038,Automatic,Electric,Second,18744.23
2021,Ford,Escape,5.0,11271,Automatic,Hybrid,First,26316.76
2020,Ford,Escape,3.5,62660,Manual,Hybrid,Third,15110.66
2020,Ford,Escape,5.0,10235,Manual,Diesel,Second,19706.51
2022,Ford,Escape,2.3,67558,Manual,Hybrid,Second,14966.69
2024,Ford,Escape,3.5,82434,Manual,Diesel,First,23534.81
2015,Ford,Escape,5.0,68873,Automatic,Electric,Second,16450.23
2022,Ford,Escape,2.0,11983,Manual,Hybrid,First,22128.21
2017,Ford,Escape,2.0,37890,Manual,Electric,Third,12339.84
2014,Ford,Escape,1.5,72284,Automatic,Hybrid,Second,9665.43
2019,Ford,Escape,2.3,105339,Manual,Hybrid,Third,10913.18
2024,Ford,Escape,1.5,40010,Manual,Hybrid,Third,15833.53
2019,Ford,Escape,1.5,5466,Manual,Petrol,Second,11764.01
2018,Ford,Escape,3.5,9928,Automatic,Diesel,First,18820.9
2020,Ford,Escape,3.5,113449,Automatic,Hybrid,Second,17245.34
2023,Ford,Escape,2.3,114186,Automatic,Diesel,First,19813.95
2016,Ford,Escape,1.5,117250,Manual,Hybrid,First,9923.38
2020,Ford,Escape,2.3,24770,Automatic,Electric,Second,17879.83
2022,Ford,Escape,2.0,74303,Automatic,Hybrid,Third,17326.94
2014,Ford,Escape,2.3,79286,Manual,Petrol,First,6579.31
2018,Ford,Escape,1.5,13236,Automatic,Electric,Second,17615.07
2013,Ford,Escape,2.0,48650,Automatic,Petrol,First,7646.18
2018,Ford,Escape,5.0,7176,Manual,Petrol,Third,13907.65
2022,Ford,Escape,2.3,121458,Manual,Hybrid,First,19701.46
2017,Ford,Escape,3.5,8271,Manual,Diesel,Second,13611.62
2018,Ford,Escape,2.0,88970,Automatic,Petrol,First,11938.21
2014,Ford,Escape,2.3,9862,Automatic,Petrol,Second,9335.01
2016,Ford,Escape,5.0,85963,Manual,Electric,Third,12020.83
2019,Ford,Escape,3.5,14937,Automatic,Electric,Third,17021.01
2013,Ford,Escape,2.0,106657,Manual,Petrol,Third,3341.18
2018,Ford,Escape,1.5,7369,Manual,Electric,Second,16543.88
2013,Ford,Escape,3.5,36055,Manual,Hybrid,First,9835.16
2013,Ford,Escape,1.5,58779,Automatic,Diesel,Third,4477.58
2014,Ford,Escape,5.0,23886,Automatic,Diesel,Second,10664.98
2019,Ford,Escape,1.5,82522,Automatic,Diesel,First,14215.39
2013,Ford,Escape,5.0,55882,Manual,Electric,Third,9789.17
2019,Ford,Escape,1.5,114633,Manual,Diesel,Third,8380.82
2017,Ford,Escape,3.5,16338,Manual,Petrol,Third,9782.45
2014,Ford,Escape,1.5,16686,Manual,Petrol,First,9532.56
2020,Ford,Escape,3.5,107887,Automatic,Hybrid,Third,14247.83
2019,Ford,Escape,5.0,41059,Automatic,Petrol,Second,16800.34
2024,Ford,Escape,2.0,103890,Manual,Petrol,First,18556.34
2018,Ford,Escape,3.5,13967,Manual,Hybrid,First,19722.34
2024,Ford,Escape,2.3,12616,Automatic,Petrol,Third,19721.65
2024,Ford,Escape,2.3,19943,Manual,Electric,Third,20887.49
2013,Ford,Escape,3.5,19462,Automatic,Diesel,Second,9436.35
2021,Ford,Escape,1.5,20868,Manual,Diesel,Third,13083.16
2015,Ford,Escape,5.0,102854,Manual,Electric,Second,10896.88
2014,Ford,Escape,2.3,13223,Automatic,Diesel,First,10139.46
2019,Ford,Escape,3.5,10970,Automatic,Electric,Third,16214.99
2017,Ford,Escape,1.5,71835,Manual,Hybrid,First,12258.27
2023,Ford,Escape,3.5,119916,Automatic,Petrol,Third,14169.2
2015,Ford,Escape,2.3,51226,Manual,Hybrid,Third,7789.98
2022,Ford,Escape,5.0,13995,Automatic,Hybrid,Third,21946.37
2017,Ford,Escape,3.5,4942,Automatic,Diesel,Third,13620.76
2020,Ford,Escape,2.0,83093,Automatic,Diesel,Third,11956.92
2016,Ford,Escape,1.5,122324,Manual,Electric,Third,9946.21
2022,BMW,3 Series,4.4,31004,Manual,Petrol,First,40426.43
2014,BMW,3 Series,2.0,113960,Automatic,Diesel,First,14814.39
2013,BMW,3 Series,2.0,19676,Manual,Electric,Third,14658.57
2024,BMW,3 Series,4.4,7860,Manual,Hybrid,First,49036.74
2021,BMW,3 Series,4.4,123198,Manual,Diesel,First,30048.24
2015,BMW,3 Series,3.0,64336,Automatic,Petrol,Second,15648.43
2017,BMW,3 Series,4.4,18372,Automatic,Hybrid,Second,24049.48
2017,BMW,3 Series,3.0,51481,Manual,Petrol,Second,21106.88
2019,BMW,3 Series,3.0,102605,Manual,Electric,Third,23102.65
2019,BMW,3 Series,2.0,77796,Automatic,Electric,Second,26389.43
2016,BMW,3 Series,4.4,104611,Automatic,Petrol,First,21204.96
2024,BMW,3 Series,4.4,96993,Automatic,Petrol,Second,36595.47
2017,BMW,3 Series,2.0,89682,Manual,Diesel,Third,17198.71
2013,BMW,3 Series,3.0,11539,Manual,Diesel,Second,12932.24
2019,BMW,3 Series,2.0,78801,Manual,Petrol,First,24942.69
2018,BMW,3 Series,4.4,33028,Automatic,Hybrid,Second,28376.72
2014,BMW,3 Series,2.0,125466,Automatic,Hybrid,First,13631.49
2019,BMW,3 Series,4.4,45719,Automatic,Hybrid,Third,25131.78
2015,BMW,3 Series,3.0,92541,Manual,Diesel,First,17534.66
2024,BMW,3 Series,4.4,110006,Automatic,Diesel,Second,38509.27
2021,BMW,3 Series,2.0,27276,Manual,Petrol,First,34071.34
2014,BMW,3 Series,2.0,129206,Automatic,Electric,First,19996.88
2018,BMW,3 Series,2.0,48104,Manual,Diesel,First,26206.0
2014,BMW,3 Series,3.0,52979,Manual,Petrol,Second,8570.19
2014,BMW,3 Series,4.4,11302,Manual,Electric,First,22139.07
2016,BMW,3 Series,4.4,83541,Manual,Diesel,Second,15539.82
2021,BMW,3 Series,3.0,118256,Manual,Hybrid,First,33351.81
2022,BMW,3 Series,3.0,72918,Manual,Hybrid,First,33393.11
2019,BMW,3 Series,4.4,73605,Manual,Petrol,First,28039.42
2016,BMW,3 Series,4.4,21909,Manual,Hybrid,Third,18455.33
2019,BMW,3 Series,4.4,104536,Automatic,Diesel,Second,22261.27
2016,BMW,3 Series,3.0,14663,Manual,Petrol,Third,14132.89
2013,BMW,3 Series,3.0,106080,Automatic,Electric,Third,14992.62
2014,BMW,3 Series,2.0,92987,Manual,Electric,Second,16249.16
2013,BMW,3 Series,4.4,71607,Manual,Hybrid,Second,12917.9
2017,BMW,3 Series,2.0,34419,Manual,Hybrid,Third,17497.43
2017,BMW,3 Series,4.4,74540,Manual,Petrol,Second,20488.88
2020,BMW,3 Series,2.0,49629,Manual,Petrol,Third,24838.87
2023,BMW,3 Series,2.0,71513,Automatic,Electric,Second,38488.1
2014,BMW,3 Series,4.4,19040,Automatic,Electric,First,21219.53
2013,BMW,3 Series,2.0,57145,Manual,Diesel,Third,10829.18
2015,BMW,3 Series,4.4,67037,Automatic,Hybrid,Second,15640.87
2017,BMW,3 Series,2.0,125621,Manual,Petrol,Third,12719.6
2021,BMW,3 Series,3.0,61122,Automatic,Diesel,Second,31228.37
2020,BMW,3 Series,4.4,13662,Manual,Electric,Third,25682.78
2020,BMW,3 Series,3.0,127698,Automatic,Electric,First,37069.81
2020,BMW,3 Series,3.0,129888,Automatic,Petrol,Second,24816.06
2018,BMW,3 Series,2.0,80413,Automatic,Petrol,First,27160.66
2017,BMW,3 Series,3.0,66332,Automatic,Hybrid,Third,23096.88
2020,BMW,3 Series,4.4,52895,Automatic,Hybrid,Third,27600.48
2015,BMW,3 Series,3.0,30597,Manual,Diesel,Third,14694.4
2015,BMW,3 Series,3.0,51634,Manual,Petrol,Second,16438.66
2024,BMW,3 Series,4.4,28370,Manual,Hybrid,First,50138.17
2019,BMW,3 Series,4.4,27644,Manual,Petrol,Third,20540.41
2020,BMW,3 Series,3.0,14143,Manual,Hybrid,Second,28095.42
2015,BMW,3 Series,2.0,124555,Manual,Petrol,Third,9442.22
2023,BMW,3 Series,4.4,98737,Manual,Diesel,First,45494.63
2013,BMW,3 Series,4.4,49901,Automatic,Petrol,Third,9303.99
2024,BMW,3 Series,2.0,5775,Automatic,Petrol,Second,41312.65
2020,BMW,3 Series,4.4,25838,Automatic,Diesel,First,37089.26
2021,BMW,3 Series,4.4,22622,Automatic,Petrol,First,40404.99
2024,BMW,3 Series,2.0,20177,Manual,Hybrid,Third,36919.74
2018,BMW,3 Series,4.4,107997,Manual,Electric,First,33387.8
2015,BMW,3 Series,3.0,101315,Automatic,Petrol,Second,13275.36
2017,BMW,3 Series,3.0,62220,Manual,Diesel,Third,13655.04
2018,BMW,3 Series,2.0,26696,Automatic,Electric,Second,25237.63
2021,BMW,3 Series,4.4,30044,Manual,Diesel,Third,25134.58
2017,BMW,3 Series,4.4,97088,Manual,Electric,First,25773.51
2019,BMW,3 Series,4.4,66853,Manual,Electric,Second,30384.25
2016,BMW,3 Series,4.4,111570,Manual,Diesel,First,18999.05
2024,BMW,3 Series,4.4,65303,Manual,Hybrid,Third,34104.0
2016,BMW,3 Series,2.0,95862,Automatic,Petrol,Second,15537.29
2014,BMW,3 Series,3.0,94277,Automatic,Diesel,Second,14391.75
2023,BMW,3 Series,3.0,28835,Manual,Diesel,Third,29394.03
2013,BMW,3 Series,4.4,21951,Automatic,Diesel,First,16906.08
2024,BMW,3 Series,2.0,33580,Manual,Electric,Third,37610.36
2019,BMW,3 Series,3.0,21693,Manual,Electric,First,31617.83
2018,BMW,3 Series,2.0,103794,Manual,Hybrid,Second,20177.57
2016,BMW,3 Series,3.0,15857,Manual,Hybrid,First,21969.91
2014,BMW,3 Series,4.4,21300,Automatic,Diesel,Second,14862.35
2019,BMW,5 Series,2.0,81766,Automatic,Electric,Third,23508.86
2024,BMW,5 Series,2.0,98259,Manual,Hybrid,Second,37148.29
2021,BMW,5 Series,4.4,24699,Manual,Electric,Second,37499.55
2019,BMW,5 Series,3.0,111304,Manual,Diesel,Second,23452.09
2018,BMW,5 Series,3.0,57583,Manual,Electric,Third,20707.1
2016,BMW,5 Series,2.0,27680,Manual,Electric,Third,15128.01
2021,BMW,5 Series,4.4,114658,Automatic,Diesel,First,32733.55
2022,BMW,5 Series,3.0,8969,Manual,Petrol,Third,27542.42
2021,BMW,5 Series,3.0,50940,Automatic,Diesel,Third,26983.38
2019,BMW,5 Series,2.0,38950,Manual,Hybrid,Third,22543.28
2022,BMW,5 Series,3.0,69940,Manual,Diesel,Second,33525.84
2014,BMW,5 Series,2.0,82386,Automatic,Electric,Second,17329.36
2020,BMW,5 Series,3.0,117696,Manual,Electric,Third,24056.81
2013,BMW,5 Series,4.4,23010,Manual,Electric,Third,14499.18
2016,BMW,5 Series,4.4,128223,Automatic,Diesel,First,21089.74
2020,BMW,5 Series,2.0,53604,Manual,Hybrid,Second,26060.07
2024,BMW,5 Series,3.0,51897,Manual,Electric,Second,40750.58
2020,BMW,5 Series,4.4,49491,Manual,Petrol,Second,28769.01
2016,BMW,5 Series,3.0,16698,Automatic,Petrol,Third,16153.8
2015,BMW,5 Series,4.4,116005,Manual,Electric,First,20574.47
2020,BMW,5 Series,3.0,114022,Automatic,Electric,First,33467.69
2014,BMW,5 Series,3.0,30385,Automatic,Diesel,First,16534.93
2016,BMW,5 Series,3.0,100289,Automatic,Hybrid,Second,20234.44
2013,BMW,5 Series,4.4,48344,Manual,Electric,First,17371.04
2017,BMW,5 Series,3.0,97075,Automatic,Electric,Second,20971.73
2020,BMW,5 Series,4.4,82858,Automatic,Petrol,First,32453.81
2023,BMW,5 Series,2.0,62241,Manual,Hybrid,First,39953.03
2017,BMW,5 Series,2.0,81591,Manual,Diesel,Second,18738.58
2022,BMW,5 Series,2.0,89479,Automatic,Petrol,Second,28793.49
2020,BMW,5 Series,2.0,102252,Automatic,Hybrid,First,32206.23
2013,BMW,5 Series,4.4,86323,Automatic,Petrol,First,16972.79
2024,BMW,5 Series,4.4,26901,Manual,Diesel,Third,33448.12
2016,BMW,5 Series,2.0,22755,Manual,Diesel,Third,14515.09
2021,BMW,5 Series,4.4,94544,Manual,Diesel,Second,26176.11
2021,BMW,5 Series,4.4,12236,Manual,Diesel,First,37442.01
2017,BMW,5 Series,4.4,23096,Automatic,Diesel,First,30833.85
2022,BMW,5 Series,3.0,90221,Automatic,Hybrid,Second,35801.58
2017,BMW,5 Series,3.0,92247,Manual,Electric,Second,25001.47
2019,BMW,5 Series,4.4,29465,Automatic,Hybrid,Third,28421.58
2014,BMW,5 Series,2.0,58178,Manual,Petrol,Third,7943.47
2015,BMW,5 Series,3.0,8028,Manual,Electric,Third,15220.6
2017,BMW,5 Series,3.0,107417,Manual,Diesel,Third,16359.1
2016,BMW,5 Series,3.0,5696,Manual,Diesel,Second,15142.54
2021,BMW,5 Series,3.0,118828,Automatic,Diesel,Third,24567.02
2017,BMW,5 Series,4.4,87482,Automatic,Petrol,Second,22304.57
2019,BMW,5 Series,3.0,74301,Automatic,Electric,Second,28938.89
2020,BMW,5 Series,2.0,7959,Manual,Petrol,Third,20854.57
2019,BMW,5 Series,4.4,105193,Manual,Diesel,Third,21387.55
2014,BMW,5 Series,2.0,112864,Manual,Petrol,Third,6215.11
2023,BMW,5 Series,2.0,84008,Manual,Hybrid,Third,30470.14
2015,BMW,5 Series,3.0,61017,Manual,Petrol,First,15410.52
2021,BMW,5 Series,3.0,85418,Manual,Petrol,Second,31489.34
2020,BMW,5 Series,3.0,70641,Manual,Hybrid,Third,20863.19
2022,BMW,5 Series,2.0,13068,Automatic,Electric,First,44636.76
2024,BMW,5 Series,4.4,55165,Manual,Hybrid,First,45994.2
2016,BMW,5 Series,3.0,60295,Manual,Hybrid,Third,15916.75
2024,BMW,5 Series,4.4,15818,Manual,Hybrid,First,48094.75
2024,BMW,5 Series,2.0,59680,Automatic,Diesel,Second,38742.11
2015,BMW,5 Series,4.4,123120,Automatic,Hybrid,Third,17807.62
2016,BMW,5 Series,3.0,74427,Automatic,Petrol,Third,15676.94
2020,BMW,5 Series,2.0,15644,Automatic,Electric,Third,27562.89
2014,BMW,5 Series,4.4,29539,Manual,Diesel,Second,15322.04
2019,BMW,5 Series,3.0,35683,Manual,Electric,Second,25588.26
2024,BMW,5 Series,2.0,85579,Automatic,Diesel,Third,32123.21
2019,BMW,5 Series,3.0,82968,Manual,Electric,Third,24562.64
2019,BMW,5 Series,3.0,30476,Manual,Hybrid,Second,24094.61
2016,BMW,5 Series,2.0,6881,Automatic,Diesel,First,20600.11
2013,BMW,5 Series,3.0,60026,Automatic,Diesel,Third,7599.74
2015,BMW,5 Series,3.0,77638,Automatic,Electric,Third,17358.62
2021,BMW,5 Series,2.0,109826,Automatic,Hybrid,First,33474.82
2023,BMW,5 Series,2.0,18305,Manual,Diesel,Second,33513.17
2015,BMW,5 Series,2.0,92363,Manual,Electric,Third,15443.89
2022,BMW,5 Series,3.0,25525,Manual,Electric,Second,35819.54
2023,BMW,5 Series,4.4,26504,Manual,Hybrid,Second,36839.09
2020,BMW,5 Series,3.0,114597,Automatic,Hybrid,Second,31790.24
2021,BMW,5 Series,2.0,24311,Manual,Petrol,Second,29863.68
2020,BMW,5 Series,4.4,66130,Manual,Petrol,First,35047.16
2023,BMW,5 Series,2.0,85702,Manual,Petrol,First,39319.33
2019,BMW,5 Series,4.4,59690,Automatic,Petrol,Third,23247.25
2021,BMW,5 Series,2.0,114081,Automatic,Electric,Third,28143.97
2023,BMW,X5,4.4,92609,Automatic,Electric,Third,33154.02
2018,BMW,X5,3.0,92976,Automatic,Electric,Second,25287.76
2017,BMW,X5,4.4,16565,Manual,Petrol,Second,22672.9
2013,BMW,X5,4.4,25580,Manual,Hybrid,First,17001.38
2021,BMW,X5,2.0,52349,Automatic,Electric,Third,26472.97
2024,BMW,X5,3.0,65805,Manual,Hybrid,Third,31985.93
2018,BMW,X5,4.4,100449,Manual,Hybrid,Third,16898.32
2017,BMW,X5,2.0,39725,Automatic,Hybrid,First,25523.94
2014,BMW,X5,2.0,86420,Manual,Petrol,First,13721.4
2019,BMW,X5,2.0,115673,Manual,Petrol,Third,14181.21
2019,BMW,X5,2.0,101651,Manual,Petrol,Second,21475.03
2014,BMW,X5,2.0,60396,Automatic,Electric,Second,15382.0
2014,BMW,X5,4.4,121559,Automatic,Hybrid,Third,13005.03
2016,BMW,X5,3.0,83291,Automatic,Petrol,Third,15631.55
2023,BMW,X5,4.4,93091,Automatic,Petrol,Third,32891.22
2019,BMW,X5,3.0,6107,Automatic,Hybrid,Third,22059.32
2014,BMW,X5,4.4,53075,Automatic,Hybrid,First,20778.37
2015,BMW,X5,4.4,17642,Manual,Hybrid,Second,19595.32
2020,BMW,X5,2.0,96885,Automatic,Electric,Second,29751.98
2015,BMW,X5,4.4,13908,Automatic,Electric,Third,19533.66
2024,BMW,X5,3.0,123177,Automatic,Hybrid,Third,35447.46
2020,BMW,X5,2.0,119575,Manual,Hybrid,First,26469.56
2017,BMW,X5,2.0,125734,Manual,Electric,First,24922.6
2013,BMW,X5,3.0,71173,Manual,Petrol,Second,10254.07
2014,BMW,X5,4.4,9402,Manual,Diesel,Second,13932.5
2014,BMW,X5,3.0,88470,Manual,Hybrid,Second,14017.53
2019,BMW,X5,3.0,84046,Manual,Petrol,Second,22338.86
2024,BMW,X5,4.4,37837,Automatic,Electric,First,55636.7
2017,BMW,X5,4.4,19555,Automatic,Diesel,Third,19648.64
2023,BMW,X5,4.4,34644,Manual,Petrol,First,44209.55
2016,BMW,X5,4.4,59078,Manual,Hybrid,Third,16384.31
2018,BMW,X5,3.0,21366,Automatic,Petrol,Third,22703.79
2022,BMW,X5,4.4,82424,Manual,Electric,Third,32219.77
2022,BMW,X5,2.0,129302,Automatic,Diesel,First,30875.42
2021,BMW,X5,4.4,116997,Automatic,Electric,First,42029.86
2022,BMW,X5,4.4,109862,Manual,Diesel,Second,35858.52
2018,BMW,X5,4.4,66176,Manual,Diesel,Second,23127.03
2017,BMW,X5,2.0,57235,Manual,Electric,First,25161.7
2023,BMW,X5,2.0,101993,Manual,Electric,Second,33860.31
2013,BMW,X5,3.0,52581,Automatic,Electric,Second,12682.95
2023,BMW,X5,2.0,90388,Automatic,Hybrid,Second,35792.23
2014,BMW,X5,4.4,116076,Manual,Electric,First,17473.96
2023,BMW,X5,2.0,31432,Manual,Petrol,Second,29771.06
2013,BMW,X5,2.0,68841,Manual,Diesel,Third,3517.9
2018,BMW,X5,4.4,10933,Manual,Petrol,Third,18003.04
2013,BMW,X5,4.4,57812,Automatic,Petrol,Third,9139.39
2015,BMW,X5,4.4,28444,Automatic,Hybrid,Third,21783.07
2018,BMW,X5,4.4,127477,Automatic,Petrol,Third,19877.71
2024,BMW,X5,4.4,124548,Automatic,Diesel,Third,31562.96
2018,BMW,X5,3.0,11496,Automatic,Electric,First,34355.61
2017,BMW,X5,2.0,38575,Automatic,Electric,Third,22070.82
2017,BMW,X5,3.0,46634,Manual,Petrol,Third,16070.32
2024,BMW,X5,4.4,40814,Manual,Electric,Third,34698.04
2017,BMW,X5,3.0,61799,Manual,Electric,Third,17629.18
2022,BMW,X5,4.4,103719,Automatic,Electric,Third,29077.61
2024,BMW,X5,4.4,67006,Manual,Diesel,Second,36226.23
2014,BMW,X5,4.4,58597,Manual,Hybrid,Second,13861.09
2022,BMW,X5,4.4,64331,Manual,Diesel,Third,29594.34
2016,BMW,X5,3.0,108330,Manual,Petrol,First,14706.95
2014,BMW,X5,4.4,33412,Manual,Electric,First,21987.45
2021,BMW,X5,2.0,68158,Automatic,Diesel,First,32745.61
2016,BMW,X5,3.0,101151,Manual,Electric,Second,18949.33
2016,BMW,X5,2.0,21409,Automatic,Hybrid,Third,20269.74
2020,BMW,X5,4.4,69404,Manual,Hybrid,Second,30033.08
2023,BMW,X5,2.0,31305,Automatic,Petrol,Third,29810.56
2020,BMW,X5,3.0,28968,Manual,Electric,First,35324.9
2017,BMW,X5,2.0,126112,Manual,Diesel,Third,11959.97
2018,BMW,X5,4.4,120632,Manual,Hybrid,First,27680.33
2016,BMW,X5,2.0,62232,Automatic,Hybrid,Second,16790.56
2014,BMW,X5,4.4,93042,Automatic,Hybrid,Second,16209.97
2022,BMW,X5,3.0,101831,Manual,Electric,Third,28129.22
2018,BMW,X5,2.0,116065,Automatic,Hybrid,Third,18160.44
2015,BMW,X5,4.4,48511,Manual,Hybrid,Third,17238.27
2019,BMW,X5,3.0,94729,Manual,Electric,Third,25817.71
2018,BMW,X5,4.4,67334,Automatic,Electric,Second,29179.72
2017,BMW,X5,2.0,24529,Manual,Diesel,Second,19803.54
2022,BMW,X5,3.0,65244,Manual,Hybrid,First,39679.38
2024,BMW,X5,3.0,42979,Manual,Diesel,Third,31207.98
2013,BMW,X5,3.0,106189,Automatic,Diesel,First,9279.79
2021,BMW,X5,3.0,106070,Automatic,Electric,Second,30452.81
2015,BMW,X3,2.0,103299,Manual,Electric,First,21254.64
2016,BMW,X3,4.4,93510,Manual,Electric,Third,19338.0
2016,BMW,X3,2.0,75812,Manual,Petrol,Third,14686.61
2018,BMW,X3,4.4,123803,Automatic,Petrol,Second,22142.09
2017,BMW,X3,4.4,93365,Automatic,Electric,First,27875.18
2016,BMW,X3,3.0,39375,Manual,Petrol,First,20021.31
2013,BMW,X3,2.0,100047,Automatic,Electric,First,17389.09
2017,BMW,X3,4.4,65798,Automatic,Diesel,First,25570.97
2023,BMW,X3,3.0,111417,Automatic,Electric,First,47143.71
2017,BMW,X3,3.0,99059,Manual,Hybrid,First,25587.3
2019,BMW,X3,2.0,75657,Automatic,Petrol,First,23685.73
2014,BMW,X3,3.0,17372,Manual,Electric,Second,24772.48
2015,BMW,X3,2.0,90073,Automatic,Electric,First,23253.64
2019,BMW,X3,2.0,75439,Automatic,Electric,First,32360.74
2014,BMW,X3,2.0,98049,Manual,Electric,Third,6292.28
2016,BMW,X3,3.0,93027,Manual,Petrol,Third,14940.99
2013,BMW,X3,4.4,50387,Manual,Petrol,First,14414.86
2017,BMW,X3,4.4,42244,Automatic,Diesel,Second,23316.26
2023,BMW,X3,3.0,9259,Automatic,Hybrid,First,46154.52
2022,BMW,X3,2.0,75656,Automatic,Hybrid,Second,35645.17
2024,BMW,X3,2.0,106182,Manual,Hybrid,Third,34170.99
2016,BMW,X3,4.4,10393,Manual,Electric,Second,27552.25
2016,BMW,X3,2.0,65969,Automatic,Petrol,Third,13257.21
2015,BMW,X3,2.0,20809,Manual,Diesel,First,16167.32
2013,BMW,X3,2.0,26914,Manual,Hybrid,Third,11280.77
2022,BMW,X3,3.0,98797,Automatic,Diesel,First,33385.02
2023,BMW,X3,4.4,66766,Automatic,Electric,Second,40099.79
2016,BMW,X3,3.0,66867,Automatic,Electric,Third,19864.78
2016,BMW,X3,2.0,19246,Automatic,Petrol,Second,21195.4
2020,BMW,X3,4.4,88687,Manual,Electric,First,37693.59
2013,BMW,X3,3.0,10699,Manual,Hybrid,First,15720.22
2018,BMW,X3,3.0,21179,Manual,Diesel,Third,18126.52
2016,BMW,X3,4.4,112593,Automatic,Hybrid,Third,17254.98
2013,BMW,X3,3.0,35664,Manual,Petrol,Third,11591.55
2016,BMW,X3,3.0,78033,Automatic,Electric,Third,20011.21
2019,BMW,X3,2.0,105926,Automatic,Diesel,Third,20825.64
2017,BMW,X3,4.4,77900,Automatic,Petrol,Third,20345.12
2019,BMW,X3,4.4,38886,Automatic,Diesel,Second,25068.67
2019,BMW,X3,2.0,123055,Automatic,Electric,Third,22213.65
2018,BMW,X3,3.0,48986,Manual,Diesel,Second,23961.06
2022,BMW,X3,4.4,95838,Automatic,Petrol,Third,24569.34
2016,BMW,X3,4.4,12879,Manual,Petrol,First,23813.59
2018,BMW,X3,4.4,46888,Automatic,Hybrid,Third,21148.27
2018,BMW,X3,4.4,34668,Manual,Electric,First,33502.42
2023,BMW,X3,4.4,17497,Automatic,Petrol,Third,33238.65
2015,BMW,X3,3.0,24652,Automatic,Diesel,Second,18041.51
2017,BMW,X3,3.0,14480,Manual,Electric,Second,23591.08
2014,BMW,X3,4.4,93710,Manual,Petrol,Third,12823.52
2021,BMW,X3,4.4,63857,Automatic,Diesel,First,34649.69
2013,BMW,X3,3.0,85055,Manual,Hybrid,Third,8921.75
2020,BMW,X3,4.4,87677,Automatic,Diesel,First,35266.89
2024,BMW,X3,2.0,73585,Automatic,Petrol,Second,36925.6
2020,BMW,X3,4.4,123554,Manual,Hybrid,Second,27885.66
2016,BMW,X3,2.0,119475,Manual,Electric,First,19321.31
2022,BMW,X3,4.4,21669,Automatic,Electric,Second,38824.38
2013,BMW,X3,3.0,98898,Automatic,Petrol,Third,11113.96
2024,BMW,X3,4.4,68428,Manual,Electric,Second,42778.7
2022,BMW,X3,3.0,93674,Manual,Hybrid,First,39457.5
2015,BMW,X3,4.4,68020,Manual,Petrol,First,17856.28
2013,BMW,X3,3.0,23449,Manual,Diesel,Third,8813.03
2023,BMW,X3,2.0,59578,Manual,Hybrid,First,42079.17
2017,BMW,X3,2.0,37810,Automatic,Diesel,Second,19197.74
2024,BMW,X3,2.0,23872,Automatic,Diesel,Second,38936.13
2024,BMW,X3,3.0,80331,Automatic,Electric,Third,31064.17
2015,BMW,X3,4.4,87458,Automatic,Diesel,First,20374.67
2018,BMW,X3,3.0,70158,Automatic,Diesel,Second,21071.16
2024,BMW,X3,3.0,100079,Automatic,Petrol,Second,40474.21
2023,BMW,X3,2.0,89732,Automatic,Petrol,Third,30326.95
2014,BMW,X3,3.0,117268,Automatic,Hybrid,Second,15482.98
2016,BMW,X3,3.0,71787,Manual,Petrol,Third,15417.82
2017,BMW,X3,2.0,115410,Automatic,Electric,Second,20269.94
2019,BMW,X3,4.4,46188,Automatic,Petrol,Second,26637.35
2017,BMW,X3,4.4,97467,Automatic,Diesel,First,28688.47
2013,BMW,X3,2.0,75613,Automatic,Hybrid,First,13200.3
2020,BMW,X3,2.0,48588,Manual,Electric,Second,32707.1
2013,BMW,X3,4.4,85632,Automatic,Hybrid,Second,13488.29
2018,BMW,X3,4.4,11366,Manual,Diesel,First,28745.29
2023,BMW,X3,2.0,31842,Automatic,Hybrid,Third,31331.94
2021,BMW,X3,4.4,122952,Manual,Hybrid,Third,24603.38
2020,BMW,X3,4.4,30273,Manual,Petrol,First,32769.05
2022,BMW,X1,3.0,92451,Automatic,Diesel,First,41152.04
2024,BMW,X1,2.0,88220,Manual,Hybrid,First,43460.61
2016,BMW,X1,3.0,9472,Automatic,Petrol,First,25616.62
2023,BMW,X1,4.4,10008,Manual,Hybrid,Third,35159.37
2023,BMW,X1,3.0,20153,Manual,Petrol,First,39966.17
2019,BMW,X1,3.0,31887,Automatic,Hybrid,Second,26469.47
2015,BMW,X1,4.4,81108,Manual,Hybrid,Third,14260.51
2014,BMW,X1,2.0,13663,Automatic,Petrol,Third,10219.62
2016,BMW,X1,2.0,55335,Manual,Diesel,Third,16779.74
2017,BMW,X1,2.0,68700,Automatic,Diesel,Third,16050.02
2019,BMW,X1,3.0,27230,Automatic,Diesel,Second,28349.46
2022,BMW,X1,4.4,80661,Manual,Electric,Third,32155.48
2017,BMW,X1,2.0,107493,Manual,Petrol,First,19566.97
2013,BMW,X1,3.0,83206,Automatic,Petrol,Third,6928.2
2020,BMW,X1,4.4,73739,Automatic,Electric,Second,34326.35
2022,BMW,X1,4.4,98825,Automatic,Hybrid,Second,34651.22
2024,BMW,X1,4.4,51197,Manual,Hybrid,First,46762.03
2016,BMW,X1,4.4,53460,Manual,Petrol,Second,19370.45
2022,BMW,X1,4.4,39784,Automatic,Diesel,First,40682.1
2013,BMW,X1,4.4,28727,Automatic,Diesel,First,16231.52
2016,BMW,X1,3.0,37984,Manual,Hybrid,First,21513.26
2021,BMW,X1,4.4,68696,Automatic,Hybrid,First,39796.5
2018,BMW,X1,3.0,37593,Automatic,Petrol,Third,18513.41
2021,BMW,X1,2.0,88140,Manual,Petrol,Third,22190.24
2016,BMW,X1,4.4,70035,Automatic,Diesel,Third,15615.56
2019,BMW,X1,4.4,65898,Automatic,Hybrid,Second,32787.45
2017,BMW,X1,3.0,58499,Automatic,Petrol,Third,18597.04
2018,BMW,X1,4.4,114796,Automatic,Diesel,Second,22601.69
2022,BMW,X1,4.4,34280,Manual,Hybrid,Third,27518.36
2015,BMW,X1,2.0,56968,Manual,Hybrid,Third,12920.69
2023,BMW,X1,2.0,74011,Manual,Diesel,First,38169.68
2018,BMW,X1,4.4,73112,Automatic,Petrol,Second,22304.54
2016,BMW,X1,4.4,84256,Manual,Electric,First,24149.26
2018,BMW,X1,3.0,69863,Automatic,Electric,Second,25897.1
2015,BMW,X1,2.0,52057,Automatic,Hybrid,Second,17769.4
2014,BMW,X1,4.4,91388,Automatic,Electric,Third,15669.72
2013,BMW,X1,4.4,107639,Automatic,Hybrid,Third,15269.3
2017,BMW,X1,3.0,26088,Automatic,Diesel,Second,19941.07
2021,BMW,X1,4.4,93506,Automatic,Hybrid,Second,34769.47
2017,BMW,X1,2.0,59795,Automatic,Electric,Third,19597.89
2016,BMW,X1,4.4,43711,Manual,Petrol,First,19280.44
2017,BMW,X1,2.0,13246,Manual,Hybrid,Third,19888.55
2017,BMW,X1,4.4,53300,Automatic,Hybrid,Second,25720.57
2021,BMW,X1,3.0,22283,Automatic,Electric,First,41375.79
2013,BMW,X1,4.4,41233,Automatic,Hybrid,First,21566.08
2023,BMW,X1,2.0,22861,Manual,Electric,Second,37901.19
2014,BMW,X1,2.0,67512,Automatic,Petrol,Third,9224.06
2018,BMW,X1,4.4,79625,Manual,Electric,First,32351.21
2024,BMW,X1,4.4,31805,Automatic,Diesel,Second,37311.26
2015,BMW,X1,3.0,80982,Automatic,Diesel,First,22741.09
2024,BMW,X1,4.4,123356,Automatic,Diesel,Third,32967.02
2019,BMW,X1,3.0,57918,Manual,Hybrid,First,30312.78
2019,BMW,X1,4.4,98146,Manual,Electric,Second,28200.45
2015,BMW,X1,2.0,16385,Automatic,Electric,Third,15380.27
2020,BMW,X1,3.0,89850,Automatic,Diesel,Second,27527.85
2023,BMW,X1,2.0,73627,Manual,Electric,Second,39469.72
2018,BMW,X1,3.0,56205,Automatic,Electric,Second,26736.93
2013,BMW,X1,3.0,31330,Manual,Electric,Second,14320.36
2020,BMW,X1,3.0,111422,Automatic,Diesel,Second,26373.27
2019,BMW,X1,4.4,120512,Automatic,Electric,Second,27725.97
2014,BMW,X1,2.0,4868,Manual,Diesel,Second,16106.05
2014,BMW,X1,3.0,21940,Manual,Electric,First,24906.65
2017,BMW,X1,2.0,124289,Automatic,Diesel,First,19083.74
2017,BMW,X1,3.0,49454,Automatic,Diesel,First,23783.07
2015,BMW,X1,2.0,107472,Automatic,Diesel,First,17619.64
2017,BMW,X1,3.0,57459,Manual,Petrol,Second,21676.05
2020,BMW,X1,3.0,94954,Automatic,Hybrid,Second,27305.15
2017,BMW,X1,3.0,45240,Manual,Hybrid,Second,24213.91
2016,BMW,X1,4.4,19285,Automatic,Diesel,First,24508.16
2020,BMW,X1,4.4,5953,Manual,Diesel,Third,23614.99
2016,BMW,X1,3.0,73218,Manual,Petrol,Second,15404.47
2014,BMW,X1,4.4,17323,Manual,Electric,First,21048.9
2015,BMW,X1,2.0,107087,Manual,Diesel,Second,9440.08
2014,BMW,X1,2.0,29234,Manual,Electric,Third,15652.19
2024,BMW,X1,3.0,124132,Automatic,Diesel,Third,30649.35
2024,BMW,X1,3.0,63985,Automatic,Petrol,First,41684.6
2015,BMW,X1,2.0,108816,Manual,Hybrid,First,17895.54
2018,BMW,X1,2.0,119455,Automatic,Electric,Third,21808.91
2019,BMW,X1,3.0,36050,Manual,Petrol,Third,23929.36
2018,BMW,X1,3.0,99777,Manual,Diesel,First,24915.66
2019,BMW,7 Series,4.4,4293,Manual,Diesel,First,30326.0
2018,BMW,7 Series,2.0,24747,Automatic,Diesel,Second,26377.29
2014,BMW,7 Series,3.0,107294,Manual,Electric,Second,16829.67
2023,BMW,7 Series,2.0,99171,Automatic,Diesel,Third,28636.79
2019,BMW,7 Series,4.4,75832,Manual,Electric,First,34815.41
2022,BMW,7 Series,2.0,88040,Automatic,Electric,First,42320.17
2019,BMW,7 Series,2.0,55342,Manual,Petrol,Third,20901.76
2023,BMW,7 Series,2.0,117412,Automatic,Petrol,First,36925.54
2020,BMW,7 Series,2.0,86190,Automatic,Petrol,First,26200.79
2016,BMW,7 Series,2.0,17878,Automatic,Diesel,Second,21031.69
2015,BMW,7 Series,4.4,5802,Manual,Petrol,Second,17092.42
2022,BMW,7 Series,2.0,55189,Automatic,Diesel,Second,26232.72
2021,BMW,7 Series,3.0,37129,Automatic,Diesel,Third,25435.52
2024,BMW,7 Series,2.0,76511,Automatic,Petrol,Second,30701.56
2021,BMW,7 Series,2.0,66960,Automatic,Hybrid,First,36146.12
2024,BMW,7 Series,3.0,30949,Manual,Petrol,First,40314.52
2014,BMW,7 Series,3.0,129726,Manual,Hybrid,Second,10513.43
2020,BMW,7 Series,3.0,80952,Automatic,Electric,First,37345.58
2015,BMW,7 Series,4.4,61168,Automatic,Petrol,First,20839.0
2013,BMW,7 Series,3.0,9109,Manual,Diesel,Third,13358.5
2019,BMW,7 Series,2.0,34115,Automatic,Petrol,Third,20287.52
2016,BMW,7 Series,2.0,80259,Automatic,Petrol,Second,16510.25
2014,BMW,7 Series,4.4,73977,Automatic,Hybrid,Second,17494.0
2023,BMW,7 Series,3.0,17071,Manual,Petrol,Third,30309.2
2020,BMW,7 Series,2.0,54786,Manual,Electric,Third,26327.7
2016,BMW,7 Series,3.0,118675,Automatic,Hybrid,Second,16824.16
2018,BMW,7 Series,2.0,107605,Manual,Diesel,Third,16030.79
2017,BMW,7 Series,3.0,81313,Automatic,Hybrid,Second,24064.3
2013,BMW,7 Series,4.4,106185,Automatic,Electric,First,18300.41
2023,BMW,7 Series,3.0,48950,Manual,Diesel,Third,30564.16
2016,BMW,7 Series,2.0,82711,Manual,Petrol,First,15942.99
2017,BMW,7 Series,4.4,53710,Automatic,Diesel,First,22917.5
2019,BMW,7 Series,4.4,27657,Automatic,Hybrid,Third,24739.26
2015,BMW,7 Series,4.4,72201,Manual,Petrol,First,18897.33
2019,BMW,7 Series,2.0,34795,Automatic,Diesel,Second,25349.02
2024,BMW,7 Series,2.0,101366,Manual,Electric,Second,38058.26
2019,BMW,7 Series,4.4,33750,Automatic,Petrol,First,31078.46
2017,BMW,7 Series,2.0,113091,Automatic,Diesel,Third,16052.31
2023,BMW,7 Series,2.0,109642,Manual,Petrol,Second,30433.28
2014,BMW,7 Series,4.4,15197,Manual,Diesel,First,20219.91
2020,BMW,7 Series,3.0,75925,Automatic,Petrol,Third,22859.15
2014,BMW,7 Series,2.0,51232,Automatic,Petrol,Third,8759.36
2020,BMW,7 Series,4.4,18636,Automatic,Petrol,Third,23192.42
2021,BMW,7 Series,4.4,22929,Manual,Hybrid,Third,27288.76
2018,BMW,7 Series,2.0,36556,Manual,Electric,Third,20684.01
2018,BMW,7 Series,3.0,89743,Manual,Petrol,First,24551.88
2013,BMW,7 Series,2.0,22673,Automatic,Electric,First,19467.06
2019,BMW,7 Series,2.0,23491,Automatic,Hybrid,First,33297.36
2017,BMW,7 Series,4.4,38597,Manual,Hybrid,First,32827.28
2023,BMW,7 Series,3.0,11177,Manual,Electric,Third,34346.2
2015,BMW,7 Series,3.0,14844,Automatic,Electric,Third,17611.75
2024,BMW,7 Series,3.0,110504,Automatic,Hybrid,Third,32810.74
2014,BMW,7 Series,2.0,77385,Automatic,Petrol,First,14142.11
2020,BMW,7 Series,2.0,70519,Automatic,Diesel,First,31819.43
2022,BMW,7 Series,2.0,100275,Automatic,Electric,Second,34684.31
2019,BMW,7 Series,3.0,125388,Manual,Petrol,Second,23502.14
2021,BMW,7 Series,4.4,129947,Manual,Electric,Third,27740.52
2018,BMW,7 Series,2.0,107513,Manual,Diesel,Third,16389.26
2013,BMW,7 Series,4.4,64455,Automatic,Diesel,First,13428.77
2016,BMW,7 Series,4.4,89437,Manual,Hybrid,First,18898.06
2014,BMW,7 Series,4.4,68555,Manual,Diesel,First,11886.47
2015,BMW,7 Series,2.0,35750,Automatic,Petrol,Third,10787.39
2020,BMW,7 Series,4.4,91405,Automatic,Diesel,Third,23105.24
2015,BMW,7 Series,4.4,39171,Manual,Electric,First,23431.91
2023,BMW,7 Series,2.0,26324,Automatic,Diesel,First,39433.3
2021,BMW,7 Series,4.4,35398,Manual,Hybrid,Third,31313.55
2014,BMW,7 Series,4.4,101837,Manual,Hybrid,Second,15059.99
2020,BMW,7 Series,3.0,15342,Manual,Electric,Second,31737.33
2021,BMW,7 Series,2.0,110716,Manual,Electric,Second,28180.19
2019,BMW,7 Series,3.0,121168,Manual,Petrol,First,24883.7
2024,BMW,7 Series,4.4,87971,Automatic,Electric,Second,39739.02
2019,BMW,7 Series,3.0,75618,Automatic,Diesel,First,32973.83
2015,BMW,7 Series,3.0,12495,Automatic,Diesel,First,21417.42
2019,BMW,7 Series,4.4,111621,Automatic,Petrol,Second,22734.23
2017,BMW,7 Series,4.4,13934,Manual,Petrol,Second,21548.0
2023,BMW,7 Series,2.0,91675,Automatic,Petrol,Second,28186.91
2024,BMW,7 Series,4.4,123950,Manual,Petrol,Third,28510.15
2017,BMW,7 Series,2.0,22116,Manual,Electric,Second,21088.12
2016,BMW,7 Series,2.0,85604,Automatic,Hybrid,Third,16246.86
2018,BMW,7 Series,3.0,68403,Manual,Diesel,Second,23575.32
2022,BMW,i4,2.0,20676,Automatic,Petrol,First,37293.58
2019,BMW,i4,2.0,128332,Automatic,Electric,First,30318.08
2016,BMW,i4,4.4,37841,Manual,Diesel,Third,19835.56
2023,BMW,i4,3.0,32778,Manual,Diesel,First,42181.43
2019,BMW,i4,2.0,61176,Automatic,Electric,Second,29542.96
2017,BMW,i4,2.0,116294,Manual,Diesel,Second,18583.81
2021,BMW,i4,4.4,29352,Manual,Hybrid,Third,26318.16
2023,BMW,i4,2.0,78532,Automatic,Hybrid,Third,29949.87
2022,BMW,i4,2.0,25706,Automatic,Hybrid,First,43019.55
2018,BMW,i4,4.4,91306,Manual,Petrol,Second,21480.13
2020,BMW,i4,4.4,48463,Automatic,Electric,First,40585.6
2022,BMW,i4,3.0,20401,Manual,Petrol,Third,29136.99
2018,BMW,i4,4.4,97583,Manual,Petrol,Third,13688.54
2016,BMW,i4,3.0,5056,Manual,Electric,First,22810.77
2013,BMW,i4,2.0,45771,Manual,Diesel,Third,6406.11
2022,BMW,i4,2.0,53588,Manual,Diesel,First,34334.92
2016,BMW,i4,2.0,28574,Manual,Petrol,Second,15273.55
2018,BMW,i4,4.4,120832,Manual,Petrol,First,22983.17
2021,BMW,i4,2.0,12445,Automatic,Hybrid,Second,36362.7
2022,BMW,i4,4.4,59088,Automatic,Hybrid,Third,31673.74
2017,BMW,i4,2.0,126208,Manual,Diesel,Second,14967.57
2013,BMW,i4,2.0,86220,Manual,Diesel,Second,7303.44
2020,BMW,i4,3.0,57431,Manual,Petrol,Third,21579.06
2014,BMW,i4,4.4,99946,Automatic,Petrol,Third,8041.59
2022,BMW,i4,4.4,22763,Manual,Electric,Third,35748.97
2023,BMW,i4,2.0,90189,Manual,Diesel,First,39601.12
2023,BMW,i4,2.0,27604,Manual,Hybrid,First,43078.15
2018,BMW,i4,2.0,116508,Manual,Diesel,Second,16471.98
2024,BMW,i4,4.4,29309,Manual,Diesel,First,45458.86
2015,BMW,i4,4.4,103934,Automatic,Petrol,Second,14767.65
2013,BMW,i4,3.0,128983,Automatic,Diesel,Third,6519.68
2015,BMW,i4,3.0,109203,Manual,Diesel,First,19520.93
2021,BMW,i4,3.0,105627,Automatic,Electric,Second,31997.78
2024,BMW,i4,4.4,54986,Automatic,Hybrid,Third,33171.73
2022,BMW,i4,2.0,50177,Manual,Diesel,Third,25916.41
2020,BMW,i4,4.4,46578,Manual,Diesel,Second,29694.92
2019,BMW,i4,3.0,68950,Automatic,Diesel,Second,27440.41
2022,BMW,i4,2.0,34676,Automatic,Petrol,First,39508.72
2021,BMW,i4,4.4,49978,Automatic,Electric,Second,36819.47
2014,BMW,i4,4.4,44495,Automatic,Electric,Third,19258.88
2014,BMW,i4,2.0,19146,Manual,Hybrid,Third,13364.67
2015,BMW,i4,2.0,54434,Automatic,Hybrid,Third,11609.08
2018,BMW,i4,3.0,13108,Automatic,Diesel,First,29123.01
2020,BMW,i4,3.0,108414,Manual,Hybrid,First,32830.94
2021,BMW,i4,4.4,32024,Manual,Electric,Third,31911.94
2017,BMW,i4,3.0,18993,Automatic,Hybrid,Second,25682.23
2020,BMW,i4,2.0,48852,Manual,Electric,First,38543.25
2024,BMW,i4,4.4,28099,Manual,Petrol,Third,30127.46
2013,BMW,i4,4.4,13977,Automatic,Electric,First,19395.28
2018,BMW,i4,3.0,18210,Automatic,Diesel,Second,25863.02
2018,BMW,i4,3.0,98044,Manual,Electric,Third,24730.73
2017,BMW,i4,4.4,32379,Automatic,Petrol,First,26789.59
2013,BMW,i4,4.4,9590,Manual,Electric,Third,15128.98
2013,BMW,i4,3.0,41516,Manual,Petrol,Third,12555.51
2013,BMW,i4,2.0,123754,Manual,Petrol,First,11323.58
2015,BMW,i4,3.0,35600,Automatic,Hybrid,First,21932.43
2017,BMW,i4,3.0,34415,Manual,Electric,Third,19030.61
2018,BMW,i4,4.4,61981,Automatic,Hybrid,First,29574.93
2014,BMW,i4,4.4,119254,Manual,Petrol,First,14775.47
2018,BMW,i4,4.4,118695,Automatic,Diesel,First,22107.29
2024,BMW,i4,3.0,32369,Manual,Diesel,Second,35867.98
2024,BMW,i4,2.0,72074,Manual,Petrol,Third,29313.26
2024,BMW,i4,4.4,82003,Automatic,Diesel,Second,38845.05
2022,BMW,i4,2.0,67270,Automatic,Petrol,Third,27196.82
2015,BMW,i4,2.0,44716,Automatic,Electric,First,27941.66
2013,BMW,i4,4.4,48038,Automatic,Hybrid,First,15272.54
2015,BMW,i4,4.4,77302,Manual,Electric,Second,20816.82
2023,BMW,i4,2.0,72110,Manual,Diesel,First,40739.78
2020,BMW,i4,2.0,43244,Manual,Electric,Third,28289.25
2017,BMW,i4,2.0,113378,Automatic,Electric,Third,18496.04
2019,BMW,i4,4.4,48037,Automatic,Petrol,First,30856.25
2024,BMW,i4,4.4,64726,Automatic,Petrol,First,45109.82
2014,BMW,i4,3.0,59143,Manual,Hybrid,Second,15183.37
2021,BMW,i4,3.0,77000,Manual,Electric,Second,33087.25
2021,BMW,i4,4.4,50553,Manual,Diesel,Third,27048.06
2014,BMW,i4,4.4,60755,Manual,Hybrid,Third,11985.8
2014,BMW,i4,3.0,87544,Manual,Electric,Third,10519.4
2019,BMW,i4,3.0,9094,Manual,Hybrid,First,30619.28
2024,BMW,i4,4.4,42300,Automatic,Hybrid,Second,43090.58
2018,BMW,i4,2.0,45351,Manual,Petrol,Second,21924.27
2022,BMW,X7,2.0,114421,Manual,Electric,Third,30264.91
2018,BMW,X7,3.0,97094,Automatic,Electric,First,27301.13
2018,BMW,X7,2.0,126725,Automatic,Diesel,Second,16259.67
2015,BMW,X7,4.4,15122,Manual,Hybrid,First,21865.03
2021,BMW,X7,3.0,31223,Automatic,Electric,Second,34757.76
2020,BMW,X7,4.4,59196,Manual,Hybrid,Second,29849.78
2020,BMW,X7,2.0,28061,Manual,Petrol,Third,23343.02
2024,BMW,X7,4.4,46755,Automatic,Electric,First,53282.28
2014,BMW,X7,2.0,49668,Manual,Electric,First,20336.29
2017,BMW,X7,2.0,64690,Automatic,Diesel,Third,16415.17
2020,BMW,X7,2.0,51425,Automatic,Hybrid,Second,28264.49
2015,BMW,X7,3.0,32692,Automatic,Electric,First,21497.22
2013,BMW,X7,2.0,27085,Automatic,Diesel,First,14672.67
2014,BMW,X7,4.4,55243,Automatic,Diesel,Third,12064.13
2020,BMW,X7,3.0,121168,Automatic,Diesel,Third,21414.94
2022,BMW,X7,3.0,26386,Manual,Diesel,Second,32952.13
2015,BMW,X7,2.0,110955,Automatic,Diesel,Third,12947.83
2022,BMW,X7,2.0,60702,Manual,Diesel,Third,26701.26
2016,BMW,X7,3.0,74031,Manual,Diesel,Second,17400.76
2021,BMW,X7,3.0,42599,Manual,Petrol,Third,25098.7
2017,BMW,X7,4.4,35259,Manual,Petrol,First,27814.56
2019,BMW,X7,3.0,6134,Manual,Hybrid,First,31747.06
2022,BMW,X7,3.0,66594,Automatic,Diesel,Second,32123.4
2014,BMW,X7,3.0,19289,Automatic,Petrol,Third,9335.32
2022,BMW,X7,2.0,85048,Manual,Diesel,Third,26051.93
2016,BMW,X7,3.0,46007,Automatic,Petrol,Third,19642.61
2023,BMW,X7,2.0,88823,Manual,Hybrid,First,39124.52
2017,BMW,X7,3.0,91636,Automatic,Hybrid,Third,19028.5
2015,BMW,X7,3.0,15693,Manual,Electric,Third,14259.09
2017,BMW,X7,2.0,27437,Manual,Diesel,Third,15515.9
2016,BMW,X7,2.0,54673,Automatic,Diesel,Third,17323.27
2024,BMW,X7,2.0,42316,Automatic,Hybrid,First,49928.21
2013,BMW,X7,3.0,75123,Manual,Hybrid,First,15997.27
2022,BMW,X7,4.4,69141,Manual,Hybrid,Third,30599.52
2024,BMW,X7,3.0,62538,Manual,Hybrid,Second,36247.07
2023,BMW,X7,3.0,42042,Manual,Petrol,Second,35496.67
2018,BMW,X7,2.0,129358,Manual,Diesel,Second,18169.16
2014,BMW,X7,2.0,10084,Manual,Hybrid,First,18056.92
2015,BMW,X7,2.0,79355,Manual,Diesel,Second,12043.45
2022,BMW,X7,2.0,49526,Manual,Electric,Third,31739.18
2019,BMW,X7,2.0,109572,Automatic,Petrol,Second,20416.24
2020,BMW,X7,2.0,20839,Manual,Petrol,First,31078.26
2016,BMW,X7,3.0,43854,Automatic,Electric,Third,20221.59
2021,BMW,X7,4.4,87816,Manual,Electric,Second,32095.12
2014,BMW,X7,4.4,74819,Automatic,Petrol,Second,16836.15
2014,BMW,X7,3.0,34300,Automatic,Petrol,Second,10303.54
2016,BMW,X7,3.0,30606,Automatic,Electric,Third,18117.59
2023,BMW,X7,4.4,66411,Manual,Diesel,Second,32875.87
2021,BMW,X7,4.4,60135,Automatic,Hybrid,Third,27863.07
2013,BMW,X7,4.4,8413,Manual,Diesel,Second,15815.66
2023,BMW,X7,3.0,33085,Manual,Diesel,Third,30028.07
2020,BMW,X7,4.4,37354,Manual,Petrol,First,31642.07
2022,BMW,X7,3.0,4310,Manual,Hybrid,Second,36105.47
2023,BMW,X7,2.0,21546,Automatic,Hybrid,First,47662.01
2020,BMW,X7,3.0,26684,Automatic,Electric,Third,27344.04
2018,BMW,X7,3.0,7629,Automatic,Petrol,Second,20821.15
2017,BMW,X7,2.0,4333,Manual,Petrol,Third,16981.11
2023,BMW,X7,4.4,110336,Manual,Hybrid,Third,30462.31
2024,BMW,X7,2.0,117501,Automatic,Petrol,Third,24333.25
2017,BMW,X7,2.0,39790,Automatic,Petrol,Second,20039.94
2013,BMW,X7,4.4,51110,Automatic,Electric,Second,16796.65
2016,BMW,X7,3.0,12754,Automatic,Petrol,First,23496.86
2024,BMW,X7,3.0,85949,Manual,Diesel,Third,32497.59
2014,BMW,X7,4.4,117064,Manual,Hybrid,First,14417.01
2020,BMW,X7,3.0,52289,Manual,Diesel,First,29175.11
2016,BMW,X7,4.4,89569,Manual,Diesel,Third,14865.89
2016,BMW,X7,3.0,41196,Manual,Diesel,Second,16498.4
2014,BMW,X7,2.0,79944,Automatic,Hybrid,Second,15200.78
2024,BMW,X7,4.4,64104,Automatic,Petrol,Third,29458.12
2019,BMW,X7,3.0,30260,Manual,Hybrid,First,30192.23
2018,BMW,X7,4.4,83262,Manual,Hybrid,Third,18684.79
2018,BMW,X7,3.0,39366,Manual,Electric,Second,24477.25
2014,BMW,X7,4.4,56619,Automatic,Hybrid,Second,20071.96
2021,BMW,X7,4.4,101917,Automatic,Electric,Third,26798.42
2023,BMW,X7,2.0,121025,Manual,Diesel,Second,34789.68
2021,BMW,X7,4.4,91151,Automatic,Diesel,Third,24827.46
2019,BMW,X7,4.4,75265,Manual,Hybrid,First,30066.58
2016,BMW,X7,2.0,23115,Manual,Petrol,Second,13742.68
2020,BMW,X7,2.0,28367,Automatic,Electric,First,37549.65
2020,BMW,X7,4.4,87351,Automatic,Diesel,Second,26105.72
2022,Mercedes,C-Class,2.0,108852,Manual,Petrol,Third,24954.46
2017,Mercedes,C-Class,3.0,71408,Automatic,Hybrid,Second,27653.7
2018,Mercedes,C-Class,2.0,23156,Manual,Electric,Second,29686.59
2014,Mercedes,C-Class,2.0,79970,Manual,Hybrid,First,21156.06
2024,Mercedes,C-Class,2.0,20007,Automatic,Hybrid,First,49534.9
2014,Mercedes,C-Class,2.0,79022,Automatic,Petrol,Second,12613.76
2021,Mercedes,C-Class,3.0,40672,Automatic,Petrol,Second,38401.38
2015,Mercedes,C-Class,3.0,63482,Automatic,Petrol,Third,13002.69
2014,Mercedes,C-Class,3.0,127359,Automatic,Petrol,Third,9643.8
2013,Mercedes,C-Class,2.0,28052,Manual,Petrol,First,12467.68
2021,Mercedes,C-Class,3.0,118205,Automatic,Diesel,Third,25965.39
2021,Mercedes,C-Class,3.0,106783,Automatic,Petrol,Third,26511.16
2014,Mercedes,C-Class,2.0,97671,Manual,Diesel,Second,10952.72
2023,Mercedes,C-Class,2.0,68843,Automatic,Electric,Third,35998.25
2021,Mercedes,C-Class,3.0,129355,Automatic,Electric,Second,34297.57
2023,Mercedes,C-Class,3.0,11036,Automatic,Hybrid,Second,44450.41
2014,Mercedes,C-Class,2.0,61391,Automatic,Hybrid,Second,18003.41
2014,Mercedes,C-Class,4.7,105760,Manual,Petrol,Second,19200.74
2021,Mercedes,C-Class,2.0,97486,Manual,Diesel,First,35260.09
2014,Mercedes,C-Class,3.0,19447,Manual,Diesel,Second,16535.57
2023,Mercedes,C-Class,2.0,62834,Automatic,Hybrid,Second,37306.75
2014,Mercedes,C-Class,4.7,24078,Automatic,Diesel,First,23061.27
2024,Mercedes,C-Class,2.0,6659,Automatic,Petrol,Second,40461.27
2021,Mercedes,C-Class,3.0,8131,Automatic,Electric,Third,36187.5
2024,Mercedes,C-Class,4.7,20216,Manual,Hybrid,First,56584.33
2018,Mercedes,C-Class,4.7,129560,Manual,Petrol,Second,25470.91
2016,Mercedes,C-Class,2.0,7192,Automatic,Petrol,Second,20781.69
2023,Mercedes,C-Class,4.7,19708,Manual,Petrol,Third,33937.37
2017,Mercedes,C-Class,4.7,64196,Manual,Petrol,Second,25476.22
2014,Mercedes,C-Class,2.0,107713,Automatic,Hybrid,Second,11942.96
2022,Mercedes,C-Class,4.7,127717,Automatic,Diesel,Second,36703.5
2020,Mercedes,C-Class,2.0,90508,Manual,Diesel,First,32755.15
2023,Mercedes,C-Class,3.0,88909,Manual,Diesel,First,47166.75
2017,Mercedes,C-Class,4.7,94640,Manual,Diesel,Third,18035.5
2017,Mercedes,C-Class,3.0,119045,Automatic,Diesel,Second,22659.96
2024,Mercedes,C-Class,4.7,112034,Manual,Petrol,Third,32880.39
2014,Mercedes,C-Class,4.7,10749,Automatic,Electric,First,25527.8
2017,Mercedes,C-Class,4.7,57679,Automatic,Diesel,Second,23167.59
2024,Mercedes,C-Class,2.0,42585,Manual,Hybrid,Second,38465.37
2013,Mercedes,C-Class,2.0,114732,Automatic,Hybrid,Second,7888.57
2018,Mercedes,C-Class,3.0,61434,Manual,Hybrid,Third,22705.18
2024,Mercedes,C-Class,3.0,45238,Automatic,Diesel,Third,35728.64
2018,Mercedes,C-Class,4.7,49408,Automatic,Diesel,First,36532.55
2019,Mercedes,C-Class,2.0,36539,Automatic,Petrol,Second,29894.45
2014,Mercedes,C-Class,2.0,112454,Manual,Electric,Second,14533.66
2023,Mercedes,C-Class,3.0,22053,Automatic,Diesel,Second,37080.04
2023,Mercedes,C-Class,3.0,68958,Manual,Diesel,Second,37149.65
2016,Mercedes,C-Class,2.0,37710,Manual,Petrol,Third,16203.9
2023,Mercedes,C-Class,3.0,37247,Automatic,Petrol,Second,39778.63
2019,Mercedes,C-Class,4.7,84785,Manual,Electric,Third,28258.37
2024,Mercedes,C-Class,3.0,113104,Manual,Petrol,Third,31542.74
2017,Mercedes,C-Class,2.0,23881,Automatic,Electric,First,27283.4
2018,Mercedes,C-Class,4.7,62185,Manual,Petrol,Second,25529.64
2023,Mercedes,C-Class,2.0,4071,Automatic,Petrol,Third,33994.16
2015,Mercedes,C-Class,3.0,57327,Automatic,Petrol,Second,18460.9
2023,Mercedes,C-Class,4.7,49052,Manual,Hybrid,First,50604.03
2015,Mercedes,C-Class,3.0,13707,Automatic,Petrol,Second,21429.68
2023,Mercedes,C-Class,4.7,8830,Automatic,Diesel,Third,41514.72
2020,Mercedes,C-Class,3.0,87042,Manual,Diesel,Third,21385.4
2019,Mercedes,C-Class,4.7,26371,Automatic,Hybrid,Third,30394.53
2014,Mercedes,C-Class,3.0,129895,Manual,Hybrid,First,15115.6
2014,Mercedes,C-Class,3.0,122761,Manual,Petrol,Second,10272.12
2021,Mercedes,C-Class,2.0,26279,Automatic,Electric,Third,33765.89
2023,Mercedes,C-Class,3.0,68074,Automatic,Diesel,First,49737.45
2020,Mercedes,C-Class,2.0,23069,Automatic,Electric,Third,30663.3
2017,Mercedes,C-Class,4.7,100661,Manual,Electric,First,31706.91
2023,Mercedes,C-Class,2.0,25258,Automatic,Diesel,First,43258.95
2019,Mercedes,C-Class,2.0,46130,Manual,Hybrid,Second,26834.65
2022,Mercedes,C-Class,4.7,116286,Manual,Diesel,Second,34600.33
2024,Mercedes,C-Class,4.7,114239,Manual,Petrol,Third,34472.34
2018,Mercedes,C-Class,2.0,36630,Manual,Electric,First,31915.18
2022,Mercedes,C-Class,2.0,96316,Automatic,Petrol,First,42949.4
2018,Mercedes,C-Class,4.7,45730,Manual,Diesel,Second,29449.65
2014,Mercedes,C-Class,2.0,18437,Manual,Hybrid,First,21797.08
2022,Mercedes,C-Class,2.0,121636,Manual,Petrol,First,35094.83
2019,Mercedes,C-Class,4.7,92566,Automatic,Electric,First,42381.77
2018,Mercedes,C-Class,2.0,58619,Manual,Diesel,Second,29951.28
2022,Mercedes,C-Class,4.7,39680,Automatic,Petrol,First,48723.07
2019,Mercedes,C-Class,4.7,25152,Automatic,Diesel,First,38880.5
2022,Mercedes,C-Class,3.0,129107,Automatic,Diesel,First,43341.05
2015,Mercedes,E-Class,3.0,45113,Automatic,Petrol,Second,17817.01
2017,Mercedes,E-Class,3.0,9678,Manual,Hybrid,First,32814.2
2020,Mercedes,E-Class,3.0,12678,Automatic,Petrol,First,36452.55
2022,Mercedes,E-Class,3.0,8818,Automatic,Diesel,Second,39688.22
2013,Mercedes,E-Class,2.0,107222,Automatic,Electric,Third,11420.03
2013,Mercedes,E-Class,4.7,67042,Manual,Electric,Third,14651.86
2014,Mercedes,E-Class,4.7,109958,Automatic,Diesel,First,20303.3
2023,Mercedes,E-Class,3.0,53478,Manual,Diesel,First,45189.24
2021,Mercedes,E-Class,2.0,5106,Manual,Hybrid,Third,28262.0
2014,Mercedes,E-Class,3.0,27240,Manual,Petrol,First,19240.04
2018,Mercedes,E-Class,2.0,95973,Manual,Electric,First,29096.02
2021,Mercedes,E-Class,2.0,77300,Manual,Electric,Second,35538.83
2015,Mercedes,E-Class,2.0,44965,Manual,Petrol,Second,14315.91
2017,Mercedes,E-Class,2.0,117144,Automatic,Hybrid,Third,18084.14
2022,Mercedes,E-Class,3.0,74347,Manual,Hybrid,First,41281.15
2014,Mercedes,E-Class,3.0,70439,Manual,Electric,Second,18713.82
2013,Mercedes,E-Class,4.7,25769,Manual,Electric,Second,20402.31
2022,Mercedes,E-Class,4.7,117446,Automatic,Petrol,Third,29436.4
2017,Mercedes,E-Class,2.0,7321,Automatic,Petrol,Second,21123.28
2020,Mercedes,E-Class,3.0,25340,Manual,Electric,First,40839.51
2013,Mercedes,E-Class,3.0,126625,Automatic,Hybrid,First,17477.89
2015,Mercedes,E-Class,2.0,117977,Automatic,Electric,Second,13829.7
2022,Mercedes,E-Class,3.0,102473,Manual,Diesel,Third,30506.82
2017,Mercedes,E-Class,4.7,7992,Automatic,Electric,First,34012.24
2022,Mercedes,E-Class,4.7,115363,Automatic,Hybrid,First,46718.73
2024,Mercedes,E-Class,2.0,40489,Manual,Hybrid,Second,42727.71
2014,Mercedes,E-Class,3.0,32473,Automatic,Petrol,First,14449.64
2017,Mercedes,E-Class,4.7,72285,Manual,Hybrid,Third,24946.66
2014,Mercedes,E-Class,4.7,14101,Automatic,Hybrid,Third,15704.58
2022,Mercedes,E-Class,4.7,44196,Manual,Electric,Second,39671.61
2016,Mercedes,E-Class,2.0,126299,Automatic,Hybrid,First,19016.25
2024,Mercedes,E-Class,4.7,99621,Automatic,Diesel,Third,37644.7
2016,Mercedes,E-Class,3.0,76246,Automatic,Electric,First,28640.63
2021,Mercedes,E-Class,4.7,118287,Automatic,Electric,Third,32184.91
2013,Mercedes,E-Class,3.0,4567,Automatic,Electric,Third,16137.09
2017,Mercedes,E-Class,4.7,61552,Automatic,Electric,First,32375.28
2019,Mercedes,E-Class,4.7,107777,Automatic,Petrol,Third,25657.38
2013,Mercedes,E-Class,4.7,98777,Manual,Hybrid,Third,10946.99
2015,Mercedes,E-Class,4.7,86652,Automatic,Petrol,Second,19245.02
2017,Mercedes,E-Class,3.0,20465,Automatic,Hybrid,Third,23740.62
2018,Mercedes,E-Class,4.7,85124,Automatic,Diesel,Second,23919.22
2016,Mercedes,E-Class,2.0,91074,Manual,Electric,Second,20887.8
2015,Mercedes,E-Class,4.7,18915,Manual,Hybrid,Third,18057.23
2018,Mercedes,E-Class,2.0,73053,Automatic,Diesel,Second,23375.64
2022,Mercedes,E-Class,2.0,70952,Manual,Electric,First,44067.9
2013,Mercedes,E-Class,4.7,126094,Automatic,Hybrid,Second,16004.62
2014,Mercedes,E-Class,4.7,50080,Manual,Petrol,Third,17397.23
2024,Mercedes,E-Class,3.0,44191,Automatic,Diesel,First,50617.38
2015,Mercedes,E-Class,3.0,60298,Automatic,Diesel,Third,15828.27
2016,Mercedes,E-Class,2.0,127130,Automatic,Petrol,Second,13917.97
2016,Mercedes,E-Class,2.0,60981,Automatic,Petrol,First,19009.88
2023,Mercedes,E-Class,3.0,52294,Manual,Petrol,Second,37155.81
2018,Mercedes,E-Class,2.0,105191,Automatic,Petrol,Third,15061.05
2021,Mercedes,E-Class,4.7,5369,Manual,Petrol,Third,33057.25
2014,Mercedes,E-Class,4.7,99490,Manual,Petrol,First,15470.93
2017,Mercedes,E-Class,3.0,3589,Automatic,Hybrid,Third,22302.46
2020,Mercedes,E-Class,3.0,86910,Manual,Petrol,Third,22904.36
2013,Mercedes,E-Class,2.0,56374,Automatic,Hybrid,First,16164.88
2021,Mercedes,E-Class,4.7,18828,Automatic,Petrol,First,40409.12
2013,Mercedes,E-Class,2.0,26641,Manual,Hybrid,First,13349.13
2022,Mercedes,E-Class,4.7,74474,Manual,Electric,First,44525.11
2023,Mercedes,E-Class,3.0,10073,Automatic,Hybrid,Second,43104.02
2021,Mercedes,E-Class,4.7,69457,Manual,Diesel,Third,28869.81
2020,Mercedes,E-Class,2.0,99047,Manual,Hybrid,Third,24391.0
2014,Mercedes,E-Class,4.7,122768,Automatic,Electric,Third,14513.8
2015,Mercedes,E-Class,2.0,124435,Manual,Electric,Third,13354.34
2016,Mercedes,E-Class,2.0,81206,Automatic,Hybrid,First,20820.26
2020,Mercedes,E-Class,3.0,42673,Automatic,Electric,Third,30614.73
2014,Mercedes,E-Class,4.7,51423,Manual,Petrol,Second,17653.56
2014,Mercedes,E-Class,2.0,82852,Automatic,Diesel,First,17134.49
2018,Mercedes,E-Class,2.0,6497,Automatic,Petrol,Third,20558.05
2015,Mercedes,E-Class,4.7,74333,Manual,Diesel,First,23561.16
2022,Mercedes,E-Class,4.7,76133,Automatic,Diesel,Third,31990.76
2017,Mercedes,E-Class,2.0,16138,Manual,Diesel,Second,27932.61
2021,Mercedes,E-Class,2.0,105757,Automatic,Hybrid,First,40301.46
2017,Mercedes,E-Class,2.0,53840,Manual,Petrol,Second,14603.1
2021,Mercedes,E-Class,3.0,45362,Automatic,Diesel,Third,27997.97
2016,Mercedes,E-Class,2.0,67022,Automatic,Diesel,Third,15774.28
2020,Mercedes,E-Class,2.0,43868,Manual,Petrol,First,30486.52
2017,Mercedes,E-Class,3.0,121286,Automatic,Diesel,First,26111.78
2013,Mercedes,ML-Class,3.0,58942,Manual,Diesel,Second,11188.35
2019,Mercedes,ML-Class,2.0,53362,Manual,Hybrid,Third,26014.85
2021,Mercedes,ML-Class,4.7,127735,Automatic,Diesel,First,38855.88
2017,Mercedes,ML-Class,3.0,103048,Automatic,Hybrid,First,25447.5
2015,Mercedes,ML-Class,4.7,61001,Manual,Diesel,First,20904.82
2024,Mercedes,ML-Class,3.0,104276,Automatic,Hybrid,First,48594.35
2013,Mercedes,ML-Class,3.0,97048,Automatic,Hybrid,First,16459.19
2024,Mercedes,ML-Class,3.0,111210,Automatic,Hybrid,First,49382.79
2020,Mercedes,ML-Class,2.0,41664,Manual,Diesel,Second,32002.04
2024,Mercedes,ML-Class,3.0,113210,Manual,Diesel,Third,32113.41
2017,Mercedes,ML-Class,3.0,104762,Manual,Electric,Third,17585.81
2018,Mercedes,ML-Class,3.0,123848,Manual,Electric,First,31552.02
2018,Mercedes,ML-Class,3.0,113780,Automatic,Petrol,Second,23551.15
2015,Mercedes,ML-Class,2.0,56678,Automatic,Hybrid,Third,15367.43
2016,Mercedes,ML-Class,4.7,6801,Automatic,Petrol,Third,17342.05
2013,Mercedes,ML-Class,3.0,25480,Manual,Diesel,First,16880.34
2020,Mercedes,ML-Class,3.0,91921,Automatic,Diesel,Second,29458.31
2018,Mercedes,ML-Class,4.7,129085,Manual,Diesel,Second,24257.62
2022,Mercedes,ML-Class,2.0,31634,Automatic,Electric,Second,43082.64
2017,Mercedes,ML-Class,4.7,118161,Manual,Petrol,Third,20913.82
2015,Mercedes,ML-Class,2.0,52047,Manual,Petrol,Third,14136.64
2015,Mercedes,ML-Class,4.7,88490,Manual,Diesel,Third,16383.56
2015,Mercedes,ML-Class,2.0,121334,Manual,Hybrid,First,16982.78
2013,Mercedes,ML-Class,3.0,89450,Automatic,Electric,First,18174.01
2022,Mercedes,ML-Class,2.0,101991,Manual,Petrol,Third,26036.76
2021,Mercedes,ML-Class,3.0,121580,Manual,Electric,First,39357.66
2019,Mercedes,ML-Class,4.7,129503,Manual,Petrol,Second,30085.66
2016,Mercedes,ML-Class,4.7,6543,Automatic,Hybrid,First,30483.86
2016,Mercedes,ML-Class,2.0,75287,Automatic,Electric,First,19145.33
2015,Mercedes,ML-Class,4.7,53530,Manual,Petrol,Second,17610.95
2013,Mercedes,ML-Class,3.0,24676,Automatic,Hybrid,Third,13743.2
2018,Mercedes,ML-Class,4.7,112054,Manual,Diesel,Second,22698.2
2016,Mercedes,ML-Class,4.7,102693,Automatic,Petrol,First,23600.61
2023,Mercedes,ML-Class,3.0,129189,Automatic,Electric,First,49836.85
2023,Mercedes,ML-Class,2.0,99951,Automatic,Petrol,Third,32429.16
2023,Mercedes,ML-Class,4.7,27248,Automatic,Electric,Second,39937.09
2022,Mercedes,ML-Class,2.0,71008,Manual,Diesel,Third,32879.64
2017,Mercedes,ML-Class,3.0,129133,Automatic,Petrol,Third,20485.18
2022,Mercedes,ML-Class,3.0,93298,Manual,Diesel,First,37200.96
2024,Mercedes,ML-Class,3.0,77491,Automatic,Electric,Third,37708.24
2016,Mercedes,ML-Class,3.0,26116,Automatic,Diesel,Third,12456.7
2015,Mercedes,ML-Class,4.7,8177,Automatic,Petrol,Third,18986.84
2020,Mercedes,ML-Class,3.0,6323,Manual,Diesel,First,37858.03
2013,Mercedes,ML-Class,4.7,75022,Automatic,Electric,Third,17121.76
2023,Mercedes,ML-Class,2.0,111722,Automatic,Hybrid,Second,32007.79
2024,Mercedes,ML-Class,4.7,107448,Automatic,Hybrid,Third,37633.21
2023,Mercedes,ML-Class,4.7,18935,Automatic,Hybrid,Second,46849.22
2015,Mercedes,ML-Class,4.7,41912,Automatic,Petrol,Second,20363.87
2014,Mercedes,ML-Class,4.7,27061,Automatic,Petrol,First,19350.97
2015,Mercedes,ML-Class,4.7,38765,Automatic,Electric,Third,22390.37
2022,Mercedes,ML-Class,2.0,65349,Manual,Electric,Second,41734.53
2014,Mercedes,ML-Class,3.0,125164,Automatic,Electric,Second,17301.68
2021,Mercedes,ML-Class,3.0,78281,Manual,Diesel,Third,29511.62
2023,Mercedes,ML-Class,3.0,42113,Automatic,Petrol,Third,33229.08
2024,Mercedes,ML-Class,2.0,35228,Automatic,Hybrid,Second,46741.28
2023,Mercedes,ML-Class,3.0,7435,Automatic,Hybrid,Second,42225.56
2022,Mercedes,ML-Class,2.0,105012,Manual,Diesel,First,41148.24
2015,Mercedes,ML-Class,3.0,3125,Automatic,Hybrid,First,29651.8
2020,Mercedes,ML-Class,3.0,31022,Automatic,Diesel,Third,30218.81
2021,Mercedes,ML-Class,2.0,123270,Automatic,Diesel,Second,32562.13
2019,Mercedes,ML-Class,3.0,73560,Manual,Diesel,Second,29283.7
2022,Mercedes,ML-Class,3.0,7897,Manual,Electric,First,50545.77
2016,Mercedes,ML-Class,4.7,58313,Automatic,Electric,Second,24930.77
2014,Mercedes,ML-Class,2.0,26674,Manual,Electric,Third,16505.68
2021,Mercedes,ML-Class,4.7,52584,Manual,Hybrid,Second,36814.98
2015,Mercedes,ML-Class,4.7,40499,Automatic,Electric,Second,22498.69
2017,Mercedes,ML-Class,4.7,20015,Automatic,Electric,Second,31378.67
2016,Mercedes,ML-Class,2.0,70784,Manual,Petrol,Third,16433.04
2019,Mercedes,ML-Class,4.7,36924,Automatic,Diesel,First,39580.68
2020,Mercedes,ML-Class,4.7,70539,Manual,Hybrid,Third,26500.26
2024,Mercedes,ML-Class,4.7,82763,Automatic,Petrol,Third,36745.51
2016,Mercedes,ML-Class,4.7,88571,Automatic,Hybrid,First,25728.42
2013,Mercedes,ML-Class,3.0,114056,Manual,Diesel,Second,8563.48
2020,Mercedes,ML-Class,2.0,125534,Manual,Diesel,Third,18960.03
2024,Mercedes,ML-Class,2.0,11691,Automatic,Electric,First,57529.5
2021,Mercedes,ML-Class,2.0,108561,Automatic,Diesel,Third,29511.45
2022,Mercedes,ML-Class,4.7,47488,Automatic,Diesel,Third,31840.6
2017,Mercedes,ML-Class,4.7,5108,Manual,Hybrid,First,33453.28
2015,Mercedes,ML-Class,3.0,107971,Manual,Petrol,Second,17299.11
2023,Mercedes,ML-Class,3.0,71248,Manual,Diesel,Third,30043.37
2016,Mercedes,GLC,4.7,116023,Manual,Diesel,First,22669.91
2013,Mercedes,GLC,2.0,13304,Manual,Electric,Third,12326.54
2024,Mercedes,GLC,2.0,100267,Manual,Petrol,First,43046.87
2018,Mercedes,GLC,3.0,85504,Automatic,Diesel,First,29958.02
2014,Mercedes,GLC,4.7,60103,Automatic,Petrol,Third,15677.22
2018,Mercedes,GLC,3.0,121712,Automatic,Electric,Second,27853.68
2024,Mercedes,GLC,3.0,68211,Manual,Electric,Second,43461.67
2017,Mercedes,GLC,2.0,60055,Manual,Electric,Third,18141.92
2015,Mercedes,GLC,2.0,60450,Automatic,Petrol,First,17711.21
2020,Mercedes,GLC,2.0,99045,Manual,Hybrid,Second,30451.36
2020,Mercedes,GLC,3.0,3018,Automatic,Petrol,First,41374.27
2016,Mercedes,GLC,4.7,64457,Manual,Petrol,Third,16204.31
2013,Mercedes,GLC,4.7,75158,Automatic,Petrol,First,15213.39
2015,Mercedes,GLC,2.0,105026,Automatic,Petrol,First,18842.63
2023,Mercedes,GLC,3.0,50656,Manual,Diesel,Second,37673.93
2023,Mercedes,GLC,4.7,64351,Automatic,Hybrid,First,51920.4
2018,Mercedes,GLC,3.0,71772,Manual,Electric,Second,22197.01
2016,Mercedes,GLC,2.0,111610,Automatic,Hybrid,Second,17037.25
2023,Mercedes,GLC,4.7,21260,Manual,Petrol,Third,35441.18
2013,Mercedes,GLC,4.7,39044,Automatic,Diesel,First,16188.87
2017,Mercedes,GLC,3.0,55648,Automatic,Petrol,Third,16484.3
2018,Mercedes,GLC,3.0,3719,Automatic,Petrol,Second,28014.09
2023,Mercedes,GLC,3.0,15935,Manual,Electric,First,50872.83
2024,Mercedes,GLC,3.0,114753,Manual,Hybrid,Second,41204.02
2019,Mercedes,GLC,3.0,59023,Automatic,Hybrid,First,36897.1
2022,Mercedes,GLC,2.0,79095,Manual,Hybrid,Second,36664.46
2014,Mercedes,GLC,4.7,16894,Automatic,Hybrid,First,21563.61
2024,Mercedes,GLC,2.0,84646,Manual,Hybrid,Second,39685.37
2020,Mercedes,GLC,4.7,58775,Automatic,Petrol,Third,27571.65
2023,Mercedes,GLC,4.7,114857,Automatic,Diesel,First,43395.79
2015,Mercedes,GLC,3.0,64417,Automatic,Petrol,Second,17594.6
2020,Mercedes,GLC,3.0,9518,Manual,Electric,Third,28960.03
2020,Mercedes,GLC,3.0,102770,Automatic,Petrol,First,36034.71
2021,Mercedes,GLC,4.7,22856,Automatic,Electric,Third,33736.61
2018,Mercedes,GLC,3.0,88814,Automatic,Hybrid,Second,27877.64
2024,Mercedes,GLC,2.0,14246,Automatic,Diesel,First,51976.42
2020,Mercedes,GLC,3.0,103252,Automatic,Hybrid,First,39168.81
2014,Mercedes,GLC,2.0,101247,Manual,Petrol,First,11811.83
2023,Mercedes,GLC,2.0,126056,Automatic,Hybrid,Second,36235.17
2017,Mercedes,GLC,3.0,94467,Manual,Petrol,Third,18331.18
2019,Mercedes,GLC,3.0,31013,Automatic,Hybrid,Second,29753.03
2018,Mercedes,GLC,3.0,13101,Manual,Petrol,First,26901.55
2019,Mercedes,GLC,3.0,119236,Manual,Diesel,Third,22054.27
2021,Mercedes,GLC,3.0,84855,Automatic,Hybrid,First,40946.78
2017,Mercedes,GLC,3.0,13511,Automatic,Hybrid,Third,23582.7
2024,Mercedes,GLC,2.0,86574,Manual,Diesel,Second,39850.69
2023,Mercedes,GLC,2.0,126727,Manual,Diesel,Third,29288.85
2024,Mercedes,GLC,2.0,68984,Automatic,Diesel,Second,35039.69
2022,Mercedes,GLC,4.7,125561,Manual,Hybrid,First,43888.52
2022,Mercedes,GLC,3.0,38584,Automatic,Hybrid,Second,41659.98
2019,Mercedes,GLC,4.7,79970,Manual,Hybrid,Third,25213.57
2024,Mercedes,GLC,4.7,76662,Automatic,Petrol,Second,40438.59
2016,Mercedes,GLC,4.7,46270,Manual,Diesel,Second,26270.59
2021,Mercedes,GLC,3.0,45589,Automatic,Petrol,First,43330.76
2021,Mercedes,GLC,3.0,84427,Automatic,Electric,Second,39469.99
2020,Mercedes,GLC,2.0,29825,Manual,Hybrid,Second,32962.32
2013,Mercedes,GLC,4.7,108569,Manual,Electric,First,16247.43
2022,Mercedes,GLC,3.0,61639,Automatic,Petrol,First,42742.46
2016,Mercedes,GLC,3.0,81488,Manual,Electric,Second,27565.31
2014,Mercedes,GLC,2.0,23764,Automatic,Diesel,First,21462.79
2019,Mercedes,GLC,4.7,14885,Automatic,Hybrid,Third,24724.78
2017,Mercedes,GLC,3.0,11041,Manual,Hybrid,Third,19808.15
2020,Mercedes,GLC,4.7,107820,Manual,Electric,Third,27236.62
2013,Mercedes,GLC,4.7,9030,Manual,Diesel,Second,13922.17
2022,Mercedes,GLC,2.0,113436,Automatic,Petrol,Third,27397.81
2023,Mercedes,GLC,3.0,84380,Automatic,Electric,Third,35790.87
2014,Mercedes,GLC,3.0,90091,Automatic,Petrol,Second,13231.9
2024,Mercedes,GLC,3.0,32400,Manual,Petrol,Second,42354.23
2013,Mercedes,GLC,4.7,92523,Manual,Petrol,Second,11843.94
2021,Mercedes,GLC,4.7,86457,Automatic,Hybrid,Second,37840.95
2022,Mercedes,GLC,2.0,74229,Automatic,Petrol,First,35451.78
2016,Mercedes,GLC,4.7,115157,Automatic,Electric,First,27191.19
2023,Mercedes,GLC,2.0,36926,Manual,Electric,Second,37158.48
2017,Mercedes,GLC,2.0,29709,Manual,Hybrid,Second,24686.68
2023,Mercedes,GLC,4.7,91918,Manual,Hybrid,First,44020.91
2014,Mercedes,GLC,4.7,52151,Manual,Hybrid,First,16990.61
2024,Mercedes,GLC,2.0,15213,Automatic,Hybrid,Second,44159.69
2022,Mercedes,GLC,3.0,123695,Automatic,Petrol,First,37263.85
2013,Mercedes,GLC,3.0,81337,Automatic,Electric,Third,16929.76
2023,Mercedes,GLC,4.7,57777,Automatic,Electric,Second,43726.84
2015,Mercedes,GLE,4.7,44232,Manual,Hybrid,Third,20971.21
2018,Mercedes,GLE,2.0,129828,Manual,Petrol,Third,18017.5
2023,Mercedes,GLE,4.7,74982,Manual,Electric,First,52962.26
2021,Mercedes,GLE,3.0,64810,Manual,Petrol,First,39358.69
2017,Mercedes,GLE,3.0,56478,Automatic,Hybrid,Third,20258.78
2017,Mercedes,GLE,2.0,65473,Manual,Electric,Second,21146.81
2013,Mercedes,GLE,4.7,5205,Automatic,Electric,Third,16250.05
2021,Mercedes,GLE,4.7,67928,Manual,Electric,First,41956.87
2016,Mercedes,GLE,4.7,39681,Manual,Hybrid,First,27137.42
2016,Mercedes,GLE,2.0,86086,Manual,Diesel,Third,15853.77
2022,Mercedes,GLE,4.7,117847,Manual,Electric,Third,34272.27
2020,Mercedes,GLE,2.0,97559,Automatic,Diesel,Second,25077.09
2014,Mercedes,GLE,3.0,39748,Automatic,Hybrid,Second,16260.94
2018,Mercedes,GLE,2.0,70114,Automatic,Hybrid,Second,25805.87
2014,Mercedes,GLE,2.0,102011,Manual,Diesel,First,13181.72
2019,Mercedes,GLE,4.7,119849,Automatic,Electric,Second,31882.6
2016,Mercedes,GLE,4.7,11800,Automatic,Petrol,First,32494.2
2018,Mercedes,GLE,4.7,76719,Automatic,Electric,Third,26581.74
2016,Mercedes,GLE,2.0,31604,Manual,Diesel,Second,17469.97
2023,Mercedes,GLE,3.0,91732,Automatic,Diesel,Second,36578.84
2014,Mercedes,GLE,3.0,114052,Automatic,Diesel,Second,14850.12
2015,Mercedes,GLE,4.7,45294,Automatic,Hybrid,First,27439.19
2018,Mercedes,GLE,2.0,111112,Automatic,Diesel,First,23024.51
2016,Mercedes,GLE,3.0,61616,Manual,Electric,First,25842.71
2017,Mercedes,GLE,3.0,11727,Automatic,Petrol,Third,21321.92
2014,Mercedes,GLE,4.7,76042,Manual,Hybrid,First,23037.09
2017,Mercedes,GLE,2.0,55485,Automatic,Electric,First,32308.1
2016,Mercedes,GLE,2.0,68254,Automatic,Petrol,First,22610.23
2020,Mercedes,GLE,3.0,96913,Manual,Diesel,Second,25720.33
2018,Mercedes,GLE,2.0,81062,Manual,Electric,Second,26712.71
2017,Mercedes,GLE,3.0,104694,Manual,Electric,First,27553.92
2023,Mercedes,GLE,2.0,123983,Automatic,Hybrid,First,45124.35
2021,Mercedes,GLE,2.0,23098,Manual,Hybrid,Third,29735.21
2017,Mercedes,GLE,4.7,35357,Automatic,Diesel,Second,23302.08
2018,Mercedes,GLE,3.0,49871,Automatic,Hybrid,Second,29049.46
2016,Mercedes,GLE,3.0,15202,Automatic,Diesel,Third,22441.53
2023,Mercedes,GLE,4.7,40077,Automatic,Petrol,First,49996.06
2016,Mercedes,GLE,4.7,32381,Manual,Electric,First,33663.2
2020,Mercedes,GLE,4.7,10088,Automatic,Petrol,Third,29829.33
2020,Mercedes,GLE,2.0,64854,Automatic,Diesel,Second,31310.83
2014,Mercedes,GLE,3.0,87403,Manual,Petrol,Third,12336.16
2022,Mercedes,GLE,4.7,62204,Automatic,Petrol,First,41794.13
2023,Mercedes,GLE,4.7,16018,Manual,Diesel,Third,35028.04
2013,Mercedes,GLE,4.7,68696,Automatic,Electric,Third,15887.67
2014,Mercedes,GLE,4.7,100930,Automatic,Petrol,Second,18365.45
2017,Mercedes,GLE,2.0,20985,Automatic,Electric,Third,24754.28
2019,Mercedes,GLE,3.0,126446,Manual,Electric,First,36151.96
2014,Mercedes,GLE,2.0,44401,Automatic,Diesel,Third,12072.74
2019,Mercedes,GLE,2.0,125836,Manual,Diesel,Second,25821.78
2021,Mercedes,GLE,2.0,59224,Automatic,Electric,Third,33106.92
2017,Mercedes,GLE,3.0,114030,Manual,Diesel,Third,16928.49
2021,Mercedes,GLE,2.0,97760,Automatic,Petrol,Second,29931.42
2020,Mercedes,GLE,3.0,24331,Manual,Diesel,Second,36127.62
2014,Mercedes,GLE,4.7,16346,Manual,Diesel,Second,14182.97
2017,Mercedes,GLE,2.0,35343,Automatic,Electric,First,29484.56
2021,Mercedes,GLE,4.7,101329,Automatic,Petrol,Second,33920.09
2015,Mercedes,GLE,2.0,124281,Manual,Hybrid,Third,10245.25
2018,Mercedes,GLE,3.0,16217,Automatic,Electric,Second,31567.71
2014,Mercedes,GLE,3.0,8404,Manual,Diesel,First,16517.71
2022,Mercedes,GLE,3.0,17538,Manual,Diesel,Second,35772.75
2013,Mercedes,GLE,3.0,64289,Automatic,Electric,Third,15769.37
2013,Mercedes,GLE,3.0,15685,Manual,Hybrid,Third,14365.34
2022,Mercedes,GLE,4.7,61956,Manual,Petrol,Third,29033.37
2023,Mercedes,GLE,3.0,21913,Automatic,Hybrid,Third,33898.63
2013,Mercedes,GLE,3.0,55184,Manual,Electric,First,19857.97
2014,Mercedes,GLE,3.0,19350,Automatic,Diesel,First,21505.01
2022,Mercedes,GLE,2.0,110260,Manual,Electric,First,39762.41
2013,Mercedes,GLE,4.7,47764,Automatic,Diesel,First,19796.33
2020,Mercedes,GLE,3.0,110596,Manual,Diesel,First,31605.76
2015,Mercedes,GLE,4.7,19945,Automatic,Diesel,Third,17184.95
2021,Mercedes,GLE,4.7,21595,Manual,Hybrid,Third,32743.1
2019,Mercedes,GLE,3.0,21639,Automatic,Hybrid,First,37154.41
2019,Mercedes,GLE,2.0,69988,Manual,Electric,Third,24153.11
2014,Mercedes,GLE,4.7,111798,Automatic,Diesel,Third,13394.66
2013,Mercedes,GLE,4.7,118074,Automatic,Petrol,Second,7830.88
2021,Mercedes,GLE,2.0,43834,Manual,Hybrid,First,41234.84
2016,Mercedes,GLE,4.7,53293,Manual,Hybrid,Second,17558.37
2023,Mercedes,GLE,2.0,3360,Automatic,Electric,First,53202.93
2015,Mercedes,GLE,4.7,21008,Automatic,Hybrid,First,26982.77
2013,Mercedes,GLE,2.0,114257,Automatic,Diesel,Second,10373.7
2016,Mercedes,S-Class,3.0,61649,Manual,Petrol,Second,19431.64
2022,Mercedes,S-Class,3.0,70285,Manual,Petrol,Third,28905.59
2019,Mercedes,S-Class,4.7,13282,Manual,Electric,First,43884.3
2013,Mercedes,S-Class,4.7,91590,Manual,Electric,Third,12570.48
2017,Mercedes,S-Class,2.0,122641,Manual,Petrol,Third,11980.45
2013,Mercedes,S-Class,2.0,111724,Manual,Diesel,Second,8576.79
2023,Mercedes,S-Class,4.7,90354,Manual,Petrol,Second,41612.09
2016,Mercedes,S-Class,2.0,3393,Manual,Electric,First,30280.98
2024,Mercedes,S-Class,2.0,47957,Manual,Diesel,Third,33619.16
2022,Mercedes,S-Class,4.7,60557,Automatic,Electric,Second,42176.37
2014,Mercedes,S-Class,2.0,69199,Manual,Petrol,Second,8762.96
2022,Mercedes,S-Class,2.0,90097,Manual,Electric,First,46141.17
2023,Mercedes,S-Class,4.7,56642,Automatic,Diesel,Second,43712.36
2019,Mercedes,S-Class,2.0,92928,Manual,Petrol,First,30937.43
2018,Mercedes,S-Class,3.0,15803,Automatic,Electric,Second,33433.41
2016,Mercedes,S-Class,3.0,89340,Automatic,Electric,Third,18117.68
2023,Mercedes,S-Class,2.0,50055,Manual,Hybrid,First,46230.44
2014,Mercedes,S-Class,3.0,93159,Manual,Diesel,First,12537.03
2013,Mercedes,S-Class,4.7,84006,Manual,Electric,Second,16963.93
2015,Mercedes,S-Class,2.0,104024,Manual,Hybrid,Third,12553.8
2021,Mercedes,S-Class,4.7,23080,Manual,Diesel,First,43405.45
2013,Mercedes,S-Class,3.0,113299,Automatic,Diesel,First,12274.95
2024,Mercedes,S-Class,2.0,54697,Automatic,Electric,Second,41906.55
2019,Mercedes,S-Class,2.0,86973,Manual,Diesel,Second,26454.37
2021,Mercedes,S-Class,4.7,87879,Automatic,Hybrid,Third,28317.04
2022,Mercedes,S-Class,3.0,94810,Automatic,Hybrid,Third,28873.15
2022,Mercedes,S-Class,3.0,106412,Manual,Electric,Third,29803.35
2022,Mercedes,S-Class,3.0,62893,Automatic,Diesel,Second,41479.87
2018,Mercedes,S-Class,3.0,4120,Manual,Electric,Third,21833.94
2024,Mercedes,S-Class,4.7,86959,Manual,Petrol,Third,32904.69
2013,Mercedes,S-Class,4.7,79557,Automatic,Diesel,Third,11780.3
2021,Mercedes,S-Class,2.0,56986,Manual,Hybrid,Second,33354.78
2017,Mercedes,S-Class,4.7,72519,Automatic,Petrol,Second,25991.7
2016,Mercedes,S-Class,4.7,13472,Automatic,Hybrid,First,30508.67
2021,Mercedes,S-Class,4.7,115517,Automatic,Petrol,Third,31683.66
2013,Mercedes,S-Class,2.0,56812,Manual,Diesel,Second,7141.0
2016,Mercedes,S-Class,2.0,128850,Manual,Diesel,First,23055.29
2019,Mercedes,S-Class,4.7,115928,Manual,Electric,Second,31868.24
2022,Mercedes,S-Class,4.7,5806,Manual,Petrol,Second,36639.01
2018,Mercedes,S-Class,4.7,125342,Automatic,Petrol,Second,27418.51
2017,Mercedes,S-Class,4.7,120853,Manual,Hybrid,Third,19445.18
2018,Mercedes,S-Class,2.0,108001,Manual,Hybrid,Second,23334.38
2018,Mercedes,S-Class,4.7,95656,Manual,Diesel,First,30831.37
2023,Mercedes,S-Class,3.0,75495,Manual,Petrol,First,41591.31
2015,Mercedes,S-Class,3.0,59278,Automatic,Petrol,First,18725.59
2023,Mercedes,S-Class,4.7,23407,Manual,Petrol,Second,40575.97
2016,Mercedes,S-Class,3.0,57733,Manual,Hybrid,Second,18997.98
2021,Mercedes,S-Class,3.0,47405,Automatic,Petrol,Third,33686.01
2022,Mercedes,S-Class,3.0,106578,Manual,Hybrid,Second,41853.6
2013,Mercedes,S-Class,3.0,80222,Automatic,Diesel,First,13529.91
2020,Mercedes,S-Class,2.0,18070,Manual,Petrol,First,36386.05
2021,Mercedes,S-Class,4.7,78276,Manual,Diesel,Third,28624.12
2014,Mercedes,S-Class,2.0,17800,Manual,Electric,First,19306.43
2018,Mercedes,S-Class,2.0,90858,Manual,Diesel,Third,19446.62
2021,Mercedes,S-Class,3.0,76703,Automatic,Diesel,First,40499.04
2020,Mercedes,S-Class,4.7,59450,Automatic,Petrol,First,34059.48
2021,Mercedes,S-Class,3.0,104494,Automatic,Hybrid,Third,28232.34
2017,Mercedes,S-Class,2.0,56054,Automatic,Petrol,Third,17986.86
2021,Mercedes,S-Class,3.0,84298,Automatic,Diesel,Second,35423.55
2014,Mercedes,S-Class,2.0,4046,Manual,Electric,First,22341.54
2018,Mercedes,S-Class,2.0,92142,Automatic,Electric,First,27796.72
2016,Mercedes,S-Class,2.0,90089,Automatic,Petrol,First,21242.39
2024,Mercedes,S-Class,4.7,34028,Manual,Diesel,Third,35740.07
2014,Mercedes,S-Class,4.7,70982,Automatic,Hybrid,Second,20458.96
2018,Mercedes,S-Class,4.7,84606,Manual,Hybrid,First,29561.24
2018,Mercedes,S-Class,2.0,58871,Automatic,Diesel,Second,24383.51
2022,Mercedes,S-Class,3.0,82015,Automatic,Diesel,Second,40769.49
2013,Mercedes,S-Class,2.0,117952,Automatic,Diesel,Third,7700.42
2014,Mercedes,S-Class,3.0,85245,Automatic,Petrol,First,18592.31
2013,Mercedes,S-Class,2.0,79982,Automatic,Hybrid,First,13409.81
2017,Mercedes,S-Class,3.0,114073,Automatic,Electric,Second,25318.76
2022,Mercedes,S-Class,4.7,87376,Automatic,Electric,Second,43036.88
2018,Mercedes,S-Class,4.7,117798,Manual,Petrol,Third,19408.24
2013,Mercedes,S-Class,4.7,73408,Manual,Diesel,Third,10159.28
2014,Mercedes,S-Class,3.0,107232,Manual,Petrol,First,15874.14
2019,Mercedes,S-Class,2.0,12940,Manual,Hybrid,First,35536.27
2022,Mercedes,S-Class,4.7,32739,Automatic,Diesel,Third,31016.93
2023,Mercedes,S-Class,2.0,71096,Manual,Hybrid,Third,36699.59
2014,Mercedes,S-Class,3.0,5781,Automatic,Diesel,Third,17507.59
2014,Mercedes,S-Class,3.0,90646,Automatic,Petrol,Third,12340.51
2019,Audi,A4,1.8,25966,Manual,Petrol,Second,22464.75
2023,Audi,A4,1.8,79230,Manual,Diesel,Third,26552.96
2021,Audi,A4,2.0,109075,Manual,Diesel,Second,27548.02
2016,Audi,A4,1.8,118402,Manual,Petrol,Third,10505.59
2024,Audi,A4,2.0,38895,Automatic,Hybrid,First,43879.46
2017,Audi,A4,2.0,10006,Manual,Hybrid,Second,19315.48
2015,Audi,A4,2.0,30648,Automatic,Electric,First,21607.03
2013,Audi,A4,3.0,26154,Automatic,Petrol,Second,9089.83
2018,Audi,A4,3.0,44524,Manual,Petrol,Third,17020.77
2023,Audi,A4,1.8,126780,Automatic,Hybrid,First,38371.88
2013,Audi,A4,2.0,25327,Automatic,Petrol,Third,11791.22
2021,Audi,A4,3.0,119815,Manual,Petrol,Second,26605.33
2019,Audi,A4,3.0,15521,Automatic,Hybrid,Third,27051.54
2021,Audi,A4,1.8,33615,Automatic,Electric,First,35791.58
2014,Audi,A4,2.0,74028,Manual,Hybrid,Third,8199.11
2018,Audi,A4,3.0,29799,Automatic,Electric,Third,23519.25
2020,Audi,A4,1.8,6255,Automatic,Diesel,First,30973.64
2020,Audi,A4,2.0,92833,Automatic,Hybrid,Third,24072.11
2020,Audi,A4,2.0,84434,Manual,Electric,First,35644.68
2020,Audi,A4,1.8,91633,Automatic,Hybrid,Second,26282.93
2014,Audi,A4,3.0,33359,Automatic,Diesel,Third,12104.13
2020,Audi,A4,1.8,53099,Automatic,Electric,First,32577.33
2024,Audi,A4,2.0,122939,Manual,Hybrid,First,37128.57
2022,Audi,A4,2.0,121058,Manual,Diesel,Second,27973.77
2015,Audi,A4,1.8,74038,Automatic,Diesel,Third,10903.21
2016,Audi,A4,1.8,56506,Automatic,Diesel,Second,18007.38
2022,Audi,A4,2.0,55429,Manual,Electric,Third,32321.63
2017,Audi,A4,2.0,90852,Manual,Hybrid,Third,14500.01
2014,Audi,A4,1.8,80150,Manual,Diesel,Second,13595.28
2023,Audi,A4,1.8,13248,Manual,Electric,Second,36813.96
2020,Audi,A4,1.8,128496,Manual,Hybrid,Third,18288.26
2021,Audi,A4,3.0,111963,Automatic,Hybrid,Third,21942.43
2015,Audi,A4,2.0,31239,Automatic,Diesel,First,19159.06
2016,Audi,A4,2.0,121469,Automatic,Diesel,Third,9101.64
2024,Audi,A4,2.0,67388,Manual,Hybrid,Second,33632.77
2013,Audi,A4,1.8,3638,Manual,Hybrid,Third,9820.35
2021,Audi,A4,3.0,64049,Manual,Hybrid,Third,25729.48
2022,Audi,A4,3.0,60304,Automatic,Electric,First,40038.85
2019,Audi,A4,3.0,20399,Manual,Diesel,Third,18492.67
2023,Audi,A4,1.8,75799,Automatic,Electric,Third,29517.94
2014,Audi,A4,3.0,74613,Automatic,Petrol,First,16747.25
2021,Audi,A4,2.0,9405,Manual,Electric,Second,34909.96
2019,Audi,A4,3.0,49479,Automatic,Diesel,Third,24407.09
2016,Audi,A4,1.8,118104,Manual,Electric,Second,17814.14
2018,Audi,A4,1.8,105170,Manual,Electric,Second,24383.34
2024,Audi,A4,2.0,128526,Automatic,Hybrid,Third,26635.0
2016,Audi,A4,2.0,25743,Manual,Petrol,Third,12652.88
2016,Audi,A4,2.0,45995,Automatic,Petrol,Third,13179.54
2017,Audi,A4,3.0,48678,Automatic,Electric,First,29773.87
2023,Audi,A4,3.0,60235,Manual,Petrol,First,37416.84
2024,Audi,A4,1.8,32046,Automatic,Electric,Third,34807.67
2013,Audi,A4,2.0,26756,Manual,Petrol,Second,10486.42
2014,Audi,A4,3.0,14880,Manual,Electric,Second,18730.02
2020,Audi,A4,1.8,42211,Manual,Electric,First,32497.15
2022,Audi,A4,3.0,104673,Manual,Diesel,First,32510.31
2024,Audi,A4,2.0,22622,Automatic,Diesel,Second,36429.14
2023,Audi,A4,2.0,59005,Manual,Diesel,Second,27124.15
2020,Audi,A4,2.0,10311,Manual,Diesel,First,34646.95
2016,Audi,A4,1.8,45898,Automatic,Electric,First,25154.49
2013,Audi,A4,1.8,61204,Manual,Electric,Third,8706.53
2013,Audi,A4,1.8,18396,Automatic,Electric,Second,13899.54
2017,Audi,A4,1.8,25068,Manual,Diesel,Second,23629.65
2024,Audi,A4,1.8,63378,Manual,Diesel,Second,35950.72
2016,Audi,A4,2.0,28852,Manual,Petrol,First,15811.3
2014,Audi,A4,3.0,121336,Manual,Petrol,Second,8954.89
2018,Audi,A4,3.0,118973,Automatic,Electric,Third,20680.99
2020,Audi,A4,1.8,86299,Automatic,Diesel,First,28610.88
2017,Audi,A4,1.8,5655,Automatic,Diesel,Third,17456.75
2019,Audi,A4,1.8,3218,Automatic,Hybrid,Third,24272.46
2015,Audi,A4,1.8,73600,Automatic,Petrol,Second,12395.8
2021,Audi,A4,1.8,14603,Automatic,Petrol,Second,28262.84
2017,Audi,A4,1.8,15770,Manual,Diesel,Second,21016.47
2018,Audi,A4,2.0,23337,Manual,Diesel,Second,24302.99
2019,Audi,A4,1.8,94054,Manual,Petrol,Third,16926.57
2013,Audi,A4,1.8,98490,Manual,Diesel,Second,6139.3
2014,Audi,A4,2.0,104628,Automatic,Hybrid,First,17893.07
2024,Audi,A4,3.0,88984,Manual,Diesel,Third,26058.96
2016,Audi,A4,2.0,100807,Manual,Petrol,Third,12323.41
2022,Audi,A4,1.8,93439,Manual,Petrol,Second,26199.31
2018,Audi,A4,1.8,113884,Automatic,Petrol,First,21025.6
2013,Audi,A6,1.8,33284,Manual,Electric,Second,13257.62
2015,Audi,A6,1.8,77798,Automatic,Diesel,Second,16896.6
2024,Audi,A6,2.0,103777,Manual,Electric,Third,31936.28
2019,Audi,A6,3.0,94875,Automatic,Electric,Third,23287.68
2016,Audi,A6,3.0,41977,Manual,Petrol,Third,13785.61
2023,Audi,A6,2.0,51841,Manual,Diesel,First,34380.29
2015,Audi,A6,2.0,83984,Manual,Electric,First,14333.0
2021,Audi,A6,1.8,102432,Automatic,Diesel,First,28995.46
2018,Audi,A6,3.0,87545,Manual,Hybrid,Second,21865.06
2015,Audi,A6,2.0,22121,Manual,Electric,Second,18037.59
2023,Audi,A6,3.0,112679,Automatic,Hybrid,Second,35831.4
2013,Audi,A6,2.0,25735,Manual,Electric,Second,12975.33
2018,Audi,A6,2.0,126099,Automatic,Diesel,Third,15513.07
2020,Audi,A6,3.0,86962,Automatic,Electric,Third,26888.84
2016,Audi,A6,3.0,125659,Manual,Diesel,Second,18967.7
2013,Audi,A6,1.8,6072,Automatic,Petrol,First,13591.61
2024,Audi,A6,1.8,30482,Manual,Diesel,First,42510.57
2022,Audi,A6,2.0,88425,Automatic,Petrol,First,32903.28
2014,Audi,A6,3.0,90393,Manual,Electric,Third,9436.75
2015,Audi,A6,2.0,62439,Manual,Electric,First,21471.56
2023,Audi,A6,3.0,60719,Manual,Petrol,Third,26446.41
2024,Audi,A6,2.0,36978,Manual,Petrol,First,40960.0
2017,Audi,A6,3.0,111644,Automatic,Petrol,Second,18437.85
2024,Audi,A6,2.0,126950,Automatic,Diesel,Second,34343.66
2023,Audi,A6,2.0,38547,Automatic,Electric,First,38623.29
2016,Audi,A6,3.0,65607,Automatic,Hybrid,First,22829.38
2020,Audi,A6,3.0,119720,Automatic,Petrol,First,27942.88
2022,Audi,A6,3.0,75242,Manual,Electric,Second,29441.05
2019,Audi,A6,3.0,49371,Manual,Hybrid,First,25883.16
2017,Audi,A6,1.8,83982,Automatic,Hybrid,First,22128.01
2013,Audi,A6,3.0,118781,Automatic,Hybrid,Third,11243.59
2018,Audi,A6,1.8,70564,Manual,Diesel,Third,16637.5
2022,Audi,A6,3.0,78186,Automatic,Hybrid,First,33544.47
2019,Audi,A6,2.0,32655,Automatic,Diesel,Third,19113.73
2014,Audi,A6,1.8,59724,Manual,Electric,Second,14444.48
2014,Audi,A6,1.8,115529,Automatic,Diesel,Second,7869.71
2017,Audi,A6,2.0,15291,Automatic,Electric,Third,19584.64
2019,Audi,A6,2.0,42479,Automatic,Diesel,Third,20169.34
2024,Audi,A6,3.0,108817,Manual,Electric,First,40748.3
2018,Audi,A6,2.0,93841,Manual,Hybrid,First,25497.53
2017,Audi,A6,1.8,16383,Automatic,Diesel,Second,20927.88
2019,Audi,A6,2.0,13256,Automatic,Hybrid,Second,29260.07
2015,Audi,A6,2.0,70275,Manual,Diesel,First,13112.06
2014,Audi,A6,2.0,99558,Automatic,Hybrid,Second,14393.59
2023,Audi,A6,1.8,84165,Automatic,Electric,First,42437.96
2013,Audi,A6,1.8,12216,Manual,Electric,First,16508.69
2023,Audi,A6,3.0,49716,Manual,Electric,Second,36131.42
2016,Audi,A6,2.0,31648,Automatic,Petrol,First,20559.85
2018,Audi,A6,3.0,38423,Manual,Hybrid,Second,22101.25
2016,Audi,A6,2.0,8597,Automatic,Electric,First,26547.24
2017,Audi,A6,2.0,31528,Automatic,Petrol,Second,19957.5
2022,Audi,A6,3.0,88017,Manual,Electric,Second,32606.19
2024,Audi,A6,2.0,33869,Automatic,Hybrid,First,46032.71
2021,Audi,A6,3.0,91061,Manual,Hybrid,Second,27835.5
2024,Audi,A6,1.8,48938,Manual,Diesel,Third,28947.18
2017,Audi,A6,2.0,15501,Manual,Hybrid,Third,16937.68
2013,Audi,A6,3.0,71348,Automatic,Electric,Second,12528.5
2022,Audi,A6,1.8,110089,Automatic,Hybrid,Second,26820.28
2019,Audi,A6,1.8,8988,Manual,Hybrid,Third,20060.95
2019,Audi,A6,3.0,77399,Manual,Electric,First,33208.32
2019,Audi,A6,2.0,125453,Automatic,Diesel,First,24250.96
2021,Audi,A6,3.0,93636,Automatic,Diesel,Second,30254.82
2014,Audi,A6,2.0,65327,Automatic,Electric,Third,14038.99
2020,Audi,A6,3.0,126307,Automatic,Petrol,Third,18291.29
2017,Audi,A6,2.0,108217,Manual,Petrol,Second,13415.28
2017,Audi,A6,1.8,8663,Automatic,Hybrid,Second,21159.78
2013,Audi,A6,3.0,127783,Automatic,Petrol,Second,10341.83
2016,Audi,A6,3.0,79438,Automatic,Hybrid,First,20543.95
2015,Audi,A6,3.0,45485,Manual,Hybrid,Third,11992.17
2019,Audi,A6,3.0,39507,Manual,Diesel,Third,17164.08
2013,Audi,A6,2.0,113685,Automatic,Hybrid,First,11682.09
2015,Audi,A6,2.0,14552,Automatic,Hybrid,First,19865.34
2020,Audi,A6,2.0,60564,Automatic,Diesel,Third,23997.09
2017,Audi,A6,2.0,96960,Manual,Electric,First,23197.46
2022,Audi,A6,1.8,117147,Manual,Petrol,First,27647.13
2014,Audi,A6,1.8,57911,Manual,Hybrid,Second,14124.19
2023,Audi,A6,1.8,46726,Manual,Hybrid,Third,28785.99
2014,Audi,A6,1.8,66027,Manual,Petrol,Second,5687.16
2013,Audi,A6,2.0,69224,Manual,Hybrid,First,11665.13
2024,Audi,A6,2.0,63883,Manual,Electric,Second,38737.24
2014,Audi,Q5,3.0,33709,Manual,Electric,First,19377.36
2014,Audi,Q5,2.0,8290,Manual,Petrol,First,13492.99
2023,Audi,Q5,2.0,59399,Manual,Electric,First,43776.39
2022,Audi,Q5,1.8,26997,Automatic,Diesel,First,37766.77
2013,Audi,Q5,3.0,126828,Automatic,Petrol,Second,9440.58
2023,Audi,Q5,2.0,15467,Manual,Hybrid,Third,33931.36
2016,Audi,Q5,3.0,18688,Manual,Electric,Second,20070.67
2017,Audi,Q5,2.0,41176,Automatic,Petrol,Second,16836.58
2020,Audi,Q5,2.0,14924,Manual,Hybrid,Third,23789.72
2016,Audi,Q5,2.0,16820,Manual,Hybrid,Third,16976.59
2015,Audi,Q5,1.8,102345,Manual,Hybrid,First,15104.97
2022,Audi,Q5,2.0,128873,Automatic,Petrol,First,33289.66
2014,Audi,Q5,1.8,76509,Automatic,Electric,Third,11657.72
2018,Audi,Q5,1.8,47016,Manual,Diesel,Second,22994.22
2016,Audi,Q5,1.8,23781,Automatic,Petrol,Third,16652.94
2021,Audi,Q5,1.8,75708,Automatic,Diesel,First,32436.42
2024,Audi,Q5,1.8,99279,Automatic,Electric,Second,38816.41
2018,Audi,Q5,3.0,71606,Automatic,Hybrid,Third,22272.01
2016,Audi,Q5,2.0,19585,Manual,Petrol,First,19437.86
2024,Audi,Q5,3.0,24983,Automatic,Diesel,First,44458.72
2014,Audi,Q5,3.0,23750,Manual,Hybrid,First,20128.3
2016,Audi,Q5,2.0,31994,Automatic,Hybrid,First,24442.54
2015,Audi,Q5,1.8,93139,Manual,Hybrid,Second,15092.37
2024,Audi,Q5,3.0,114335,Automatic,Diesel,Second,39206.73
2020,Audi,Q5,2.0,41585,Automatic,Hybrid,Third,23441.2
2023,Audi,Q5,3.0,115633,Manual,Diesel,Third,24954.03
2018,Audi,Q5,3.0,98155,Automatic,Hybrid,Second,25737.01
2016,Audi,Q5,3.0,48939,Automatic,Electric,First,24401.77
2020,Audi,Q5,3.0,12849,Automatic,Hybrid,Third,26879.36
2024,Audi,Q5,3.0,78604,Automatic,Hybrid,Second,37467.74
2022,Audi,Q5,3.0,77383,Manual,Electric,Third,27793.02
2017,Audi,Q5,1.8,106427,Manual,Electric,Third,19095.83
2014,Audi,Q5,1.8,98211,Manual,Electric,First,12508.03
2015,Audi,Q5,3.0,128989,Automatic,Electric,Second,17621.57
2020,Audi,Q5,2.0,18552,Manual,Petrol,Third,21205.96
2016,Audi,Q5,3.0,65395,Manual,Electric,First,23297.44
2018,Audi,Q5,2.0,53189,Automatic,Hybrid,Third,21932.39
2022,Audi,Q5,1.8,115882,Manual,Diesel,Third,23813.17
2019,Audi,Q5,2.0,25098,Automatic,Electric,Second,25344.23
2020,Audi,Q5,2.0,28979,Manual,Hybrid,Second,26525.66
2022,Audi,Q5,1.8,101902,Automatic,Diesel,First,31880.75
2023,Audi,Q5,1.8,70561,Automatic,Electric,First,41835.92
2015,Audi,Q5,2.0,36159,Manual,Petrol,Third,12124.31
2015,Audi,Q5,1.8,94530,Manual,Hybrid,Second,15767.24
2023,Audi,Q5,3.0,114269,Automatic,Diesel,Second,36660.91
2015,Audi,Q5,2.0,100153,Automatic,Hybrid,Second,15929.86
2013,Audi,Q5,2.0,92257,Manual,Petrol,Third,4892.76
2017,Audi,Q5,1.8,108528,Manual,Electric,Second,17750.77
2019,Audi,Q5,2.0,7052,Manual,Petrol,First,27272.45
2023,Audi,Q5,1.8,65134,Manual,Electric,First,38693.21
2017,Audi,Q5,3.0,111987,Automatic,Hybrid,First,24484.45
2015,Audi,Q5,3.0,111434,Automatic,Petrol,First,19673.78
2022,Audi,Q5,1.8,68046,Automatic,Electric,Second,33472.78
2022,Audi,Q5,3.0,91216,Automatic,Electric,First,40106.14
2024,Audi,Q5,3.0,67713,Automatic,Hybrid,Second,33004.65
2024,Audi,Q5,3.0,111101,Manual,Hybrid,First,39347.79
2024,Audi,Q5,1.8,109649,Automatic,Hybrid,First,43228.65
2015,Audi,Q5,3.0,109827,Automatic,Hybrid,Second,16489.37
2018,Audi,Q5,1.8,16784,Manual,Petrol,Second,17314.77
2021,Audi,Q5,2.0,66440,Manual,Electric,Second,30975.45
2015,Audi,Q5,1.8,80758,Manual,Hybrid,Second,16051.16
2021,Audi,Q5,3.0,96787,Automatic,Diesel,Second,27236.7
2021,Audi,Q5,1.8,9714,Automatic,Diesel,First,35726.15
2020,Audi,Q5,3.0,39116,Manual,Hybrid,Second,27737.51
2019,Audi,Q5,2.0,43888,Manual,Electric,First,29999.97
2015,Audi,Q5,2.0,42761,Manual,Electric,Second,17332.08
2020,Audi,Q5,3.0,6991,Manual,Diesel,Third,25926.16
2018,Audi,Q5,3.0,8136,Manual,Diesel,First,26322.98
2024,Audi,Q5,3.0,74439,Manual,Electric,Second,38562.37
2016,Audi,Q5,3.0,110071,Manual,Electric,Second,17827.87
2016,Audi,Q5,1.8,11316,Automatic,Petrol,Third,15689.09
2013,Audi,Q5,2.0,31401,Manual,Hybrid,Second,12869.47
2024,Audi,Q5,3.0,123327,Automatic,Diesel,Second,33676.4
2018,Audi,Q5,1.8,32564,Manual,Petrol,First,27216.32
2015,Audi,Q5,1.8,129272,Manual,Electric,First,15059.14
2022,Audi,Q5,2.0,59207,Manual,Diesel,First,37016.11
2023,Audi,Q5,2.0,60251,Manual,Electric,First,40650.57
2018,Audi,Q5,3.0,117080,Manual,Hybrid,Third,18399.18
2018,Audi,Q5,2.0,86606,Automatic,Diesel,First,23869.39
2024,Audi,Q5,2.0,78019,Manual,Petrol,First,40552.48
2024,Audi,Q3,1.8,4132,Automatic,Diesel,Third,29750.05
2022,Audi,Q3,3.0,61958,Manual,Diesel,Second,29290.88
2019,Audi,Q3,3.0,66372,Automatic,Hybrid,Third,21191.11
2015,Audi,Q3,3.0,100322,Manual,Electric,Third,15487.88
2019,Audi,Q3,1.8,109657,Manual,Electric,First,27687.07
2018,Audi,Q3,2.0,85628,Automatic,Diesel,Third,20722.27
2021,Audi,Q3,2.0,129875,Automatic,Diesel,Second,26498.89
2014,Audi,Q3,3.0,117883,Automatic,Electric,First,20601.41
2022,Audi,Q3,2.0,83166,Automatic,Electric,Second,32651.2
2016,Audi,Q3,1.8,42530,Automatic,Electric,First,22520.99
2019,Audi,Q3,2.0,126498,Manual,Hybrid,Second,18414.85
2021,Audi,Q3,2.0,54362,Automatic,Hybrid,Third,27627.45
2016,Audi,Q3,1.8,4943,Manual,Diesel,Second,17365.68
2023,Audi,Q3,1.8,63240,Manual,Hybrid,Second,34477.28
2024,Audi,Q3,1.8,13683,Manual,Hybrid,First,43537.15
2018,Audi,Q3,3.0,75307,Automatic,Diesel,Second,19704.79
2017,Audi,Q3,1.8,12832,Automatic,Electric,First,29529.02
2015,Audi,Q3,2.0,38120,Manual,Hybrid,First,24682.59
2024,Audi,Q3,2.0,87577,Manual,Hybrid,First,39996.81
2023,Audi,Q3,3.0,70557,Manual,Petrol,First,37951.81
2015,Audi,Q3,3.0,98515,Automatic,Electric,First,21670.92
2024,Audi,Q3,3.0,42437,Manual,Electric,First,46397.91
2020,Audi,Q3,2.0,44168,Manual,Petrol,Third,19842.96
2013,Audi,Q3,1.8,92729,Automatic,Diesel,Third,3951.13
2021,Audi,Q3,3.0,3992,Automatic,Electric,Third,28587.57
2018,Audi,Q3,1.8,20565,Manual,Diesel,Third,14619.26
2013,Audi,Q3,3.0,22513,Automatic,Electric,Third,12143.1
2019,Audi,Q3,3.0,21638,Automatic,Diesel,Third,22390.34
2015,Audi,Q3,1.8,124401,Automatic,Hybrid,First,16337.31
2019,Audi,Q3,3.0,30987,Automatic,Electric,First,31258.91
2015,Audi,Q3,1.8,16627,Manual,Electric,Second,20040.51
2022,Audi,Q3,3.0,79309,Automatic,Hybrid,Third,26596.68
2020,Audi,Q3,3.0,85273,Automatic,Electric,Second,29162.39
2020,Audi,Q3,3.0,96614,Automatic,Diesel,Second,26493.73
2021,Audi,Q3,1.8,20813,Automatic,Petrol,Third,24903.88
2023,Audi,Q3,2.0,90114,Manual,Diesel,Third,26051.79
2017,Audi,Q3,3.0,58541,Automatic,Hybrid,Third,19710.33
2013,Audi,Q3,2.0,33289,Manual,Hybrid,Third,8268.95
2022,Audi,Q3,3.0,90610,Manual,Hybrid,Third,24441.28
2021,Audi,Q3,2.0,76694,Automatic,Diesel,First,31567.84
2022,Audi,Q3,3.0,105017,Automatic,Diesel,Third,26748.82
2022,Audi,Q3,1.8,20344,Automatic,Electric,Third,29415.28
2021,Audi,Q3,1.8,87564,Automatic,Electric,Second,30798.94
2020,Audi,Q3,3.0,90822,Automatic,Diesel,Third,20849.24
2019,Audi,Q3,2.0,63109,Automatic,Electric,First,34297.87
2019,Audi,Q3,3.0,77732,Manual,Electric,Second,27489.89
2024,Audi,Q3,2.0,99683,Manual,Electric,Third,30278.24
2023,Audi,Q3,3.0,85632,Automatic,Electric,Third,29023.54
2015,Audi,Q3,3.0,17413,Manual,Diesel,Second,17073.56
2017,Audi,Q3,2.0,116049,Manual,Electric,First,20353.03
2014,Audi,Q3,3.0,85160,Automatic,Electric,First,23823.6
2017,Audi,Q3,1.8,113747,Manual,Hybrid,Second,14581.98
2019,Audi,Q3,2.0,27718,Manual,Electric,Third,24106.71
2019,Audi,Q3,3.0,123203,Manual,Hybrid,Third,20260.3
2022,Audi,Q3,1.8,120537,Automatic,Diesel,Third,22069.75
2022,Audi,Q3,3.0,110919,Manual,Hybrid,Third,26228.03
2016,Audi,Q3,3.0,118157,Manual,Petrol,First,15712.49
2018,Audi,Q3,1.8,50879,Manual,Petrol,First,22654.02
2016,Audi,Q3,1.8,110716,Automatic,Diesel,Second,13899.99
2024,Audi,Q3,3.0,73220,Automatic,Petrol,Second,36553.42
2018,Audi,Q3,2.0,20946,Manual,Diesel,Third,18748.85
2017,Audi,Q3,3.0,116301,Automatic,Electric,First,27355.64
2018,Audi,Q3,3.0,126500,Automatic,Petrol,Second,17925.34
2014,Audi,Q3,1.8,111295,Manual,Diesel,Second,7190.43
2024,Audi,Q3,1.8,114539,Manual,Petrol,Second,29983.6
2022,Audi,Q3,3.0,85045,Automatic,Hybrid,First,38378.21
2021,Audi,Q3,2.0,55282,Automatic,Electric,Third,27586.3
2016,Audi,Q3,1.8,116483,Automatic,Electric,First,21954.43
2024,Audi,Q3,1.8,52039,Manual,Petrol,Second,35561.88
2021,Audi,Q3,2.0,50984,Manual,Petrol,First,31650.24
2021,Audi,Q3,3.0,86492,Manual,Electric,Third,27419.87
2019,Audi,Q3,2.0,110848,Automatic,Electric,Second,24497.6
2014,Audi,Q3,1.8,123824,Manual,Petrol,Third,4713.72
2019,Audi,Q3,2.0,109210,Manual,Electric,Second,22456.27
2022,Audi,Q3,2.0,49898,Manual,Electric,Second,33402.08
2016,Audi,Q3,1.8,18977,Manual,Electric,Second,21498.46
2015,Audi,Q3,3.0,60655,Manual,Petrol,First,16995.02
2020,Audi,Q3,2.0,46937,Automatic,Hybrid,Third,22800.85
2023,Audi,Q3,3.0,110299,Manual,Electric,Third,27956.89
2019,Audi,Q3,1.8,32039,Automatic,Petrol,First,27319.84
2016,Audi,A3,2.0,92749,Automatic,Diesel,First,19903.23
2024,Audi,A3,3.0,99500,Automatic,Petrol,First,39827.38
2018,Audi,A3,2.0,103965,Manual,Diesel,Third,15912.55
2014,Audi,A3,3.0,7698,Manual,Petrol,Second,13239.2
2023,Audi,A3,3.0,91715,Automatic,Diesel,Third,27609.07
2022,Audi,A3,3.0,10377,Manual,Diesel,First,36384.31
2020,Audi,A3,2.0,39801,Manual,Hybrid,Third,21876.06
2023,Audi,A3,2.0,87320,Automatic,Electric,Third,31216.25
2018,Audi,A3,2.0,10500,Manual,Petrol,Second,17561.99
2014,Audi,A3,1.8,124471,Manual,Diesel,Third,5950.29
2022,Audi,A3,2.0,52939,Automatic,Diesel,Third,24670.39
2020,Audi,A3,1.8,115117,Manual,Petrol,Third,17075.62
2015,Audi,A3,1.8,31794,Manual,Electric,First,19929.41
2018,Audi,A3,2.0,102961,Manual,Diesel,First,19854.67
2014,Audi,A3,2.0,66436,Manual,Diesel,First,16785.16
2018,Audi,A3,3.0,128056,Manual,Petrol,First,22879.95
2013,Audi,A3,2.0,6328,Automatic,Diesel,Third,8520.04
2014,Audi,A3,2.0,116182,Manual,Diesel,Second,10630.91
2015,Audi,A3,3.0,116819,Manual,Petrol,Second,12121.46
2017,Audi,A3,3.0,85537,Automatic,Diesel,Third,17923.5
2014,Audi,A3,1.8,89378,Manual,Hybrid,First,15251.53
2015,Audi,A3,3.0,50628,Automatic,Diesel,Third,15216.92
2016,Audi,A3,3.0,120361,Manual,Petrol,Second,10280.36
2019,Audi,A3,2.0,4634,Manual,Diesel,Third,21225.13
2019,Audi,A3,1.8,115635,Automatic,Petrol,Second,20096.17
2018,Audi,A3,2.0,42103,Automatic,Diesel,Second,19057.66
2023,Audi,A3,1.8,54586,Automatic,Hybrid,Second,35440.41
2013,Audi,A3,3.0,100155,Manual,Hybrid,Second,11802.01
2023,Audi,A3,2.0,111182,Automatic,Electric,Third,29923.13
2016,Audi,A3,3.0,56239,Manual,Hybrid,Third,12419.53
2016,Audi,A3,3.0,48984,Manual,Diesel,Third,14169.95
2024,Audi,A3,3.0,75454,Automatic,Petrol,Second,33567.03
2021,Audi,A3,1.8,113213,Manual,Petrol,Second,22759.99
2018,Audi,A3,2.0,27346,Manual,Electric,Third,22848.89
2020,Audi,A3,2.0,62207,Manual,Diesel,Second,24153.24
2016,Audi,A3,1.8,113515,Automatic,Petrol,Third,8768.71
2022,Audi,A3,1.8,89973,Automatic,Petrol,Second,23264.37
2022,Audi,A3,2.0,97764,Manual,Electric,Third,24775.65
2018,Audi,A3,2.0,75138,Manual,Petrol,Second,22066.43
2024,Audi,A3,3.0,29817,Manual,Petrol,Second,38049.38
2019,Audi,A3,1.8,53193,Manual,Electric,Third,20288.74
2023,Audi,A3,3.0,101538,Automatic,Electric,Second,36779.67
2020,Audi,A3,2.0,20383,Automatic,Diesel,First,33688.1
2014,Audi,A3,2.0,63523,Manual,Electric,First,15536.14
2020,Audi,A3,3.0,106429,Manual,Electric,First,31055.29
2021,Audi,A3,1.8,26138,Manual,Petrol,Third,21586.12
2013,Audi,A3,2.0,12028,Manual,Petrol,First,10731.85
2022,Audi,A3,2.0,47390,Manual,Diesel,First,40120.91
2016,Audi,A3,3.0,95752,Automatic,Hybrid,Second,16841.83
2023,Audi,A3,1.8,75964,Manual,Diesel,First,34574.73
2013,Audi,A3,2.0,127820,Manual,Petrol,Third,3056.22
2022,Audi,A3,1.8,103282,Manual,Hybrid,Third,26246.54
2014,Audi,A3,2.0,84664,Automatic,Diesel,First,15311.89
2018,Audi,A3,1.8,90081,Manual,Electric,First,27696.49
2013,Audi,A3,3.0,72907,Manual,Diesel,Third,6816.17
2021,Audi,A3,3.0,79749,Manual,Petrol,Third,23967.83
2017,Audi,A3,2.0,10344,Manual,Petrol,Third,15363.17
2024,Audi,A3,1.8,31285,Automatic,Diesel,Third,29573.8
2014,Audi,A3,3.0,21007,Manual,Electric,First,19883.78
2024,Audi,A3,2.0,61543,Manual,Hybrid,First,37987.23
2023,Audi,A3,2.0,58258,Automatic,Petrol,Second,29976.76
2020,Audi,A3,1.8,64599,Manual,Hybrid,Second,21851.09
2022,Audi,A3,2.0,93251,Automatic,Hybrid,First,36545.61
2014,Audi,A3,1.8,32948,Manual,Petrol,Second,7051.67
2015,Audi,A3,3.0,99806,Manual,Petrol,Third,11946.47
2015,Audi,A3,2.0,94282,Manual,Hybrid,First,15119.46
2020,Audi,A3,2.0,62019,Automatic,Electric,Second,30541.59
2019,Audi,A3,2.0,110942,Automatic,Hybrid,First,29752.02
2019,Audi,A3,1.8,107531,Automatic,Electric,Second,25729.28
2017,Audi,A3,1.8,103447,Automatic,Petrol,Second,12765.08
2022,Audi,A3,3.0,42288,Automatic,Hybrid,First,39872.28
2020,Audi,A3,3.0,62722,Automatic,Diesel,Third,21507.93
2015,Audi,A3,2.0,88134,Manual,Petrol,Second,12844.7
2023,Audi,A3,1.8,6399,Manual,Electric,Second,35714.94
2017,Audi,A3,2.0,109035,Automatic,Petrol,Second,18312.86
2016,Audi,A3,2.0,14809,Manual,Petrol,First,19527.85
2015,Audi,A3,2.0,24891,Manual,Diesel,First,17275.39
2013,Audi,A3,2.0,116174,Automatic,Electric,Second,8256.19
2013,Audi,A3,2.0,42865,Manual,Hybrid,Second,11764.31
2022,Audi,A3,3.0,80355,Manual,Hybrid,First,34624.52
2014,Audi,A5,2.0,129167,Manual,Petrol,First,12988.88
2014,Audi,A5,2.0,77500,Automatic,Petrol,Third,10216.28
2013,Audi,A5,1.8,57833,Manual,Hybrid,Second,7306.87
2014,Audi,A5,3.0,113766,Manual,Diesel,Third,12094.96
2013,Audi,A5,3.0,67353,Automatic,Petrol,Third,12911.59
2023,Audi,A5,1.8,100104,Automatic,Diesel,First,36794.61
2020,Audi,A5,3.0,124294,Automatic,Electric,First,31453.81
2024,Audi,A5,1.8,6311,Manual,Diesel,Third,28281.09
2018,Audi,A5,2.0,99755,Automatic,Petrol,First,21376.92
2017,Audi,A5,3.0,81255,Manual,Electric,Second,19697.52
2014,Audi,A5,3.0,102532,Manual,Petrol,Third,6615.68
2020,Audi,A5,2.0,62570,Manual,Petrol,First,27070.96
2022,Audi,A5,1.8,85445,Manual,Electric,Third,27818.91
2020,Audi,A5,1.8,64920,Automatic,Hybrid,Third,23551.18
2015,Audi,A5,2.0,17987,Manual,Diesel,Second,14756.3
2015,Audi,A5,2.0,115616,Manual,Petrol,Third,12292.28
2017,Audi,A5,1.8,110893,Manual,Electric,Third,18930.5
2013,Audi,A5,1.8,106467,Automatic,Diesel,First,7127.06
2017,Audi,A5,3.0,107992,Manual,Hybrid,Second,21306.52
2016,Audi,A5,2.0,108657,Automatic,Electric,First,20948.88
2020,Audi,A5,1.8,84468,Manual,Diesel,Second,25086.06
2013,Audi,A5,3.0,118518,Manual,Electric,First,11830.65
2015,Audi,A5,3.0,61215,Automatic,Petrol,First,20297.97
2015,Audi,A5,1.8,96077,Manual,Diesel,Third,8383.49
2022,Audi,A5,2.0,70967,Automatic,Diesel,Second,24507.69
2024,Audi,A5,2.0,60142,Manual,Diesel,First,36849.5
2018,Audi,A5,1.8,52119,Automatic,Petrol,First,20355.27
2024,Audi,A5,2.0,99185,Manual,Hybrid,Second,30041.15
2014,Audi,A5,3.0,45789,Automatic,Electric,Third,13378.22
2014,Audi,A5,2.0,127971,Automatic,Electric,Third,10801.02
2019,Audi,A5,3.0,114302,Manual,Petrol,Second,20143.06
2022,Audi,A5,1.8,25413,Manual,Diesel,Second,30920.72
2014,Audi,A5,2.0,104154,Automatic,Hybrid,Second,10877.28
2016,Audi,A5,1.8,83824,Automatic,Petrol,First,18230.16
2016,Audi,A5,1.8,113249,Automatic,Petrol,Third,13422.71
2024,Audi,A5,1.8,73173,Automatic,Electric,Second,38269.93
2018,Audi,A5,3.0,92116,Automatic,Diesel,First,26763.08
2014,Audi,A5,3.0,4363,Manual,Hybrid,Third,15353.34
2013,Audi,A5,1.8,48991,Manual,Petrol,Second,8427.23
2018,Audi,A5,2.0,24471,Automatic,Diesel,Third,19575.36
2013,Audi,A5,1.8,26511,Automatic,Hybrid,Second,12138.41
2019,Audi,A5,1.8,61398,Automatic,Hybrid,Third,19538.94
2020,Audi,A5,3.0,121141,Automatic,Petrol,First,29719.11
2022,Audi,A5,2.0,98347,Manual,Hybrid,Third,25791.26
2017,Audi,A5,1.8,67990,Automatic,Hybrid,Second,19699.43
2017,Audi,A5,3.0,76916,Automatic,Petrol,Second,21612.96
2020,Audi,A5,1.8,76212,Automatic,Petrol,First,27108.53
2022,Audi,A5,3.0,112928,Manual,Petrol,Third,23227.74
2024,Audi,A5,2.0,15663,Manual,Diesel,Second,36454.1
2023,Audi,A5,1.8,69376,Manual,Diesel,Third,27993.64
2024,Audi,A5,1.8,18847,Manual,Hybrid,First,39472.61
2019,Audi,A5,1.8,113736,Automatic,Petrol,Third,20605.38
2018,Audi,A5,1.8,120704,Automatic,Hybrid,Second,22133.41
2016,Audi,A5,2.0,105927,Manual,Hybrid,Third,14313.0
2020,Audi,A5,2.0,98619,Manual,Electric,Third,22239.94
2017,Audi,A5,1.8,78324,Automatic,Diesel,Third,16094.26
2016,Audi,A5,1.8,46408,Automatic,Hybrid,Third,16862.36
2017,Audi,A5,1.8,62416,Manual,Electric,First,21630.15
2013,Audi,A5,2.0,31194,Manual,Electric,First,16544.46
2020,Audi,A5,3.0,17378,Manual,Petrol,First,32681.33
2019,Audi,A5,2.0,36428,Manual,Diesel,Second,22424.98
2017,Audi,A5,3.0,91545,Automatic,Hybrid,Second,20296.25
2023,Audi,A5,2.0,15289,Manual,Electric,Second,40420.35
2022,Audi,A5,2.0,117889,Automatic,Petrol,Second,27365.13
2018,Audi,A5,2.0,18327,Automatic,Hybrid,Second,25799.13
2013,Audi,A5,1.8,79347,Manual,Hybrid,First,8431.82
2021,Audi,A5,1.8,50042,Automatic,Hybrid,Second,31573.95
2015,Audi,A5,2.0,52699,Automatic,Electric,Second,16984.61
2024,Audi,A5,1.8,98023,Manual,Electric,Third,29196.46
2023,Audi,A5,2.0,19719,Automatic,Petrol,Second,33111.54
2021,Audi,A5,3.0,124743,Automatic,Hybrid,Second,31372.43
2018,Audi,A5,2.0,43194,Automatic,Hybrid,Third,16372.62
2024,Audi,A5,1.8,77327,Automatic,Hybrid,First,41768.51
2019,Audi,A5,2.0,19860,Manual,Hybrid,Second,22493.06
2021,Audi,A5,2.0,115661,Manual,Diesel,Third,23016.65
2023,Audi,A5,1.8,81539,Automatic,Electric,Second,35808.99
2017,Audi,A5,3.0,77217,Automatic,Hybrid,First,24260.41
2022,Audi,A5,2.0,116451,Manual,Electric,Third,21331.52
2022,Audi,A5,1.8,112768,Manual,Petrol,Third,19048.78
2020,Audi,A5,2.0,78614,Automatic,Petrol,Third,19446.05
2022,Audi,e-tron,2.0,48471,Manual,Electric,Second,31775.28
2020,Audi,e-tron,3.0,62035,Manual,Electric,Third,24260.1
2014,Audi,e-tron,1.8,71398,Manual,Electric,Second,16878.37
2022,Audi,e-tron,3.0,71347,Automatic,Diesel,Third,24051.63
2018,Audi,e-tron,2.0,30284,Automatic,Petrol,Second,21206.58
2016,Audi,e-tron,3.0,41036,Manual,Hybrid,First,23265.82
2014,Audi,e-tron,3.0,18987,Manual,Electric,Third,14678.0
2013,Audi,e-tron,3.0,62026,Automatic,Electric,First,18542.53
2019,Audi,e-tron,2.0,100366,Automatic,Electric,First,31007.72
2022,Audi,e-tron,1.8,109137,Manual,Electric,Second,31753.31
2020,Audi,e-tron,3.0,15416,Manual,Petrol,Third,24417.16
2015,Audi,e-tron,1.8,25972,Manual,Petrol,Third,13022.34
2018,Audi,e-tron,3.0,10826,Automatic,Diesel,First,30944.7
2016,Audi,e-tron,1.8,27520,Automatic,Petrol,Third,15025.04
2016,Audi,e-tron,1.8,19257,Automatic,Electric,Second,17662.6
2016,Audi,e-tron,2.0,76750,Automatic,Petrol,Second,13684.03
2024,Audi,e-tron,3.0,83987,Automatic,Diesel,Third,28171.2
2019,Audi,e-tron,3.0,14503,Automatic,Petrol,Third,24394.1
2021,Audi,e-tron,2.0,48335,Manual,Diesel,Third,21521.61
2023,Audi,e-tron,2.0,56912,Automatic,Hybrid,Third,30335.3
2017,Audi,e-tron,1.8,58186,Automatic,Electric,First,29516.09
2019,Audi,e-tron,3.0,18640,Automatic,Hybrid,First,33602.64
2014,Audi,e-tron,1.8,87606,Automatic,Electric,First,16721.35
2022,Audi,e-tron,1.8,29564,Manual,Petrol,Second,30047.39
2020,Audi,e-tron,2.0,40962,Manual,Diesel,Third,20583.69
2013,Audi,e-tron,1.8,9393,Automatic,Petrol,Second,10742.58
2023,Audi,e-tron,1.8,105330,Manual,Diesel,Third,26383.33
2019,Audi,e-tron,1.8,19217,Manual,Diesel,Third,20540.14
2023,Audi,e-tron,2.0,113907,Manual,Hybrid,First,39910.78
2016,Audi,e-tron,2.0,73015,Manual,Electric,First,18697.35
2022,Audi,e-tron,1.8,8591,Manual,Diesel,Third,27639.92
2016,Audi,e-tron,2.0,90030,Automatic,Petrol,Second,15819.71
2020,Audi,e-tron,3.0,108319,Automatic,Hybrid,First,31682.57
2019,Audi,e-tron,2.0,26492,Automatic,Hybrid,First,32941.18
2022,Audi,e-tron,3.0,116585,Manual,Diesel,First,35083.24
2023,Audi,e-tron,1.8,88184,Automatic,Diesel,Third,27912.59
2016,Audi,e-tron,3.0,50373,Automatic,Electric,Second,22510.39
2014,Audi,e-tron,3.0,38500,Automatic,Petrol,Second,13110.96
2017,Audi,e-tron,3.0,118006,Automatic,Diesel,Third,11471.72
2016,Audi,e-tron,3.0,92100,Automatic,Hybrid,First,20220.74
2017,Audi,e-tron,1.8,60987,Automatic,Petrol,First,21412.76
2016,Audi,e-tron,3.0,119332,Manual,Diesel,First,16008.84
2014,Audi,e-tron,1.8,26826,Automatic,Diesel,First,13885.03
2015,Audi,e-tron,2.0,129511,Manual,Diesel,Second,10971.67
2024,Audi,e-tron,3.0,103613,Automatic,Diesel,Third,30982.88
2020,Audi,e-tron,2.0,66444,Automatic,Hybrid,Second,28484.95
2019,Audi,e-tron,2.0,56270,Manual,Hybrid,First,29301.95
2017,Audi,e-tron,2.0,71201,Manual,Petrol,Third,11716.64
2015,Audi,e-tron,3.0,77861,Automatic,Electric,First,20479.81
2017,Audi,e-tron,1.8,89924,Automatic,Petrol,First,19356.54
2021,Audi,e-tron,2.0,53109,Automatic,Diesel,First,32875.13
2018,Audi,e-tron,3.0,77548,Manual,Petrol,First,24528.19
2013,Audi,e-tron,3.0,88913,Automatic,Hybrid,Second,14328.25
2019,Audi,e-tron,1.8,36485,Manual,Hybrid,First,30615.92
2019,Audi,e-tron,1.8,54171,Automatic,Hybrid,Third,23361.72
2013,Audi,e-tron,3.0,42459,Manual,Hybrid,Second,10269.02
2018,Audi,e-tron,2.0,122529,Manual,Petrol,Third,12087.11
2014,Audi,e-tron,2.0,107666,Manual,Electric,First,17366.01
2023,Audi,e-tron,1.8,74296,Automatic,Electric,Third,29734.17
2022,Audi,e-tron,1.8,53528,Manual,Electric,Third,25496.15
2021,Audi,e-tron,3.0,6468,Automatic,Hybrid,Second,34787.0
2016,Audi,e-tron,3.0,111025,Manual,Petrol,Third,11841.29
2021,Audi,e-tron,1.8,31962,Automatic,Petrol,First,33689.68
2017,Audi,e-tron,1.8,37558,Manual,Hybrid,Second,23332.75
2014,Audi,e-tron,2.0,101631,Automatic,Electric,First,17307.36
2021,Audi,e-tron,1.8,111052,Manual,Electric,Third,21864.31
2014,Audi,e-tron,1.8,107358,Automatic,Electric,First,17587.13
2016,Audi,e-tron,2.0,42579,Automatic,Petrol,Third,12858.0
2016,Audi,e-tron,1.8,124227,Automatic,Diesel,Third,8895.31
2019,Audi,e-tron,1.8,67949,Manual,Petrol,Second,23145.76
2019,Audi,e-tron,2.0,21610,Manual,Electric,Third,22450.77
2024,Audi,e-tron,3.0,20744,Automatic,Electric,Second,38300.48
2019,Audi,e-tron,3.0,62633,Manual,Petrol,Second,24679.11
2017,Audi,e-tron,2.0,11390,Automatic,Petrol,First,21976.74
2017,Audi,e-tron,2.0,28836,Automatic,Hybrid,Second,22335.64
2017,Audi,e-tron,3.0,69556,Manual,Petrol,Second,16587.54
2018,Audi,e-tron,3.0,76450,Automatic,Hybrid,Third,19360.04
2014,Audi,e-tron,3.0,94145,Manual,Hybrid,First,13339.17
2018,Audi,e-tron,1.8,81253,Automatic,Diesel,Second,20032.96
2015,Audi,e-tron,3.0,56804,Manual,Electric,Second,16563.06
2013,Chevrolet,Malibu,1.5,23180,Automatic,Hybrid,Third,8851.91
2022,Chevrolet,Malibu,3.6,125352,Manual,Electric,Third,17525.92
2020,Chevrolet,Malibu,3.6,83808,Manual,Diesel,Second,13699.28
2022,Chevrolet,Malibu,1.5,63766,Automatic,Diesel,Second,18457.44
2022,Chevrolet,Malibu,2.5,22332,Manual,Hybrid,Third,17325.96
2023,Chevrolet,Malibu,1.5,59625,Manual,Hybrid,First,21330.38
2016,Chevrolet,Malibu,2.5,50576,Automatic,Hybrid,Third,10928.33
2017,Chevrolet,Malibu,2.5,30563,Automatic,Petrol,First,14569.29
2013,Chevrolet,Malibu,5.3,98802,Automatic,Diesel,Second,10164.31
2017,Chevrolet,Malibu,5.3,62595,Automatic,Petrol,Second,14688.82
2020,Chevrolet,Malibu,1.5,48594,Automatic,Electric,Third,15524.27
2015,Chevrolet,Malibu,2.5,28525,Automatic,Petrol,Third,9536.57
2013,Chevrolet,Malibu,3.6,95424,Automatic,Hybrid,First,11819.64
2013,Chevrolet,Malibu,3.6,123359,Manual,Electric,First,11688.59
2019,Chevrolet,Malibu,1.5,124625,Manual,Electric,Second,14595.48
2021,Chevrolet,Malibu,1.5,48952,Automatic,Hybrid,First,22340.04
2016,Chevrolet,Malibu,1.5,109120,Automatic,Hybrid,First,10804.89
2021,Chevrolet,Malibu,3.6,89615,Automatic,Hybrid,Second,18774.91
2022,Chevrolet,Malibu,3.6,128811,Manual,Petrol,Third,15723.64
2017,Chevrolet,Malibu,3.6,72131,Manual,Petrol,Second,12728.27
2018,Chevrolet,Malibu,3.6,10017,Manual,Petrol,Second,15259.61
2015,Chevrolet,Malibu,1.5,70958,Automatic,Diesel,Second,10298.68
2013,Chevrolet,Malibu,1.5,75852,Manual,Hybrid,Second,4385.74
2016,Chevrolet,Malibu,5.3,52577,Manual,Diesel,Second,15539.53
2024,Chevrolet,Malibu,3.6,97686,Manual,Petrol,Third,18215.83
2016,Chevrolet,Malibu,2.5,7163,Automatic,Hybrid,First,15944.58
2016,Chevrolet,Malibu,5.3,107031,Automatic,Petrol,First,15471.42
2018,Chevrolet,Malibu,5.3,80093,Automatic,Petrol,Second,15623.51
2018,Chevrolet,Malibu,1.5,77279,Manual,Hybrid,Third,9779.54
2013,Chevrolet,Malibu,1.5,65740,Manual,Hybrid,Second,6372.42
2023,Chevrolet,Malibu,3.6,111947,Automatic,Petrol,Second,19157.49
2021,Chevrolet,Malibu,1.5,83000,Manual,Diesel,Third,11608.34
2018,Chevrolet,Malibu,5.3,105470,Automatic,Diesel,Second,17031.91
2023,Chevrolet,Malibu,3.6,14170,Automatic,Petrol,First,25739.29
2017,Chevrolet,Malibu,5.3,39108,Manual,Diesel,Second,17941.08
2020,Chevrolet,Malibu,2.5,10444,Manual,Electric,Third,18170.37
2020,Chevrolet,Malibu,3.6,69036,Automatic,Diesel,Second,18700.58
2016,Chevrolet,Malibu,5.3,72468,Manual,Electric,First,20199.4
2023,Chevrolet,Malibu,1.5,115465,Automatic,Hybrid,First,21122.23
2014,Chevrolet,Malibu,5.3,36738,Automatic,Diesel,First,14854.06
2016,Chevrolet,Malibu,2.5,40126,Automatic,Petrol,Second,12826.21
2016,Chevrolet,Malibu,1.5,49435,Automatic,Electric,Third,10258.97
2023,Chevrolet,Malibu,2.5,61132,Manual,Electric,Second,21277.46
2020,Chevrolet,Malibu,5.3,61413,Manual,Petrol,First,21156.18
2014,Chevrolet,Malibu,1.5,84795,Automatic,Diesel,Second,5949.92
2020,Chevrolet,Malibu,2.5,27315,Manual,Hybrid,Third,15526.74
2019,Chevrolet,Malibu,3.6,46420,Manual,Petrol,Third,12447.74
2013,Chevrolet,Malibu,3.6,78475,Manual,Diesel,First,8824.55
2021,Chevrolet,Malibu,1.5,10907,Automatic,Petrol,First,20634.18
2016,Chevrolet,Malibu,5.3,21643,Automatic,Diesel,Second,17942.17
2018,Chevrolet,Malibu,5.3,85203,Automatic,Petrol,Second,15752.24
2016,Chevrolet,Malibu,3.6,28939,Automatic,Petrol,Third,10519.2
2015,Chevrolet,Malibu,3.6,108940,Manual,Petrol,Third,6280.39
2018,Chevrolet,Malibu,1.5,113430,Automatic,Electric,First,17098.09
2016,Chevrolet,Malibu,5.3,96110,Manual,Hybrid,Third,11738.3
2014,Chevrolet,Malibu,5.3,69358,Manual,Petrol,Second,10670.91
2020,Chevrolet,Malibu,5.3,39656,Manual,Hybrid,First,25401.58
2018,Chevrolet,Malibu,5.3,114076,Automatic,Diesel,Third,13949.21
2015,Chevrolet,Malibu,1.5,112577,Automatic,Diesel,Second,7883.39
2015,Chevrolet,Malibu,5.3,106741,Manual,Petrol,Third,8236.64
2023,Chevrolet,Malibu,5.3,42883,Automatic,Hybrid,Third,22141.26
2021,Chevrolet,Malibu,5.3,78866,Automatic,Petrol,First,22707.54
2020,Chevrolet,Malibu,2.5,108190,Automatic,Petrol,First,18166.36
2018,Chevrolet,Malibu,5.3,115308,Automatic,Petrol,Third,14572.47
2021,Chevrolet,Malibu,1.5,25622,Automatic,Petrol,Second,18377.1
2019,Chevrolet,Malibu,5.3,123788,Manual,Diesel,Third,12018.76
2014,Chevrolet,Malibu,5.3,78827,Manual,Electric,Third,11351.82
2024,Chevrolet,Malibu,3.6,118855,Automatic,Electric,Third,20572.56
2015,Chevrolet,Malibu,3.6,28931,Manual,Petrol,First,11364.1
2019,Chevrolet,Malibu,2.5,117445,Manual,Hybrid,First,14997.16
2017,Chevrolet,Malibu,5.3,99816,Automatic,Electric,Third,15667.47
2015,Chevrolet,Malibu,3.6,120857,Automatic,Electric,First,16044.97
2014,Chevrolet,Malibu,1.5,96439,Manual,Petrol,First,5954.1
2022,Chevrolet,Malibu,2.5,43831,Manual,Electric,First,25903.99
2023,Chevrolet,Malibu,3.6,36208,Automatic,Hybrid,Third,21291.24
2019,Chevrolet,Malibu,2.5,120021,Automatic,Diesel,Third,11879.14
2023,Chevrolet,Malibu,1.5,75485,Automatic,Diesel,Second,17553.78
2015,Chevrolet,Malibu,5.3,98321,Automatic,Diesel,Third,9340.27
2022,Chevrolet,Malibu,5.3,109313,Automatic,Diesel,Third,19225.62
2024,Chevrolet,Malibu,2.5,15860,Manual,Electric,Second,25159.1
2019,Chevrolet,Equinox,3.6,44280,Automatic,Hybrid,Second,20177.11
2015,Chevrolet,Equinox,3.6,48588,Manual,Electric,First,17608.63
2015,Chevrolet,Equinox,5.3,116318,Manual,Electric,Second,13377.04
2021,Chevrolet,Equinox,3.6,19640,Manual,Petrol,Second,18726.96
2013,Chevrolet,Equinox,2.5,16730,Manual,Electric,Second,12448.87
2013,Chevrolet,Equinox,3.6,21565,Automatic,Petrol,Third,7828.26
2018,Chevrolet,Equinox,3.6,84855,Automatic,Petrol,First,16878.44
2015,Chevrolet,Equinox,3.6,129766,Manual,Petrol,Third,5117.21
2023,Chevrolet,Equinox,1.5,98443,Manual,Petrol,Third,11139.04
2020,Chevrolet,Equinox,3.6,110710,Automatic,Hybrid,Third,14808.05
2018,Chevrolet,Equinox,2.5,12542,Automatic,Electric,First,23373.7
2022,Chevrolet,Equinox,2.5,59093,Manual,Hybrid,First,22382.99
2013,Chevrolet,Equinox,2.5,80474,Automatic,Electric,Third,9274.52
2018,Chevrolet,Equinox,3.6,33816,Automatic,Diesel,Second,16070.02
2023,Chevrolet,Equinox,1.5,55919,Automatic,Hybrid,First,25303.97
2017,Chevrolet,Equinox,2.5,6017,Automatic,Electric,First,23216.31
2020,Chevrolet,Equinox,2.5,32511,Automatic,Petrol,Second,18138.08
2018,Chevrolet,Equinox,1.5,30048,Automatic,Petrol,First,15617.31
2021,Chevrolet,Equinox,3.6,17525,Manual,Electric,Second,24888.19
2016,Chevrolet,Equinox,5.3,98613,Automatic,Diesel,Second,13301.27
2019,Chevrolet,Equinox,1.5,115264,Manual,Diesel,Third,9457.49
2024,Chevrolet,Equinox,1.5,79280,Automatic,Electric,Third,20103.61
2017,Chevrolet,Equinox,2.5,121981,Automatic,Petrol,Second,9934.24
2015,Chevrolet,Equinox,2.5,17003,Manual,Electric,First,15520.14
2018,Chevrolet,Equinox,5.3,54025,Automatic,Electric,First,26993.72
2020,Chevrolet,Equinox,1.5,79591,Automatic,Petrol,Second,15002.22
2018,Chevrolet,Equinox,3.6,69064,Manual,Petrol,First,13757.9
2013,Chevrolet,Equinox,3.6,23704,Automatic,Diesel,Second,11484.49
2017,Chevrolet,Equinox,5.3,93179,Automatic,Diesel,First,17070.62
2020,Chevrolet,Equinox,1.5,53622,Manual,Electric,Second,18534.51
2019,Chevrolet,Equinox,1.5,30506,Automatic,Petrol,Third,12678.77
2023,Chevrolet,Equinox,5.3,83071,Automatic,Hybrid,Third,21656.42
2014,Chevrolet,Equinox,5.3,53467,Manual,Hybrid,Third,11198.01
2022,Chevrolet,Equinox,5.3,28223,Manual,Petrol,Second,20910.16
2014,Chevrolet,Equinox,1.5,111033,Manual,Hybrid,Second,7709.49
2022,Chevrolet,Equinox,3.6,71637,Manual,Electric,Second,22537.91
2016,Chevrolet,Equinox,3.6,101698,Manual,Diesel,Second,13203.31
2016,Chevrolet,Equinox,2.5,48610,Manual,Petrol,Third,7807.69
2018,Chevrolet,Equinox,1.5,50611,Automatic,Diesel,First,15007.34
2015,Chevrolet,Equinox,5.3,65093,Automatic,Petrol,Second,10850.81
2021,Chevrolet,Equinox,1.5,114129,Automatic,Electric,Second,19220.41
2015,Chevrolet,Equinox,1.5,49360,Automatic,Hybrid,Second,11303.87
2013,Chevrolet,Equinox,5.3,31672,Automatic,Diesel,Third,9757.22
2023,Chevrolet,Equinox,5.3,5221,Automatic,Electric,First,34020.99
2023,Chevrolet,Equinox,1.5,87688,Manual,Petrol,Third,14823.56
2016,Chevrolet,Equinox,5.3,124886,Manual,Hybrid,Third,11406.56
2019,Chevrolet,Equinox,1.5,69345,Automatic,Hybrid,First,17209.99
2019,Chevrolet,Equinox,5.3,55460,Manual,Petrol,Second,17962.87
2014,Chevrolet,Equinox,2.5,116000,Manual,Hybrid,Second,8197.61
2013,Chevrolet,Equinox,5.3,21642,Manual,Diesel,Third,8747.04
2014,Chevrolet,Equinox,3.6,32152,Manual,Hybrid,Third,9322.21
2019,Chevrolet,Equinox,3.6,50062,Manual,Petrol,Second,14774.26
2019,Chevrolet,Equinox,2.5,107231,Manual,Diesel,Second,12074.27
2018,Chevrolet,Equinox,2.5,115661,Manual,Diesel,Third,8984.88
2018,Chevrolet,Equinox,1.5,15521,Automatic,Petrol,First,17508.37
2014,Chevrolet,Equinox,3.6,98675,Automatic,Diesel,Third,6370.99
2024,Chevrolet,Equinox,3.6,48692,Manual,Electric,First,30087.4
2015,Chevrolet,Equinox,1.5,7286,Manual,Electric,Second,12819.16
2018,Chevrolet,Equinox,1.5,108126,Manual,Diesel,Second,10472.6
2018,Chevrolet,Equinox,1.5,100010,Manual,Electric,Third,10749.9
2022,Chevrolet,Equinox,1.5,26814,Manual,Diesel,Third,15873.51
2019,Chevrolet,Equinox,3.6,121792,Manual,Diesel,Third,11068.41
2019,Chevrolet,Equinox,3.6,55169,Automatic,Electric,Second,20484.68
2017,Chevrolet,Equinox,3.6,91247,Automatic,Hybrid,Second,14484.85
2023,Chevrolet,Equinox,1.5,79230,Automatic,Diesel,Second,20830.18
2021,Chevrolet,Equinox,5.3,91373,Automatic,Hybrid,Second,21634.76
2024,Chevrolet,Equinox,5.3,100522,Automatic,Hybrid,Third,22580.23
2019,Chevrolet,Equinox,2.5,98369,Manual,Hybrid,Third,14127.8
2024,Chevrolet,Equinox,2.5,14233,Manual,Petrol,Third,17422.94
2022,Chevrolet,Equinox,3.6,82396,Automatic,Hybrid,Third,18404.47
2020,Chevrolet,Equinox,3.6,126668,Manual,Diesel,Second,14067.42
2023,Chevrolet,Equinox,5.3,112908,Manual,Hybrid,First,25346.81
2015,Chevrolet,Equinox,5.3,29710,Manual,Electric,Third,13279.84
2018,Chevrolet,Equinox,5.3,127151,Automatic,Hybrid,Second,18614.43
2018,Chevrolet,Equinox,2.5,15891,Manual,Electric,Third,13786.88
2016,Chevrolet,Equinox,1.5,116580,Automatic,Electric,Second,10823.37
2019,Chevrolet,Equinox,1.5,39102,Manual,Electric,First,20832.03
2024,Chevrolet,Equinox,1.5,17003,Manual,Electric,Second,24734.24
2020,Chevrolet,Equinox,1.5,14369,Manual,Electric,First,22637.82
2024,Chevrolet,Equinox,5.3,68951,Manual,Petrol,First,26993.75
2019,Chevrolet,Tahoe,3.6,22887,Automatic,Petrol,First,19527.63
2017,Chevrolet,Tahoe,2.5,45861,Manual,Diesel,Third,9959.14
2020,Chevrolet,Tahoe,1.5,29250,Manual,Diesel,Third,13654.92
2022,Chevrolet,Tahoe,5.3,92851,Automatic,Petrol,First,24804.0
2015,Chevrolet,Tahoe,1.5,26363,Manual,Diesel,Third,8285.98
2018,Chevrolet,Tahoe,3.6,120159,Automatic,Electric,First,19962.21
2022,Chevrolet,Tahoe,1.5,6883,Automatic,Petrol,Second,19804.19
2017,Chevrolet,Tahoe,1.5,98661,Manual,Petrol,First,8965.48
2017,Chevrolet,Tahoe,2.5,7125,Automatic,Petrol,Third,12681.52
2014,Chevrolet,Tahoe,1.5,115179,Automatic,Electric,First,9598.97
2013,Chevrolet,Tahoe,3.6,54113,Automatic,Electric,Second,11900.81
2016,Chevrolet,Tahoe,2.5,59298,Automatic,Diesel,Second,11446.5
2016,Chevrolet,Tahoe,3.6,9886,Automatic,Hybrid,Second,15630.25
2013,Chevrolet,Tahoe,3.6,36545,Automatic,Hybrid,Second,11776.8
2024,Chevrolet,Tahoe,1.5,75940,Manual,Electric,Second,24025.27
2022,Chevrolet,Tahoe,2.5,25129,Manual,Diesel,First,22706.73
2017,Chevrolet,Tahoe,5.3,61172,Manual,Diesel,Second,15795.66
2023,Chevrolet,Tahoe,3.6,37608,Manual,Petrol,Second,21554.58
2017,Chevrolet,Tahoe,1.5,119659,Manual,Hybrid,Third,8747.91
2016,Chevrolet,Tahoe,2.5,35693,Manual,Hybrid,First,14159.15
2024,Chevrolet,Tahoe,5.3,75778,Manual,Hybrid,Second,25184.31
2024,Chevrolet,Tahoe,3.6,61147,Manual,Electric,Third,21490.57
2023,Chevrolet,Tahoe,5.3,38930,Automatic,Electric,Second,29590.07
2022,Chevrolet,Tahoe,3.6,74484,Manual,Hybrid,Second,19759.04
2016,Chevrolet,Tahoe,3.6,100407,Manual,Diesel,Second,11259.1
2017,Chevrolet,Tahoe,1.5,85368,Manual,Diesel,Third,8488.22
2023,Chevrolet,Tahoe,2.5,32545,Automatic,Hybrid,Third,18278.83
2017,Chevrolet,Tahoe,5.3,15202,Automatic,Electric,Third,19693.14
2017,Chevrolet,Tahoe,5.3,91121,Automatic,Petrol,Second,15215.73
2023,Chevrolet,Tahoe,1.5,76830,Manual,Hybrid,Second,19330.94
2019,Chevrolet,Tahoe,1.5,18475,Manual,Electric,Third,17389.41
2017,Chevrolet,Tahoe,2.5,99047,Manual,Diesel,Third,9771.33
2013,Chevrolet,Tahoe,3.6,99682,Manual,Hybrid,Third,5794.12
2023,Chevrolet,Tahoe,1.5,53641,Manual,Electric,First,24873.83
2018,Chevrolet,Tahoe,3.6,64776,Automatic,Diesel,Third,13661.42
2016,Chevrolet,Tahoe,5.3,5962,Manual,Petrol,First,18084.64
2014,Chevrolet,Tahoe,1.5,114789,Manual,Diesel,Third,3501.22
2023,Chevrolet,Tahoe,5.3,110940,Automatic,Hybrid,First,26754.33
2020,Chevrolet,Tahoe,3.6,46114,Automatic,Diesel,First,22232.0
2018,Chevrolet,Tahoe,1.5,38271,Automatic,Petrol,Third,12210.59
2015,Chevrolet,Tahoe,2.5,50369,Automatic,Petrol,Third,7608.88
2014,Chevrolet,Tahoe,5.3,87258,Automatic,Hybrid,Third,10124.62
2017,Chevrolet,Tahoe,5.3,3125,Automatic,Diesel,Third,14773.76
2024,Chevrolet,Tahoe,3.6,18058,Manual,Diesel,First,27721.63
2018,Chevrolet,Tahoe,2.5,109522,Automatic,Hybrid,First,16253.45
2021,Chevrolet,Tahoe,2.5,100484,Automatic,Petrol,Second,16801.43
2022,Chevrolet,Tahoe,2.5,120199,Automatic,Hybrid,First,20927.6
2024,Chevrolet,Tahoe,2.5,19587,Automatic,Hybrid,Second,24635.51
2013,Chevrolet,Tahoe,2.5,9971,Manual,Hybrid,Second,9366.76
2017,Chevrolet,Tahoe,2.5,72711,Automatic,Hybrid,Third,12977.59
2013,Chevrolet,Tahoe,2.5,20751,Manual,Electric,Third,9527.23
2017,Chevrolet,Tahoe,1.5,30100,Automatic,Petrol,First,16090.5
2020,Chevrolet,Tahoe,3.6,50709,Automatic,Hybrid,Second,19565.9
2021,Chevrolet,Tahoe,1.5,76622,Automatic,Petrol,Third,14873.04
2021,Chevrolet,Tahoe,5.3,14774,Automatic,Petrol,Third,21016.11
2021,Chevrolet,Tahoe,5.3,87560,Manual,Hybrid,Second,21365.38
2015,Chevrolet,Tahoe,5.3,100956,Manual,Electric,Third,12945.57
2020,Chevrolet,Tahoe,2.5,51100,Automatic,Petrol,First,18509.08
2014,Chevrolet,Tahoe,3.6,104051,Automatic,Hybrid,Second,10080.31
2020,Chevrolet,Tahoe,5.3,3544,Automatic,Electric,Third,21275.08
2019,Chevrolet,Tahoe,3.6,116117,Manual,Electric,First,20029.61
2023,Chevrolet,Tahoe,3.6,24530,Automatic,Petrol,Third,19082.92
2013,Chevrolet,Tahoe,3.6,68210,Manual,Petrol,First,6808.04
2013,Chevrolet,Tahoe,3.6,96601,Automatic,Electric,First,14877.94
2018,Chevrolet,Tahoe,5.3,6894,Automatic,Hybrid,Second,21154.2
2013,Chevrolet,Tahoe,3.6,36336,Automatic,Diesel,Second,9465.55
2023,Chevrolet,Tahoe,5.3,72764,Manual,Diesel,Second,23121.67
2016,Chevrolet,Tahoe,3.6,83774,Automatic,Diesel,Third,10214.77
2013,Chevrolet,Tahoe,1.5,8433,Automatic,Electric,First,13249.23
2020,Chevrolet,Tahoe,1.5,7424,Manual,Hybrid,Second,17230.13
2019,Chevrolet,Tahoe,1.5,92446,Manual,Petrol,First,13989.34
2013,Chevrolet,Tahoe,2.5,54998,Automatic,Petrol,Second,8960.67
2019,Chevrolet,Tahoe,1.5,76230,Manual,Diesel,Third,10248.78
2013,Chevrolet,Tahoe,2.5,7987,Automatic,Diesel,First,10192.34
2024,Chevrolet,Tahoe,1.5,65237,Automatic,Electric,Second,24931.88
2014,Chevrolet,Tahoe,5.3,99123,Automatic,Petrol,First,13259.72
2024,Chevrolet,Tahoe,1.5,94373,Automatic,Electric,Third,18510.24
2015,Chevrolet,Tahoe,3.6,16319,Manual,Diesel,Second,13112.23
2021,Chevrolet,Tahoe,1.5,9900,Automatic,Petrol,Second,17414.92
2019,Chevrolet,Tahoe,2.5,88187,Manual,Petrol,Second,12382.37
2021,Chevrolet,Traverse,2.5,3372,Manual,Diesel,First,23035.35
2021,Chevrolet,Traverse,5.3,108094,Manual,Hybrid,First,23873.13
2024,Chevrolet,Traverse,2.5,60886,Manual,Electric,First,26933.9
2019,Chevrolet,Traverse,1.5,63345,Manual,Petrol,First,12403.56
2016,Chevrolet,Traverse,1.5,78824,Automatic,Diesel,Third,7621.8
2022,Chevrolet,Traverse,2.5,40589,Manual,Hybrid,First,23202.18
2023,Chevrolet,Traverse,2.5,19972,Automatic,Petrol,Second,24712.07
2015,Chevrolet,Traverse,1.5,123763,Automatic,Hybrid,Second,7486.53
2022,Chevrolet,Traverse,3.6,7840,Automatic,Diesel,Third,20687.42
2020,Chevrolet,Traverse,1.5,29508,Automatic,Electric,Third,15618.68
2023,Chevrolet,Traverse,5.3,129473,Automatic,Electric,First,29771.68
2021,Chevrolet,Traverse,5.3,16269,Manual,Hybrid,Second,24650.89
2016,Chevrolet,Traverse,5.3,98406,Automatic,Hybrid,Third,12424.81
2021,Chevrolet,Traverse,2.5,127534,Manual,Petrol,Third,10652.5
2022,Chevrolet,Traverse,1.5,61238,Manual,Electric,First,23823.37
2020,Chevrolet,Traverse,2.5,66705,Automatic,Electric,Third,16663.05
2016,Chevrolet,Traverse,2.5,106800,Automatic,Petrol,First,8923.92
2021,Chevrolet,Traverse,1.5,49678,Automatic,Diesel,Third,12739.85
2023,Chevrolet,Traverse,5.3,21787,Automatic,Petrol,First,28622.29
2015,Chevrolet,Traverse,1.5,15657,Manual,Hybrid,Third,10140.4
2014,Chevrolet,Traverse,1.5,66475,Automatic,Petrol,Third,5210.18
2022,Chevrolet,Traverse,5.3,13112,Manual,Hybrid,First,30825.08
2014,Chevrolet,Traverse,5.3,104476,Manual,Electric,Second,13451.25
2019,Chevrolet,Traverse,5.3,37826,Manual,Electric,Second,20692.74
2024,Chevrolet,Traverse,3.6,104925,Manual,Hybrid,First,23825.37
2019,Chevrolet,Traverse,2.5,14112,Manual,Hybrid,Second,16964.35
2013,Chevrolet,Traverse,5.3,44949,Automatic,Diesel,Third,8552.5
2016,Chevrolet,Traverse,1.5,110385,Automatic,Petrol,Second,8146.72
2016,Chevrolet,Traverse,3.6,62051,Automatic,Petrol,First,15862.67
2017,Chevrolet,Traverse,5.3,23762,Automatic,Hybrid,Second,19435.57
2014,Chevrolet,Traverse,1.5,52214,Manual,Hybrid,Third,6750.14
2022,Chevrolet,Traverse,5.3,63811,Manual,Diesel,Third,16930.87
2015,Chevrolet,Traverse,3.6,81730,Manual,Diesel,First,10841.94
2023,Chevrolet,Traverse,2.5,126266,Manual,Electric,First,22525.5
2016,Chevrolet,Traverse,1.5,88991,Manual,Diesel,First,11508.72
2015,Chevrolet,Traverse,3.6,115355,Automatic,Diesel,Third,7433.75
2013,Chevrolet,Traverse,2.5,33246,Manual,Hybrid,First,8600.44
2016,Chevrolet,Traverse,2.5,123218,Automatic,Diesel,Second,9189.08
2020,Chevrolet,Traverse,1.5,83196,Manual,Petrol,First,15863.25
2016,Chevrolet,Traverse,2.5,3794,Manual,Hybrid,Second,12570.82
2014,Chevrolet,Traverse,5.3,13856,Manual,Diesel,First,14805.6
2020,Chevrolet,Traverse,3.6,106501,Automatic,Electric,Second,19658.5
2017,Chevrolet,Traverse,5.3,23897,Manual,Electric,Second,21337.36
2021,Chevrolet,Traverse,1.5,51671,Automatic,Petrol,Second,18810.06
2017,Chevrolet,Traverse,2.5,33639,Automatic,Electric,Third,14568.27
2020,Chevrolet,Traverse,5.3,96679,Automatic,Electric,First,25667.86
2023,Chevrolet,Traverse,1.5,115451,Manual,Electric,Third,16302.19
2017,Chevrolet,Traverse,2.5,123069,Automatic,Diesel,First,11990.23
2017,Chevrolet,Traverse,2.5,107249,Manual,Petrol,Second,8448.86
2013,Chevrolet,Traverse,5.3,81405,Manual,Diesel,Third,7225.8
2015,Chevrolet,Traverse,3.6,52179,Automatic,Electric,First,19271.15
2024,Chevrolet,Traverse,3.6,115357,Automatic,Electric,Third,22318.9
2023,Chevrolet,Traverse,3.6,67843,Automatic,Petrol,Third,16246.84
2014,Chevrolet,Traverse,1.5,106002,Manual,Hybrid,Second,5543.73
2020,Chevrolet,Traverse,1.5,74713,Automatic,Electric,Third,16535.6
2016,Chevrolet,Traverse,2.5,62251,Manual,Diesel,First,12118.16
2023,Chevrolet,Traverse,2.5,9639,Automatic,Electric,Third,20346.62
2015,Chevrolet,Traverse,3.6,103361,Automatic,Hybrid,First,13091.35
2019,Chevrolet,Traverse,2.5,99676,Manual,Hybrid,Second,14047.29
2024,Chevrolet,Traverse,2.5,116109,Manual,Diesel,Second,21292.28
2015,Chevrolet,Traverse,2.5,43273,Manual,Diesel,First,9727.38
2021,Chevrolet,Traverse,1.5,12973,Manual,Diesel,Second,17565.18
2016,Chevrolet,Traverse,1.5,107861,Manual,Hybrid,First,11161.9
2018,Chevrolet,Traverse,2.5,53581,Manual,Hybrid,Third,13504.05
2015,Chevrolet,Traverse,3.6,104415,Automatic,Hybrid,First,13951.35
2023,Chevrolet,Traverse,1.5,65167,Automatic,Electric,Second,22589.8
2014,Chevrolet,Traverse,2.5,90095,Automatic,Diesel,Second,8389.58
2016,Chevrolet,Traverse,2.5,127344,Manual,Hybrid,Third,10374.85
2019,Chevrolet,Traverse,5.3,127045,Manual,Petrol,Second,11920.07
2016,Chevrolet,Traverse,3.6,42884,Manual,Hybrid,First,16647.75
2016,Chevrolet,Traverse,3.6,93236,Automatic,Electric,Third,12365.58
2017,Chevrolet,Traverse,5.3,74493,Manual,Electric,Second,20290.03
2017,Chevrolet,Traverse,5.3,89889,Automatic,Electric,Second,20326.01
2013,Chevrolet,Traverse,1.5,26103,Automatic,Diesel,Third,6120.59
2015,Chevrolet,Traverse,1.5,53486,Automatic,Hybrid,First,11816.63
2024,Chevrolet,Traverse,1.5,26838,Manual,Hybrid,Second,23861.93
2019,Chevrolet,Traverse,2.5,3100,Manual,Petrol,Third,13299.23
2013,Chevrolet,Traverse,2.5,80167,Manual,Hybrid,First,8718.26
2021,Chevrolet,Traverse,2.5,6856,Manual,Hybrid,Second,18797.91
2022,Chevrolet,Traverse,2.5,75372,Automatic,Petrol,Third,16422.81
2023,Chevrolet,Blazer,2.5,13705,Automatic,Hybrid,Third,19348.54
2017,Chevrolet,Blazer,2.5,60254,Automatic,Hybrid,Third,12038.26
2022,Chevrolet,Blazer,3.6,52869,Automatic,Petrol,Third,14424.21
2023,Chevrolet,Blazer,1.5,68150,Manual,Electric,First,25471.98
2021,Chevrolet,Blazer,5.3,19029,Automatic,Diesel,Second,21955.58
2013,Chevrolet,Blazer,5.3,91499,Manual,Hybrid,Third,9527.83
2019,Chevrolet,Blazer,3.6,93891,Automatic,Diesel,First,21151.62
2019,Chevrolet,Blazer,3.6,35380,Automatic,Petrol,Third,14941.9
2015,Chevrolet,Blazer,3.6,126556,Manual,Petrol,First,8530.03
2021,Chevrolet,Blazer,1.5,79803,Manual,Hybrid,First,21284.11
2018,Chevrolet,Blazer,3.6,5904,Automatic,Hybrid,Third,15807.91
2022,Chevrolet,Blazer,5.3,21642,Automatic,Electric,Third,24048.65
2018,Chevrolet,Blazer,2.5,15549,Manual,Hybrid,First,16126.8
2024,Chevrolet,Blazer,1.5,126296,Automatic,Hybrid,Second,20100.92
2016,Chevrolet,Blazer,2.5,19010,Manual,Petrol,Second,10987.05
2018,Chevrolet,Blazer,3.6,106560,Manual,Hybrid,Third,12693.56
2023,Chevrolet,Blazer,1.5,41541,Automatic,Hybrid,Third,17557.61
2019,Chevrolet,Blazer,5.3,26990,Automatic,Electric,Second,21784.21
2013,Chevrolet,Blazer,1.5,77915,Manual,Electric,First,7615.53
2015,Chevrolet,Blazer,1.5,119677,Automatic,Diesel,Second,9089.41
2019,Chevrolet,Blazer,3.6,75582,Automatic,Electric,Second,20785.57
2022,Chevrolet,Blazer,5.3,114110,Manual,Petrol,First,23309.62
2015,Chevrolet,Blazer,2.5,57407,Manual,Petrol,First,7984.12
2021,Chevrolet,Blazer,5.3,43965,Automatic,Petrol,Third,15636.09
2020,Chevrolet,Blazer,2.5,34139,Automatic,Diesel,Second,17671.47
2015,Chevrolet,Blazer,2.5,75209,Automatic,Petrol,Second,8941.49
2014,Chevrolet,Blazer,3.6,6534,Manual,Petrol,Second,10499.77
2019,Chevrolet,Blazer,3.6,19908,Automatic,Diesel,Third,17116.88
2016,Chevrolet,Blazer,2.5,64572,Manual,Petrol,First,10600.39
2017,Chevrolet,Blazer,1.5,34131,Automatic,Diesel,First,14398.5
2015,Chevrolet,Blazer,3.6,57470,Automatic,Hybrid,Third,11223.3
2024,Chevrolet,Blazer,3.6,79831,Manual,Diesel,Third,18638.09
2020,Chevrolet,Blazer,3.6,20340,Automatic,Petrol,Third,15533.02
2014,Chevrolet,Blazer,5.3,78740,Manual,Electric,Second,13475.8
2016,Chevrolet,Blazer,5.3,54955,Manual,Petrol,First,17182.14
2015,Chevrolet,Blazer,1.5,92767,Automatic,Hybrid,First,11776.37
2017,Chevrolet,Blazer,2.5,81780,Automatic,Petrol,Third,10427.35
2024,Chevrolet,Blazer,2.5,115697,Automatic,Diesel,Second,19404.49
2018,Chevrolet,Blazer,2.5,12775,Manual,Electric,Second,19357.21
2016,Chevrolet,Blazer,1.5,47867,Manual,Electric,First,12373.18
2024,Chevrolet,Blazer,2.5,81735,Automatic,Electric,Third,22596.48
2013,Chevrolet,Blazer,3.6,127128,Automatic,Hybrid,First,11574.63
2020,Chevrolet,Blazer,3.6,99140,Automatic,Petrol,Second,16622.69
2018,Chevrolet,Blazer,5.3,43916,Manual,Electric,Third,16173.75
2022,Chevrolet,Blazer,3.6,39388,Manual,Petrol,Second,20421.37
2019,Chevrolet,Blazer,5.3,51846,Automatic,Electric,First,26061.01
2015,Chevrolet,Blazer,5.3,87943,Manual,Petrol,First,12438.64
2022,Chevrolet,Blazer,1.5,50083,Manual,Electric,Third,16454.01
2016,Chevrolet,Blazer,2.5,7223,Automatic,Petrol,Second,13972.6
2020,Chevrolet,Blazer,1.5,43059,Manual,Petrol,First,15976.54
2016,Chevrolet,Blazer,1.5,35818,Automatic,Electric,First,16900.19
2024,Chevrolet,Blazer,3.6,104349,Manual,Diesel,Second,20368.0
2016,Chevrolet,Blazer,1.5,93380,Automatic,Hybrid,Third,11023.79
2013,Chevrolet,Blazer,2.5,3234,Automatic,Hybrid,First,13039.23
2013,Chevrolet,Blazer,2.5,90009,Automatic,Hybrid,Second,8460.61
2023,Chevrolet,Blazer,3.6,100925,Manual,Petrol,Third,15866.58
2021,Chevrolet,Blazer,5.3,76180,Automatic,Diesel,Second,20641.75
2018,Chevrolet,Blazer,5.3,86176,Manual,Diesel,First,19229.13
2023,Chevrolet,Blazer,3.6,121951,Automatic,Diesel,Second,19131.67
2015,Chevrolet,Blazer,1.5,73529,Manual,Hybrid,Second,10505.24
2015,Chevrolet,Blazer,5.3,122645,Manual,Diesel,First,13098.07
2013,Chevrolet,Blazer,3.6,68841,Automatic,Diesel,Third,8448.69
2021,Chevrolet,Blazer,1.5,90498,Manual,Electric,First,21914.5
2023,Chevrolet,Blazer,3.6,6667,Automatic,Petrol,Second,23782.38
2015,Chevrolet,Blazer,1.5,97148,Manual,Hybrid,Third,9000.15
2014,Chevrolet,Blazer,3.6,95983,Manual,Diesel,Second,5960.5
2020,Chevrolet,Blazer,5.3,67036,Manual,Hybrid,First,26033.3
2023,Chevrolet,Blazer,2.5,76085,Manual,Diesel,Third,14245.31
2020,Chevrolet,Blazer,1.5,85306,Manual,Diesel,Third,10607.93
2023,Chevrolet,Blazer,1.5,123725,Manual,Petrol,First,17044.4
2017,Chevrolet,Blazer,3.6,37070,Manual,Electric,Third,12892.08
2019,Chevrolet,Blazer,2.5,88550,Automatic,Hybrid,Second,16294.18
2014,Chevrolet,Blazer,5.3,58131,Manual,Diesel,Second,9307.83
2013,Chevrolet,Blazer,3.6,57840,Automatic,Petrol,Second,10095.86
2018,Chevrolet,Blazer,3.6,13070,Manual,Hybrid,Second,19338.49
2022,Chevrolet,Blazer,2.5,104688,Automatic,Hybrid,First,24017.1
2014,Chevrolet,Blazer,3.6,16594,Automatic,Petrol,Third,9049.07
2020,Chevrolet,Blazer,3.6,55262,Manual,Hybrid,Third,14777.92
2022,Chevrolet,Blazer,5.3,27744,Automatic,Diesel,Second,23754.83
2023,Chevrolet,Blazer,1.5,79086,Manual,Hybrid,First,23513.49
2015,Chevrolet,Silverado,3.6,70656,Manual,Petrol,Second,10112.33
2018,Chevrolet,Silverado,5.3,83195,Automatic,Petrol,Third,13564.99
2019,Chevrolet,Silverado,3.6,103548,Manual,Hybrid,First,19022.37
2015,Chevrolet,Silverado,5.3,60805,Manual,Diesel,Second,13493.92
2019,Chevrolet,Silverado,3.6,25761,Automatic,Electric,Second,19977.17
2015,Chevrolet,Silverado,1.5,45706,Manual,Electric,First,14333.32
2024,Chevrolet,Silverado,3.6,18611,Automatic,Diesel,First,30355.64
2020,Chevrolet,Silverado,2.5,128405,Automatic,Electric,First,22056.5
2013,Chevrolet,Silverado,1.5,33267,Automatic,Diesel,First,8265.21
2022,Chevrolet,Silverado,3.6,81037,Automatic,Petrol,First,24083.29
2022,Chevrolet,Silverado,2.5,83906,Automatic,Electric,Third,18694.16
2018,Chevrolet,Silverado,5.3,56382,Manual,Hybrid,First,22440.98
2014,Chevrolet,Silverado,5.3,25105,Automatic,Petrol,Second,13589.2
2017,Chevrolet,Silverado,3.6,14718,Automatic,Hybrid,Third,13719.49
2017,Chevrolet,Silverado,5.3,61822,Automatic,Diesel,Second,15494.83
2023,Chevrolet,Silverado,3.6,55685,Automatic,Electric,Third,22555.04
2018,Chevrolet,Silverado,5.3,75578,Automatic,Hybrid,Third,15070.29
2024,Chevrolet,Silverado,5.3,57354,Automatic,Electric,Third,25442.69
2017,Chevrolet,Silverado,5.3,90142,Automatic,Electric,Second,18283.21
2014,Chevrolet,Silverado,3.6,29469,Manual,Hybrid,Third,11126.87
2017,Chevrolet,Silverado,5.3,119359,Automatic,Electric,Second,19602.12
2013,Chevrolet,Silverado,2.5,17837,Automatic,Petrol,First,8384.36
2013,Chevrolet,Silverado,3.6,127233,Automatic,Diesel,Third,6807.04
2016,Chevrolet,Silverado,2.5,119279,Automatic,Hybrid,Third,8671.56
2024,Chevrolet,Silverado,1.5,4783,Manual,Diesel,Second,20274.48
2017,Chevrolet,Silverado,1.5,93374,Manual,Petrol,Third,8892.42
2018,Chevrolet,Silverado,1.5,126271,Automatic,Petrol,Second,9174.66
2016,Chevrolet,Silverado,5.3,45536,Automatic,Petrol,Second,15812.27
2015,Chevrolet,Silverado,5.3,122844,Automatic,Electric,Second,15098.05
2021,Chevrolet,Silverado,3.6,72726,Automatic,Diesel,Second,19083.28
2023,Chevrolet,Silverado,1.5,126245,Automatic,Electric,Second,20402.85
2019,Chevrolet,Silverado,5.3,33519,Automatic,Petrol,Second,18843.46
2022,Chevrolet,Silverado,5.3,67975,Automatic,Petrol,Third,19506.18
2017,Chevrolet,Silverado,2.5,19560,Manual,Electric,First,18691.62
2023,Chevrolet,Silverado,5.3,31731,Automatic,Petrol,First,29179.17
2023,Chevrolet,Silverado,5.3,88441,Manual,Hybrid,Third,21069.3
2021,Chevrolet,Silverado,1.5,44813,Automatic,Electric,Third,16990.56
2021,Chevrolet,Silverado,5.3,126207,Manual,Diesel,Third,16208.1
2017,Chevrolet,Silverado,3.6,30111,Automatic,Diesel,Third,13045.46
2014,Chevrolet,Silverado,1.5,47782,Automatic,Hybrid,Third,8468.71
2015,Chevrolet,Silverado,3.6,16583,Manual,Diesel,First,13075.58
2023,Chevrolet,Silverado,2.5,12096,Manual,Hybrid,Second,23147.03
2022,Chevrolet,Silverado,2.5,117795,Automatic,Petrol,First,17037.46
2013,Chevrolet,Silverado,1.5,32470,Automatic,Electric,Third,9354.21
2015,Chevrolet,Silverado,3.6,23353,Automatic,Hybrid,Third,11843.81
2013,Chevrolet,Silverado,1.5,122837,Manual,Hybrid,Second,5910.12
2016,Chevrolet,Silverado,2.5,59936,Automatic,Electric,Third,10454.45
2013,Chevrolet,Silverado,2.5,90889,Automatic,Electric,Second,11217.74
2022,Chevrolet,Silverado,5.3,114347,Automatic,Diesel,First,25548.85
2022,Chevrolet,Silverado,1.5,102684,Automatic,Electric,Second,20206.48
2018,Chevrolet,Silverado,1.5,23163,Manual,Hybrid,Third,12165.56
2016,Chevrolet,Silverado,2.5,125082,Automatic,Diesel,Third,8131.11
2013,Chevrolet,Silverado,5.3,81271,Manual,Petrol,Second,10148.86
2019,Chevrolet,Silverado,5.3,18395,Manual,Petrol,Second,16065.15
2018,Chevrolet,Silverado,2.5,11747,Manual,Electric,Second,16433.86
2019,Chevrolet,Silverado,5.3,55362,Automatic,Electric,First,27196.53
2015,Chevrolet,Silverado,5.3,87338,Manual,Hybrid,Second,12162.72
2024,Chevrolet,Silverado,5.3,67051,Automatic,Petrol,First,28585.25
2017,Chevrolet,Silverado,2.5,13233,Automatic,Electric,Second,18672.52
2021,Chevrolet,Silverado,5.3,64993,Automatic,Electric,Second,24692.42
2021,Chevrolet,Silverado,5.3,125349,Automatic,Hybrid,Second,19726.81
2020,Chevrolet,Silverado,2.5,21157,Automatic,Electric,First,25824.82
2014,Chevrolet,Silverado,5.3,44357,Automatic,Diesel,First,15929.87
2023,Chevrolet,Silverado,2.5,104719,Automatic,Petrol,First,20774.13
2018,Chevrolet,Silverado,5.3,108649,Manual,Electric,First,21655.73
2020,Chevrolet,Silverado,2.5,119354,Automatic,Hybrid,Second,15644.47
2016,Chevrolet,Silverado,2.5,22459,Manual,Petrol,Second,10776.26
2015,Chevrolet,Silverado,5.3,24319,Manual,Diesel,Third,14241.61
2014,Chevrolet,Silverado,5.3,56655,Automatic,Petrol,Second,11748.69
2013,Chevrolet,Silverado,5.3,107545,Manual,Electric,Third,8571.75
2014,Chevrolet,Silverado,5.3,69802,Automatic,Petrol,Second,11022.91
2017,Chevrolet,Silverado,2.5,67745,Manual,Diesel,First,14893.13
2020,Chevrolet,Silverado,2.5,3337,Automatic,Petrol,First,21261.09
2023,Chevrolet,Silverado,1.5,96232,Manual,Diesel,Second,17652.98
2017,Chevrolet,Silverado,1.5,97147,Automatic,Diesel,Second,10761.02
2013,Chevrolet,Silverado,5.3,75330,Automatic,Electric,Second,15045.0
2023,Chevrolet,Silverado,2.5,31359,Automatic,Electric,Second,23928.13
2016,Chevrolet,Silverado,2.5,59955,Manual,Hybrid,Second,11785.3
2024,Chevrolet,Silverado,5.3,24871,Manual,Diesel,Second,25628.92
2023,Chevrolet,Silverado,1.5,44525,Automatic,Petrol,First,21674.33
2013,Hyundai,Elantra,2.0,87293,Manual,Hybrid,Second,5289.5
2019,Hyundai,Elantra,2.4,94372,Manual,Hybrid,First,13262.61
2017,Hyundai,Elantra,2.0,76693,Automatic,Hybrid,Second,11445.0
2021,Hyundai,Elantra,2.4,23446,Manual,Hybrid,First,19554.15
2015,Hyundai,Elantra,3.8,28490,Manual,Hybrid,Third,9980.31
2019,Hyundai,Elantra,3.8,39189,Automatic,Electric,Third,15751.78
2021,Hyundai,Elantra,2.4,109531,Manual,Diesel,First,12829.43
2016,Hyundai,Elantra,2.4,11699,Manual,Petrol,Second,7868.13
2023,Hyundai,Elantra,2.0,24198,Manual,Hybrid,Second,18246.66
2020,Hyundai,Elantra,2.0,58186,Manual,Petrol,First,13195.59
2020,Hyundai,Elantra,3.8,110727,Manual,Diesel,Third,11228.98
2013,Hyundai,Elantra,2.4,64446,Manual,Hybrid,Second,7710.21
2014,Hyundai,Elantra,2.0,71500,Automatic,Hybrid,Third,6276.46
2022,Hyundai,Elantra,2.0,83662,Manual,Electric,Second,17505.92
2016,Hyundai,Elantra,2.4,54090,Automatic,Hybrid,Third,8158.86
2023,Hyundai,Elantra,2.0,89639,Automatic,Petrol,Second,13791.62
2015,Hyundai,Elantra,2.0,127854,Automatic,Electric,First,11243.85
2021,Hyundai,Elantra,3.8,39979,Manual,Petrol,Second,15831.26
2015,Hyundai,Elantra,2.4,82880,Automatic,Diesel,Third,6260.18
2013,Hyundai,Elantra,2.0,70296,Automatic,Petrol,First,6278.97
2019,Hyundai,Elantra,3.8,99161,Automatic,Hybrid,Second,14198.46
2019,Hyundai,Elantra,3.8,78352,Automatic,Electric,Second,17314.36
2016,Hyundai,Elantra,2.4,6447,Automatic,Petrol,First,13651.49
2017,Hyundai,Elantra,3.8,84141,Manual,Diesel,Second,9498.01
2017,Hyundai,Elantra,2.0,46781,Manual,Diesel,Second,9701.52
2016,Hyundai,Elantra,2.0,93297,Manual,Electric,Third,7002.1
2014,Hyundai,Elantra,3.8,54209,Automatic,Hybrid,Second,10860.82
2020,Hyundai,Elantra,3.8,85850,Automatic,Hybrid,First,18935.3
2017,Hyundai,Elantra,2.0,93514,Automatic,Petrol,Third,6102.54
2024,Hyundai,Elantra,2.0,13985,Manual,Petrol,First,20278.41
2023,Hyundai,Elantra,2.4,8054,Automatic,Petrol,Second,17341.47
2018,Hyundai,Elantra,3.8,75956,Automatic,Electric,Third,13499.29
2018,Hyundai,Elantra,3.8,122917,Manual,Hybrid,Second,12084.07
2014,Hyundai,Elantra,2.0,46042,Manual,Petrol,Second,5891.52
2014,Hyundai,Elantra,2.0,71882,Automatic,Petrol,First,5466.84
2020,Hyundai,Elantra,2.0,43290,Manual,Petrol,Third,9894.9
2019,Hyundai,Elantra,2.0,91640,Manual,Hybrid,First,12800.41
2023,Hyundai,Elantra,2.4,76568,Manual,Diesel,Third,12319.62
2019,Hyundai,Elantra,2.0,14289,Automatic,Petrol,Third,10370.88
2021,Hyundai,Elantra,2.4,17184,Manual,Hybrid,Second,16355.74
2023,Hyundai,Elantra,2.0,5411,Automatic,Petrol,First,19185.67
2016,Hyundai,Elantra,2.0,53907,Manual,Diesel,Third,7071.61
2024,Hyundai,Elantra,2.0,66917,Manual,Petrol,Second,14535.91
2019,Hyundai,Elantra,3.8,11000,Automatic,Diesel,First,19182.79
2020,Hyundai,Elantra,2.4,4085,Manual,Petrol,First,15437.86
2015,Hyundai,Elantra,2.4,15008,Automatic,Diesel,First,13063.79
2018,Hyundai,Elantra,3.8,87164,Manual,Petrol,Second,10074.7
2019,Hyundai,Elantra,2.4,24565,Automatic,Hybrid,Second,14671.02
2015,Hyundai,Elantra,2.4,115934,Automatic,Electric,Second,10299.85
2014,Hyundai,Elantra,2.0,4706,Manual,Hybrid,Third,8314.4
2019,Hyundai,Elantra,2.4,98963,Manual,Electric,Second,13692.28
2021,Hyundai,Elantra,2.0,28118,Automatic,Diesel,Second,13397.48
2018,Hyundai,Elantra,2.4,76892,Manual,Petrol,Third,9061.93
2019,Hyundai,Elantra,2.4,23336,Automatic,Hybrid,First,18700.68
2015,Hyundai,Elantra,2.0,27488,Automatic,Petrol,First,8626.54
2018,Hyundai,Elantra,3.8,78520,Automatic,Hybrid,First,16937.56
2021,Hyundai,Elantra,2.4,120367,Manual,Diesel,Second,10621.31
2018,Hyundai,Elantra,2.0,62063,Automatic,Petrol,Third,9655.38
2024,Hyundai,Elantra,2.4,105082,Automatic,Petrol,Second,14450.66
2017,Hyundai,Elantra,2.0,68200,Manual,Electric,Third,10268.62
2024,Hyundai,Elantra,2.0,89435,Manual,Diesel,Third,11412.7
2017,Hyundai,Elantra,2.0,94244,Automatic,Petrol,Third,6404.52
2023,Hyundai,Elantra,3.8,3705,Automatic,Diesel,Third,15868.41
2021,Hyundai,Elantra,2.4,3209,Automatic,Petrol,Second,16463.71
2020,Hyundai,Elantra,3.8,72498,Automatic,Diesel,Third,12894.47
2013,Hyundai,Elantra,2.0,121865,Manual,Petrol,Second,2000.0
2023,Hyundai,Elantra,2.4,12168,Manual,Diesel,Second,15706.02
2014,Hyundai,Elantra,2.0,96059,Manual,Hybrid,First,6510.25
2015,Hyundai,Elantra,2.4,84115,Automatic,Hybrid,First,11643.33
2022,Hyundai,Elantra,2.4,100969,Manual,Petrol,Third,9722.47
2021,Hyundai,Elantra,3.8,113047,Automatic,Diesel,Third,10945.91
2014,Hyundai,Elantra,3.8,60392,Automatic,Diesel,Third,8777.63
2017,Hyundai,Elantra,2.0,86445,Manual,Petrol,Second,6500.16
2013,Hyundai,Elantra,3.8,44971,Automatic,Hybrid,Third,9398.8
2015,Hyundai,Elantra,2.0,94441,Automatic,Diesel,Third,6384.17
2020,Hyundai,Elantra,2.0,40275,Manual,Hybrid,Second,14036.43
2024,Hyundai,Elantra,2.0,62937,Manual,Hybrid,First,21338.4
2015,Hyundai,Elantra,2.4,13376,Automatic,Petrol,Third,7758.52
2017,Hyundai,Elantra,2.4,90350,Manual,Petrol,Second,7539.69
2016,Hyundai,Elantra,2.0,60522,Manual,Petrol,First,8373.58
2020,Hyundai,Sonata,2.4,89462,Manual,Petrol,Third,9020.11
2018,Hyundai,Sonata,2.4,119829,Manual,Hybrid,Third,8248.52
2013,Hyundai,Sonata,2.0,10534,Manual,Hybrid,Second,8618.43
2021,Hyundai,Sonata,3.8,125127,Automatic,Hybrid,First,18685.77
2022,Hyundai,Sonata,2.4,13584,Manual,Diesel,Third,12581.25
2015,Hyundai,Sonata,3.8,29852,Automatic,Petrol,Second,10901.58
2019,Hyundai,Sonata,2.0,100103,Manual,Hybrid,First,13431.81
2014,Hyundai,Sonata,2.0,7101,Manual,Hybrid,Second,10652.89
2024,Hyundai,Sonata,2.0,113339,Automatic,Electric,Second,18001.79
2016,Hyundai,Sonata,2.4,59951,Manual,Petrol,First,6716.65
2017,Hyundai,Sonata,2.4,38249,Automatic,Diesel,First,12386.35
2019,Hyundai,Sonata,3.8,18876,Manual,Electric,First,20647.4
2019,Hyundai,Sonata,2.0,40429,Automatic,Diesel,Third,11969.23
2018,Hyundai,Sonata,2.0,55909,Automatic,Electric,First,15672.59
2022,Hyundai,Sonata,2.0,113195,Manual,Diesel,First,13043.62
2014,Hyundai,Sonata,2.0,16248,Automatic,Petrol,First,9645.72
2018,Hyundai,Sonata,3.8,83675,Automatic,Hybrid,Second,14917.42
2022,Hyundai,Sonata,2.4,73953,Automatic,Electric,Third,15482.48
2018,Hyundai,Sonata,3.8,61263,Automatic,Petrol,Third,10818.04
2018,Hyundai,Sonata,2.4,54035,Manual,Electric,First,16116.97
2022,Hyundai,Sonata,2.4,30844,Automatic,Petrol,First,18171.79
2021,Hyundai,Sonata,2.0,127621,Manual,Diesel,Second,10744.06
2016,Hyundai,Sonata,2.4,37337,Automatic,Petrol,Second,8424.1
2013,Hyundai,Sonata,3.8,102359,Automatic,Electric,Third,8523.26
2022,Hyundai,Sonata,3.8,10575,Manual,Hybrid,Second,20360.6
2024,Hyundai,Sonata,3.8,111113,Manual,Petrol,Second,14127.45
2013,Hyundai,Sonata,2.4,128666,Automatic,Petrol,Second,3038.35
2019,Hyundai,Sonata,3.8,5728,Manual,Petrol,Third,11218.42
2017,Hyundai,Sonata,2.4,116795,Automatic,Electric,Third,9588.01
2014,Hyundai,Sonata,2.0,127420,Automatic,Diesel,First,6494.98
2020,Hyundai,Sonata,2.0,46945,Automatic,Petrol,Third,10188.59
2019,Hyundai,Sonata,3.8,48110,Automatic,Diesel,Second,15899.55
2023,Hyundai,Sonata,2.0,51302,Manual,Hybrid,Third,16309.65
2024,Hyundai,Sonata,3.8,7485,Manual,Electric,First,26477.76
2019,Hyundai,Sonata,2.0,69681,Automatic,Petrol,Second,12104.58
2016,Hyundai,Sonata,2.0,59848,Manual,Electric,First,14629.41
2017,Hyundai,Sonata,2.0,114897,Manual,Hybrid,First,10026.34
2022,Hyundai,Sonata,2.0,83519,Automatic,Petrol,First,15699.66
2021,Hyundai,Sonata,2.0,117373,Automatic,Diesel,First,14360.37
2021,Hyundai,Sonata,2.4,27610,Automatic,Hybrid,First,20954.68
2019,Hyundai,Sonata,3.8,111276,Automatic,Petrol,Second,11260.02
2024,Hyundai,Sonata,3.8,59162,Automatic,Electric,Third,18842.33
2023,Hyundai,Sonata,3.8,38318,Manual,Diesel,Second,17509.5
2020,Hyundai,Sonata,2.4,26513,Automatic,Diesel,First,17415.34
2017,Hyundai,Sonata,3.8,125139,Manual,Petrol,Second,8694.74
2021,Hyundai,Sonata,2.4,52444,Automatic,Petrol,First,16495.0
2017,Hyundai,Sonata,3.8,109132,Manual,Diesel,Third,6696.24
2014,Hyundai,Sonata,3.8,87605,Automatic,Hybrid,Second,9616.05
2023,Hyundai,Sonata,2.0,59257,Manual,Electric,Third,15783.47
2015,Hyundai,Sonata,2.0,128154,Automatic,Diesel,Third,4713.65
2023,Hyundai,Sonata,2.4,5027,Manual,Hybrid,Third,17599.86
2015,Hyundai,Sonata,2.0,90432,Manual,Hybrid,Third,7407.91
2023,Hyundai,Sonata,3.8,34342,Automatic,Electric,Third,19354.67
2017,Hyundai,Sonata,2.0,22171,Automatic,Diesel,Second,11696.7
2020,Hyundai,Sonata,2.0,113807,Automatic,Diesel,First,12670.55
2019,Hyundai,Sonata,2.0,101300,Manual,Diesel,Second,9693.86
2021,Hyundai,Sonata,2.4,97913,Manual,Petrol,First,12773.66
2024,Hyundai,Sonata,2.0,51603,Manual,Diesel,Second,15792.5
2020,Hyundai,Sonata,2.0,18491,Manual,Hybrid,First,17642.91
2021,Hyundai,Sonata,3.8,75673,Automatic,Hybrid,Third,16414.5
2020,Hyundai,Sonata,3.8,55268,Manual,Petrol,Third,10685.79
2017,Hyundai,Sonata,2.0,31106,Manual,Petrol,Third,8275.68
2019,Hyundai,Sonata,2.4,53510,Automatic,Hybrid,Third,11870.6
2014,Hyundai,Sonata,2.0,82722,Automatic,Diesel,First,7493.89
2014,Hyundai,Sonata,2.0,39716,Automatic,Petrol,Third,6676.12
2024,Hyundai,Sonata,3.8,100055,Manual,Electric,Second,20960.29
2020,Hyundai,Sonata,2.0,39419,Automatic,Diesel,Second,14019.58
2015,Hyundai,Sonata,2.4,28658,Manual,Electric,Second,11083.64
2020,Hyundai,Sonata,2.4,81711,Manual,Petrol,First,13270.13
2017,Hyundai,Sonata,2.0,121264,Manual,Diesel,Third,7039.72
2020,Hyundai,Sonata,3.8,18454,Automatic,Hybrid,Second,18327.32
2023,Hyundai,Sonata,2.4,122885,Manual,Electric,Second,17693.24
2017,Hyundai,Sonata,2.4,61022,Automatic,Hybrid,First,14315.44
2019,Hyundai,Sonata,2.0,109442,Manual,Diesel,First,8794.88
2024,Hyundai,Sonata,2.4,3835,Manual,Hybrid,Second,21505.08
2021,Hyundai,Sonata,2.4,47086,Automatic,Electric,First,22913.53
2014,Hyundai,Sonata,2.0,116484,Manual,Hybrid,Second,5456.38
2022,Hyundai,Sonata,3.8,65020,Automatic,Electric,Third,18080.64
2024,Hyundai,Sonata,2.0,74466,Automatic,Petrol,Second,16649.77
2020,Hyundai,Sonata,2.4,16554,Automatic,Petrol,First,17573.54
2024,Hyundai,Tucson,2.0,116564,Automatic,Diesel,Second,15716.43
2022,Hyundai,Tucson,2.0,62767,Manual,Hybrid,Third,13618.77
2013,Hyundai,Tucson,2.4,52934,Automatic,Petrol,First,6016.44
2015,Hyundai,Tucson,2.4,121261,Automatic,Petrol,Third,4228.34
2019,Hyundai,Tucson,2.0,91273,Manual,Diesel,First,11314.82
2023,Hyundai,Tucson,2.0,95739,Automatic,Diesel,Second,14921.39
2017,Hyundai,Tucson,2.0,53623,Manual,Hybrid,Third,10207.29
2020,Hyundai,Tucson,2.4,48567,Manual,Petrol,Second,12340.43
2021,Hyundai,Tucson,2.4,119322,Manual,Diesel,First,12328.9
2019,Hyundai,Tucson,3.8,57100,Automatic,Hybrid,First,20976.82
2019,Hyundai,Tucson,2.0,91252,Automatic,Hybrid,Second,12676.82
2013,Hyundai,Tucson,3.8,47205,Automatic,Petrol,Second,9641.65
2018,Hyundai,Tucson,3.8,105750,Manual,Hybrid,Third,11015.54
2024,Hyundai,Tucson,2.0,56984,Manual,Diesel,Second,17685.07
2019,Hyundai,Tucson,2.4,18622,Manual,Diesel,Second,12116.77
2017,Hyundai,Tucson,2.0,84529,Manual,Electric,Third,9183.82
2022,Hyundai,Tucson,3.8,113871,Automatic,Diesel,Second,13804.45
2016,Hyundai,Tucson,2.0,119305,Manual,Hybrid,Second,7572.98
2022,Hyundai,Tucson,2.0,36193,Manual,Petrol,First,15685.48
2021,Hyundai,Tucson,3.8,79105,Automatic,Petrol,Second,13496.27
2021,Hyundai,Tucson,2.0,51910,Manual,Diesel,Second,12808.49
2018,Hyundai,Tucson,3.8,68524,Automatic,Petrol,Second,12317.33
2014,Hyundai,Tucson,3.8,34276,Automatic,Diesel,Third,8871.9
2021,Hyundai,Tucson,2.0,50907,Manual,Electric,Second,16762.24
2021,Hyundai,Tucson,2.4,25614,Manual,Electric,Second,17964.32
2017,Hyundai,Tucson,2.0,87096,Automatic,Diesel,Third,7954.58
2017,Hyundai,Tucson,3.8,94066,Manual,Petrol,First,11133.55
2018,Hyundai,Tucson,2.0,92084,Automatic,Electric,First,16290.84
2021,Hyundai,Tucson,2.0,111469,Automatic,Electric,Third,13238.4
2015,Hyundai,Tucson,2.4,80273,Automatic,Diesel,Third,5391.91
2021,Hyundai,Tucson,3.8,23558,Manual,Electric,First,23837.57
2023,Hyundai,Tucson,3.8,46562,Manual,Hybrid,Second,19400.34
2024,Hyundai,Tucson,2.4,88647,Automatic,Petrol,Second,15917.96
2017,Hyundai,Tucson,2.4,41474,Manual,Hybrid,First,15222.28
2014,Hyundai,Tucson,3.8,16549,Automatic,Diesel,First,11474.94
2018,Hyundai,Tucson,2.0,112966,Manual,Hybrid,First,11482.82
2023,Hyundai,Tucson,3.8,37096,Automatic,Petrol,First,22254.24
2019,Hyundai,Tucson,2.0,18233,Manual,Petrol,First,14136.06
2017,Hyundai,Tucson,2.4,102203,Automatic,Hybrid,First,13852.31
2014,Hyundai,Tucson,2.0,109459,Automatic,Hybrid,Third,5237.18
2020,Hyundai,Tucson,2.0,64281,Automatic,Diesel,First,14206.79
2022,Hyundai,Tucson,2.0,6763,Manual,Petrol,First,16631.2
2024,Hyundai,Tucson,2.0,95085,Automatic,Petrol,Third,13114.24
2023,Hyundai,Tucson,2.4,43139,Manual,Diesel,Third,12148.08
2014,Hyundai,Tucson,2.4,78692,Automatic,Hybrid,Third,5903.12
2020,Hyundai,Tucson,2.0,101236,Automatic,Petrol,Second,10296.6
2020,Hyundai,Tucson,2.4,77464,Automatic,Hybrid,First,16792.98
2023,Hyundai,Tucson,2.4,45882,Automatic,Electric,First,25083.0
2021,Hyundai,Tucson,2.4,67308,Automatic,Petrol,Third,11549.45
2017,Hyundai,Tucson,2.0,31063,Automatic,Diesel,First,13369.13
2020,Hyundai,Tucson,2.4,30146,Manual,Hybrid,Third,13610.85
2015,Hyundai,Tucson,2.0,15374,Manual,Petrol,Second,7640.93
2017,Hyundai,Tucson,3.8,62031,Manual,Petrol,First,11949.96
2015,Hyundai,Tucson,3.8,27320,Automatic,Hybrid,Second,11191.4
2015,Hyundai,Tucson,2.0,17743,Automatic,Hybrid,First,12805.92
2020,Hyundai,Tucson,2.4,87006,Automatic,Electric,First,19504.35
2021,Hyundai,Tucson,2.0,24845,Manual,Hybrid,Third,12461.02
2022,Hyundai,Tucson,2.0,51104,Manual,Hybrid,Third,13984.03
2018,Hyundai,Tucson,3.8,29568,Manual,Electric,Third,12794.02
2014,Hyundai,Tucson,3.8,58061,Manual,Diesel,Third,7394.25
2013,Hyundai,Tucson,3.8,129814,Automatic,Petrol,Third,5812.1
2020,Hyundai,Tucson,2.0,43536,Manual,Diesel,First,13012.06
2014,Hyundai,Tucson,2.4,119327,Manual,Electric,Second,7309.32
2020,Hyundai,Tucson,2.4,52483,Automatic,Hybrid,First,18610.77
2020,Hyundai,Tucson,2.4,111949,Automatic,Diesel,Second,12352.8
2020,Hyundai,Tucson,2.0,38301,Manual,Electric,Second,15569.69
2019,Hyundai,Tucson,2.4,46082,Automatic,Diesel,First,16246.04
2018,Hyundai,Tucson,2.4,7161,Manual,Hybrid,First,14441.84
2019,Hyundai,Tucson,3.8,97156,Automatic,Electric,First,18814.74
2019,Hyundai,Tucson,3.8,76137,Manual,Diesel,Third,11459.37
2019,Hyundai,Tucson,3.8,9744,Manual,Diesel,First,19001.29
2021,Hyundai,Tucson,2.0,121648,Automatic,Petrol,Third,10278.39
2022,Hyundai,Tucson,2.4,105271,Manual,Hybrid,Third,13790.97
2015,Hyundai,Tucson,2.4,88808,Manual,Petrol,Second,4001.52
2021,Hyundai,Tucson,3.8,70569,Manual,Diesel,Second,15227.25
2013,Hyundai,Tucson,3.8,12271,Automatic,Petrol,Second,9236.29
2017,Hyundai,Tucson,2.4,109596,Automatic,Diesel,First,10028.94
2014,Hyundai,Tucson,2.0,116027,Manual,Electric,Third,6279.52
2020,Hyundai,Tucson,2.4,79178,Automatic,Electric,Third,13422.58
2017,Hyundai,Tucson,2.0,71309,Automatic,Diesel,Second,8797.12
2013,Hyundai,Santa Fe,2.0,119591,Manual,Hybrid,Second,3858.62
2015,Hyundai,Santa Fe,2.4,25702,Automatic,Electric,First,14338.62
2013,Hyundai,Santa Fe,2.0,39492,Manual,Hybrid,Third,6124.51
2024,Hyundai,Santa Fe,2.4,123088,Automatic,Petrol,Second,14329.1
2020,Hyundai,Santa Fe,2.0,75742,Automatic,Hybrid,First,15587.27
2013,Hyundai,Santa Fe,2.0,106621,Manual,Hybrid,First,6483.7
2019,Hyundai,Santa Fe,2.4,109172,Manual,Hybrid,Third,9267.27
2023,Hyundai,Santa Fe,2.4,59924,Manual,Petrol,First,16212.7
2024,Hyundai,Santa Fe,2.0,4415,Automatic,Electric,Second,23299.08
2017,Hyundai,Santa Fe,2.4,24116,Automatic,Hybrid,Third,11095.08
2015,Hyundai,Santa Fe,2.0,120982,Automatic,Petrol,Third,4009.27
2020,Hyundai,Santa Fe,2.0,127440,Automatic,Petrol,First,13137.84
2021,Hyundai,Santa Fe,2.0,46655,Manual,Hybrid,First,17906.57
2015,Hyundai,Santa Fe,2.0,111898,Manual,Petrol,Second,4045.54
2013,Hyundai,Santa Fe,3.8,32967,Manual,Electric,First,12365.98
2016,Hyundai,Santa Fe,2.0,94897,Manual,Diesel,Third,7671.26
2017,Hyundai,Santa Fe,2.4,61852,Automatic,Diesel,First,11506.48
2016,Hyundai,Santa Fe,2.0,100983,Automatic,Diesel,First,8823.23
2015,Hyundai,Santa Fe,2.0,5520,Manual,Diesel,Third,7619.55
2022,Hyundai,Santa Fe,2.0,108656,Automatic,Petrol,Third,10527.37
2024,Hyundai,Santa Fe,2.4,24245,Automatic,Hybrid,Third,18436.37
2017,Hyundai,Santa Fe,2.4,84164,Automatic,Petrol,First,8978.75
2021,Hyundai,Santa Fe,2.4,110259,Manual,Petrol,Second,12247.19
2022,Hyundai,Santa Fe,2.4,110170,Automatic,Electric,First,22416.25
2016,Hyundai,Santa Fe,2.0,124949,Manual,Electric,Third,8312.4
2013,Hyundai,Santa Fe,3.8,68091,Automatic,Diesel,First,8864.83
2015,Hyundai,Santa Fe,3.8,32107,Automatic,Diesel,Second,11398.23
2013,Hyundai,Santa Fe,3.8,92306,Automatic,Electric,First,12784.1
2024,Hyundai,Santa Fe,2.4,126008,Manual,Petrol,Third,12321.39
2019,Hyundai,Santa Fe,3.8,77729,Automatic,Petrol,Third,10135.19
2024,Hyundai,Santa Fe,2.4,112633,Manual,Hybrid,Second,15766.61
2019,Hyundai,Santa Fe,3.8,90438,Automatic,Petrol,First,14476.85
2016,Hyundai,Santa Fe,2.0,48477,Automatic,Diesel,Second,9902.59
2019,Hyundai,Santa Fe,3.8,89395,Manual,Diesel,Third,8711.87
2016,Hyundai,Santa Fe,3.8,111392,Manual,Diesel,First,9608.25
2023,Hyundai,Santa Fe,2.0,87956,Automatic,Petrol,Third,13178.98
2024,Hyundai,Santa Fe,2.4,75884,Manual,Hybrid,Second,17196.46
2020,Hyundai,Santa Fe,2.0,45495,Manual,Hybrid,Third,11298.56
2023,Hyundai,Santa Fe,2.4,40309,Automatic,Petrol,Third,14329.48
2021,Hyundai,Santa Fe,2.0,124190,Manual,Hybrid,Second,11139.95
2014,Hyundai,Santa Fe,2.4,44060,Manual,Hybrid,First,8643.12
2020,Hyundai,Santa Fe,2.0,21899,Manual,Hybrid,First,16872.76
2015,Hyundai,Santa Fe,2.0,41554,Manual,Petrol,First,7720.16
2024,Hyundai,Santa Fe,3.8,96215,Automatic,Hybrid,Third,15812.94
2023,Hyundai,Santa Fe,2.0,50207,Manual,Petrol,First,17445.7
2017,Hyundai,Santa Fe,3.8,59436,Manual,Diesel,Third,9709.89
2019,Hyundai,Santa Fe,2.0,124751,Manual,Electric,First,14078.56
2019,Hyundai,Santa Fe,2.4,7862,Automatic,Electric,Second,18754.57
2023,Hyundai,Santa Fe,2.4,110915,Automatic,Hybrid,Third,14658.92
2019,Hyundai,Santa Fe,2.0,59862,Automatic,Electric,Third,13148.84
2019,Hyundai,Santa Fe,2.0,62658,Automatic,Hybrid,Second,13721.28
2017,Hyundai,Santa Fe,2.4,25415,Automatic,Petrol,First,12897.26
2019,Hyundai,Santa Fe,2.0,8840,Automatic,Electric,Second,16790.28
2023,Hyundai,Santa Fe,3.8,60550,Manual,Electric,First,23182.39
2021,Hyundai,Santa Fe,2.0,97418,Manual,Petrol,Second,11124.94
2016,Hyundai,Santa Fe,2.0,22091,Manual,Diesel,Second,9556.52
2018,Hyundai,Santa Fe,2.0,11351,Manual,Petrol,First,13919.62
2018,Hyundai,Santa Fe,2.0,42017,Manual,Diesel,Second,9617.14
2020,Hyundai,Santa Fe,2.0,37864,Manual,Diesel,Second,11231.44
2019,Hyundai,Santa Fe,3.8,82334,Automatic,Electric,Second,16611.4
2024,Hyundai,Santa Fe,2.4,107723,Automatic,Petrol,Second,14184.28
2019,Hyundai,Santa Fe,2.0,53969,Automatic,Hybrid,Second,14601.06
2022,Hyundai,Santa Fe,2.4,116021,Manual,Petrol,First,13222.84
2015,Hyundai,Santa Fe,3.8,73509,Automatic,Hybrid,Third,8349.08
2024,Hyundai,Santa Fe,2.0,64594,Automatic,Hybrid,Third,15612.15
2020,Hyundai,Santa Fe,3.8,58760,Automatic,Electric,Second,19420.52
2015,Hyundai,Santa Fe,3.8,112734,Manual,Hybrid,Third,7231.86
2018,Hyundai,Santa Fe,2.4,115244,Manual,Electric,Second,12106.48
2015,Hyundai,Santa Fe,2.4,77270,Automatic,Diesel,First,9769.82
2017,Hyundai,Santa Fe,3.8,107251,Automatic,Electric,First,16977.38
2019,Hyundai,Santa Fe,3.8,43566,Automatic,Electric,First,23133.27
2017,Hyundai,Santa Fe,2.4,39081,Manual,Hybrid,Second,10948.92
2013,Hyundai,Santa Fe,3.8,105762,Automatic,Hybrid,Third,7931.23
2018,Hyundai,Santa Fe,3.8,103142,Automatic,Electric,Second,14570.36
2021,Hyundai,Santa Fe,3.8,74013,Manual,Petrol,First,17609.17
2013,Hyundai,Santa Fe,2.4,47944,Manual,Diesel,Third,5474.6
2013,Hyundai,Santa Fe,2.0,40807,Manual,Diesel,First,7462.45
2014,Hyundai,Santa Fe,2.0,119792,Manual,Hybrid,Second,6111.23
2020,Hyundai,Santa Fe,3.8,116089,Automatic,Petrol,Second,12052.27
2024,Hyundai,Santa Fe,3.8,71550,Manual,Diesel,Second,18306.09
2021,Hyundai,Ioniq 5,2.4,28555,Manual,Petrol,First,14973.46
2013,Hyundai,Ioniq 5,3.8,56798,Manual,Hybrid,First,12323.07
2014,Hyundai,Ioniq 5,2.4,59986,Automatic,Electric,Third,8795.09
2019,Hyundai,Ioniq 5,2.4,88776,Automatic,Diesel,First,12871.0
2024,Hyundai,Ioniq 5,3.8,81868,Manual,Electric,Third,17978.21
2019,Hyundai,Ioniq 5,3.8,20225,Automatic,Diesel,First,18545.5
2023,Hyundai,Ioniq 5,2.0,111490,Automatic,Petrol,Third,14022.92
2019,Hyundai,Ioniq 5,3.8,77697,Manual,Petrol,Second,9745.15
2021,Hyundai,Ioniq 5,2.4,6630,Manual,Electric,Second,19963.75
2022,Hyundai,Ioniq 5,2.4,70740,Manual,Electric,Third,15889.7
2023,Hyundai,Ioniq 5,3.8,12373,Automatic,Diesel,Third,17129.9
2017,Hyundai,Ioniq 5,2.0,46369,Manual,Petrol,Second,9061.34
2015,Hyundai,Ioniq 5,2.4,31304,Manual,Diesel,Second,8079.6
2016,Hyundai,Ioniq 5,2.0,54155,Automatic,Hybrid,Third,9298.01
2020,Hyundai,Ioniq 5,2.0,26702,Manual,Diesel,Second,11343.02
2015,Hyundai,Ioniq 5,2.4,63207,Automatic,Diesel,Second,7344.65
2022,Hyundai,Ioniq 5,3.8,111502,Manual,Hybrid,Third,11963.23
2014,Hyundai,Ioniq 5,3.8,21058,Automatic,Electric,First,16528.48
2019,Hyundai,Ioniq 5,3.8,116208,Manual,Diesel,First,12894.01
2020,Hyundai,Ioniq 5,2.0,118318,Automatic,Petrol,First,13289.37
2013,Hyundai,Ioniq 5,2.0,117455,Automatic,Diesel,First,4285.8
2015,Hyundai,Ioniq 5,3.8,11157,Manual,Electric,First,18857.68
2024,Hyundai,Ioniq 5,2.0,21251,Manual,Petrol,Second,15322.48
2017,Hyundai,Ioniq 5,3.8,90687,Manual,Petrol,Third,7483.4
2013,Hyundai,Ioniq 5,2.4,16536,Automatic,Electric,Second,10170.05
2017,Hyundai,Ioniq 5,3.8,24440,Automatic,Hybrid,First,18934.4
2022,Hyundai,Ioniq 5,3.8,62413,Automatic,Petrol,Third,14370.82
2019,Hyundai,Ioniq 5,2.0,92385,Manual,Diesel,First,11593.34
2024,Hyundai,Ioniq 5,2.0,12215,Manual,Petrol,Third,13311.53
2021,Hyundai,Ioniq 5,2.0,122170,Automatic,Hybrid,First,15397.66
2021,Hyundai,Ioniq 5,2.4,69542,Automatic,Electric,First,20762.01
2022,Hyundai,Ioniq 5,2.4,79552,Manual,Petrol,Third,10483.63
2024,Hyundai,Ioniq 5,3.8,47844,Manual,Hybrid,Second,19510.76
2017,Hyundai,Ioniq 5,2.0,3051,Automatic,Electric,Second,16237.86
2016,Hyundai,Ioniq 5,2.0,11096,Automatic,Petrol,Third,9028.13
2024,Hyundai,Ioniq 5,2.0,79206,Manual,Electric,First,21095.04
2024,Hyundai,Ioniq 5,2.4,12491,Automatic,Diesel,Third,14723.11
2019,Hyundai,Ioniq 5,2.4,84604,Automatic,Petrol,Third,8266.66
2020,Hyundai,Ioniq 5,2.0,53640,Automatic,Hybrid,First,17966.25
2019,Hyundai,Ioniq 5,2.4,21160,Manual,Diesel,First,14424.22
2017,Hyundai,Ioniq 5,2.4,108932,Manual,Hybrid,Third,8965.4
2013,Hyundai,Ioniq 5,3.8,23028,Automatic,Petrol,First,11503.62
2021,Hyundai,Ioniq 5,2.0,67311,Automatic,Petrol,Third,10526.11
2013,Hyundai,Ioniq 5,2.4,52214,Manual,Electric,Second,9957.4
2023,Hyundai,Ioniq 5,2.4,120401,Automatic,Electric,First,22017.51
2016,Hyundai,Ioniq 5,3.8,19119,Manual,Petrol,First,12859.93
2023,Hyundai,Ioniq 5,2.0,128527,Manual,Petrol,Second,11066.58
2013,Hyundai,Ioniq 5,2.0,128635,Manual,Hybrid,First,5640.81
2021,Hyundai,Ioniq 5,3.8,75549,Automatic,Petrol,Second,15147.23
2016,Hyundai,Ioniq 5,2.4,92003,Manual,Diesel,First,9347.78
2016,Hyundai,Ioniq 5,3.8,125688,Automatic,Electric,Second,11721.41
2015,Hyundai,Ioniq 5,3.8,51951,Manual,Petrol,First,10907.48
2020,Hyundai,Ioniq 5,2.4,75306,Manual,Electric,Third,12209.52
2023,Hyundai,Ioniq 5,3.8,90974,Automatic,Diesel,First,21593.99
2013,Hyundai,Ioniq 5,3.8,83692,Automatic,Petrol,First,8055.87
2016,Hyundai,Ioniq 5,2.4,87724,Automatic,Diesel,First,10079.54
2019,Hyundai,Ioniq 5,3.8,85641,Automatic,Diesel,Third,12235.54
2024,Hyundai,Ioniq 5,2.0,18907,Manual,Petrol,First,18403.69
2023,Hyundai,Ioniq 5,3.8,106116,Automatic,Electric,Second,19861.38
2022,Hyundai,Ioniq 5,2.0,14788,Manual,Petrol,Second,14814.58
2020,Hyundai,Ioniq 5,2.0,58674,Manual,Hybrid,Second,14867.62
2017,Hyundai,Ioniq 5,2.4,68121,Automatic,Hybrid,First,13020.4
2018,Hyundai,Ioniq 5,2.0,104994,Manual,Electric,Second,11839.05
2021,Hyundai,Ioniq 5,2.0,75009,Automatic,Petrol,First,14701.26
2017,Hyundai,Ioniq 5,2.0,25951,Automatic,Diesel,Second,11928.36
2014,Hyundai,Ioniq 5,2.0,101042,Automatic,Diesel,Third,3222.83
2021,Hyundai,Ioniq 5,2.4,41159,Manual,Electric,Third,14200.06
2017,Hyundai,Ioniq 5,2.0,73929,Automatic,Diesel,Third,8118.57
2020,Hyundai,Ioniq 5,2.0,10103,Manual,Diesel,Third,9470.51
2021,Hyundai,Ioniq 5,3.8,118965,Automatic,Electric,First,19520.76
2020,Hyundai,Ioniq 5,2.4,103521,Manual,Electric,First,16700.96
2018,Hyundai,Ioniq 5,3.8,57669,Automatic,Electric,First,19570.75
2017,Hyundai,Ioniq 5,2.0,33489,Manual,Electric,First,14450.85
2021,Hyundai,Ioniq 5,3.8,118458,Automatic,Petrol,Third,11756.28
2017,Hyundai,Ioniq 5,3.8,7852,Manual,Hybrid,Second,15737.58
2017,Hyundai,Ioniq 5,2.4,129697,Manual,Electric,Second,10382.77
2023,Hyundai,Ioniq 5,2.4,80694,Automatic,Electric,First,22193.07
2023,Hyundai,Ioniq 5,3.8,15705,Manual,Petrol,First,20610.71
2021,Hyundai,Ioniq 5,2.0,92169,Manual,Diesel,Third,8237.57
2022,Hyundai,Ioniq 5,2.4,30400,Manual,Electric,Third,15840.03
2020,Hyundai,Palisade,2.0,94975,Manual,Hybrid,First,14661.01
2024,Hyundai,Palisade,2.0,39158,Automatic,Petrol,First,20741.71
2016,Hyundai,Palisade,3.8,79759,Manual,Electric,First,14274.18
2019,Hyundai,Palisade,2.4,59501,Automatic,Electric,Second,16784.63
2019,Hyundai,Palisade,2.4,115746,Automatic,Hybrid,Third,10619.35
2024,Hyundai,Palisade,2.0,113687,Automatic,Electric,Third,15859.53
2024,Hyundai,Palisade,2.4,129865,Automatic,Petrol,Third,12007.94
2017,Hyundai,Palisade,3.8,123340,Manual,Petrol,Third,6724.1
2013,Hyundai,Palisade,3.8,113403,Manual,Diesel,Second,5437.05
2017,Hyundai,Palisade,2.4,89598,Automatic,Diesel,Third,9148.87
2020,Hyundai,Palisade,2.4,83698,Automatic,Diesel,Second,11728.61
2024,Hyundai,Palisade,2.4,3203,Automatic,Electric,Third,20266.17
2017,Hyundai,Palisade,2.0,25172,Automatic,Hybrid,Second,12207.22
2019,Hyundai,Palisade,2.0,72626,Manual,Petrol,First,9624.95
2015,Hyundai,Palisade,2.0,50368,Automatic,Hybrid,First,11291.78
2020,Hyundai,Palisade,2.4,17665,Manual,Petrol,First,14347.65
2015,Hyundai,Palisade,3.8,117607,Manual,Diesel,Second,6477.1
2023,Hyundai,Palisade,3.8,11513,Automatic,Petrol,Second,19752.28
2019,Hyundai,Palisade,2.0,111818,Automatic,Diesel,First,13808.26
2023,Hyundai,Palisade,2.4,61271,Manual,Electric,Second,19815.46
2014,Hyundai,Palisade,2.0,68494,Manual,Electric,First,10357.3
2019,Hyundai,Palisade,3.8,9485,Automatic,Electric,First,22889.73
2021,Hyundai,Palisade,2.0,78688,Manual,Petrol,Third,8716.38
2019,Hyundai,Palisade,3.8,78889,Manual,Petrol,Second,11392.69
2021,Hyundai,Palisade,2.4,44817,Automatic,Diesel,First,16908.84
2018,Hyundai,Palisade,2.0,5175,Manual,Hybrid,Second,15006.17
2015,Hyundai,Palisade,2.0,63452,Manual,Petrol,First,6647.66
2020,Hyundai,Palisade,3.8,38927,Manual,Electric,Third,14699.96
2017,Hyundai,Palisade,2.0,45811,Automatic,Electric,Second,14047.32
2014,Hyundai,Palisade,2.0,95284,Automatic,Petrol,Second,5342.9
2020,Hyundai,Palisade,2.4,117210,Manual,Electric,Second,13995.54
2024,Hyundai,Palisade,3.8,63325,Manual,Petrol,Third,13947.32
2015,Hyundai,Palisade,3.8,120399,Manual,Petrol,Second,5505.95
2022,Hyundai,Palisade,2.0,16472,Manual,Hybrid,First,19375.43
2013,Hyundai,Palisade,3.8,88667,Automatic,Petrol,First,7578.7
2015,Hyundai,Palisade,2.4,34593,Manual,Petrol,Third,4891.67
2013,Hyundai,Palisade,3.8,123240,Manual,Electric,Second,9019.82
2016,Hyundai,Palisade,3.8,12559,Automatic,Petrol,Second,10822.51
2015,Hyundai,Palisade,2.0,106428,Automatic,Hybrid,First,9951.37
2020,Hyundai,Palisade,3.8,118283,Manual,Electric,Third,12212.76
2022,Hyundai,Palisade,2.4,84839,Automatic,Petrol,Second,13774.95
2019,Hyundai,Palisade,3.8,43140,Automatic,Petrol,Third,11030.7
2015,Hyundai,Palisade,3.8,72344,Automatic,Hybrid,Second,12126.81
2017,Hyundai,Palisade,3.8,54517,Automatic,Diesel,Second,11517.74
2023,Hyundai,Palisade,2.4,36991,Manual,Electric,Third,15904.54
2017,Hyundai,Palisade,2.0,78475,Automatic,Electric,Third,10525.47
2014,Hyundai,Palisade,2.0,120667,Manual,Hybrid,Second,5750.97
2015,Hyundai,Palisade,2.0,4986,Automatic,Diesel,Third,8623.85
2013,Hyundai,Palisade,2.4,90718,Manual,Petrol,Second,4548.29
2017,Hyundai,Palisade,2.0,67397,Automatic,Petrol,First,10849.74
2020,Hyundai,Palisade,3.8,46220,Automatic,Electric,First,21899.24
2020,Hyundai,Palisade,3.8,59316,Manual,Diesel,First,14931.36
2018,Hyundai,Palisade,2.0,44273,Automatic,Electric,Third,12791.65
2017,Hyundai,Palisade,2.4,70929,Manual,Electric,Third,9548.53
2021,Hyundai,Palisade,2.4,83447,Automatic,Hybrid,First,17695.3
2014,Hyundai,Palisade,3.8,21235,Manual,Petrol,Second,9595.52
2019,Hyundai,Palisade,3.8,12397,Automatic,Hybrid,Second,16947.38
2018,Hyundai,Palisade,2.0,24859,Manual,Electric,First,16143.87
2018,Hyundai,Palisade,3.8,16603,Manual,Petrol,Third,11454.9
2018,Hyundai,Palisade,2.0,110809,Automatic,Petrol,Third,7609.44
2015,Hyundai,Palisade,3.8,92526,Automatic,Electric,Second,13184.72
2022,Hyundai,Palisade,2.0,113119,Manual,Electric,First,17377.56
2019,Hyundai,Palisade,2.4,96644,Automatic,Hybrid,First,14928.43
2022,Hyundai,Palisade,3.8,17245,Automatic,Electric,First,27336.04
2021,Hyundai,Palisade,2.0,8243,Manual,Diesel,First,17121.22
2022,Hyundai,Palisade,2.0,65052,Automatic,Hybrid,First,18537.93
2019,Hyundai,Palisade,3.8,49779,Automatic,Diesel,First,17080.47
2014,Hyundai,Palisade,3.8,3084,Manual,Hybrid,Second,11638.67
2017,Hyundai,Palisade,3.8,41551,Manual,Diesel,Second,11650.79
2016,Hyundai,Palisade,2.4,19155,Automatic,Electric,First,17603.9
2017,Hyundai,Palisade,2.4,41921,Manual,Diesel,Second,9514.36
2020,Hyundai,Palisade,2.4,62056,Automatic,Petrol,Second,12018.26
2015,Hyundai,Palisade,2.4,15304,Automatic,Hybrid,Second,11514.49
2024,Hyundai,Palisade,3.8,20821,Manual,Electric,Second,22817.81
2021,Hyundai,Palisade,2.0,117312,Automatic,Electric,First,17654.1
2017,Hyundai,Palisade,3.8,4178,Automatic,Electric,First,20759.69
2023,Hyundai,Palisade,2.0,38303,Automatic,Petrol,Second,15933.18
2014,Hyundai,Palisade,2.4,118332,Automatic,Hybrid,Third,5666.14
2021,Hyundai,Palisade,2.0,72856,Automatic,Petrol,First,15122.62
2021,Hyundai,Palisade,3.8,7312,Manual,Petrol,Second,15237.07
2018,Nissan,Altima,1.8,125184,Automatic,Electric,First,13920.0
2017,Nissan,Altima,1.8,45162,Manual,Hybrid,First,11210.25
2014,Nissan,Altima,2.5,117644,Automatic,Diesel,Third,5102.25
2022,Nissan,Altima,1.8,71910,Manual,Diesel,First,14215.73
2016,Nissan,Altima,2.5,87117,Manual,Hybrid,Second,8371.36
2022,Nissan,Altima,1.8,40948,Automatic,Electric,Third,15716.46
2019,Nissan,Altima,3.5,122726,Manual,Diesel,First,10777.69
2022,Nissan,Altima,3.5,18011,Manual,Electric,Third,15919.3
2020,Nissan,Altima,2.5,122989,Automatic,Electric,First,18464.92
2024,Nissan,Altima,3.8,71907,Automatic,Hybrid,Second,18875.08
2022,Nissan,Altima,3.5,52864,Automatic,Petrol,Third,13369.99
2015,Nissan,Altima,1.8,39880,Manual,Diesel,Second,8401.07
2023,Nissan,Altima,3.8,28130,Automatic,Diesel,Second,19436.93
2014,Nissan,Altima,1.8,69377,Manual,Electric,First,10311.73
2022,Nissan,Altima,2.5,78191,Automatic,Hybrid,Third,12917.66
2019,Nissan,Altima,2.5,51544,Automatic,Hybrid,Third,12177.21
2024,Nissan,Altima,1.8,82928,Manual,Hybrid,Third,11858.84
2016,Nissan,Altima,2.5,34722,Manual,Petrol,Second,7205.02
2018,Nissan,Altima,1.8,98635,Automatic,Diesel,First,11857.51
2024,Nissan,Altima,1.8,93230,Automatic,Diesel,Second,14422.38
2016,Nissan,Altima,1.8,42070,Automatic,Hybrid,Third,9664.19
2022,Nissan,Altima,2.5,95811,Manual,Diesel,First,14242.41
2017,Nissan,Altima,3.5,49662,Manual,Electric,Third,12058.92
2020,Nissan,Altima,3.8,65473,Manual,Hybrid,First,17311.16
2014,Nissan,Altima,1.8,123231,Automatic,Diesel,First,4212.19
2022,Nissan,Altima,1.8,93236,Automatic,Hybrid,First,16213.45
2021,Nissan,Altima,1.8,87678,Manual,Hybrid,Third,11139.04
2018,Nissan,Altima,3.5,68266,Automatic,Petrol,Third,9259.3
2014,Nissan,Altima,1.8,33702,Automatic,Petrol,Second,7109.34
2024,Nissan,Altima,2.5,22092,Manual,Petrol,First,18408.03
2018,Nissan,Altima,3.5,54902,Manual,Diesel,First,14098.82
2019,Nissan,Altima,3.8,111985,Automatic,Electric,Second,14585.8
2015,Nissan,Altima,2.5,121222,Automatic,Diesel,Second,7620.79
2013,Nissan,Altima,1.8,56112,Manual,Hybrid,First,6270.96
2015,Nissan,Altima,1.8,13223,Manual,Hybrid,First,10752.13
2015,Nissan,Altima,3.5,67177,Manual,Hybrid,Second,9991.93
2015,Nissan,Altima,3.8,39133,Manual,Hybrid,First,12403.14
2015,Nissan,Altima,1.8,80217,Automatic,Petrol,Third,5252.94
2013,Nissan,Altima,3.5,29796,Manual,Electric,Third,9680.83
2023,Nissan,Altima,3.5,76861,Manual,Electric,Second,18200.37
2015,Nissan,Altima,1.8,60470,Automatic,Hybrid,Second,8493.59
2013,Nissan,Altima,3.8,6726,Automatic,Petrol,Second,8066.22
2016,Nissan,Altima,2.5,61856,Automatic,Electric,Third,10079.21
2017,Nissan,Altima,3.8,98747,Automatic,Electric,Third,11691.12
2019,Nissan,Altima,3.8,128178,Automatic,Electric,First,18126.87
2019,Nissan,Altima,3.8,88349,Automatic,Petrol,First,14457.43
2017,Nissan,Altima,3.5,12778,Manual,Petrol,Second,10284.21
2020,Nissan,Altima,2.5,129631,Manual,Electric,Third,11501.93
2022,Nissan,Altima,3.8,3783,Automatic,Electric,Second,24194.98
2020,Nissan,Altima,2.5,64948,Automatic,Diesel,First,16035.0
2020,Nissan,Altima,3.5,114706,Automatic,Diesel,Second,13059.49
2013,Nissan,Altima,1.8,63269,Manual,Diesel,First,5163.99
2017,Nissan,Altima,1.8,22338,Manual,Petrol,Third,6522.92
2018,Nissan,Altima,2.5,6801,Manual,Diesel,Second,11815.97
2021,Nissan,Altima,1.8,112391,Manual,Diesel,First,11696.67
2016,Nissan,Altima,3.5,125868,Manual,Diesel,Third,6158.8
2017,Nissan,Altima,2.5,77625,Automatic,Electric,Third,11698.78
2019,Nissan,Altima,3.5,128299,Manual,Electric,Third,10510.74
2024,Nissan,Altima,1.8,118788,Manual,Electric,First,18718.31
2015,Nissan,Altima,3.8,7502,Automatic,Petrol,First,12512.92
2020,Nissan,Altima,3.8,23971,Automatic,Diesel,First,20597.33
2024,Nissan,Altima,2.5,54697,Automatic,Diesel,First,21518.59
2014,Nissan,Altima,3.5,115007,Manual,Electric,Third,6908.25
2015,Nissan,Altima,3.5,86421,Automatic,Petrol,Third,5543.33
2014,Nissan,Altima,3.5,63123,Automatic,Hybrid,First,12289.42
2014,Nissan,Altima,2.5,6750,Manual,Electric,Second,11413.06
2016,Nissan,Altima,3.8,61122,Manual,Petrol,First,9913.2
2018,Nissan,Altima,3.5,70260,Manual,Electric,First,15620.08
2018,Nissan,Altima,2.5,99060,Manual,Petrol,Second,7727.35
2024,Nissan,Altima,1.8,69436,Manual,Petrol,Second,14483.59
2018,Nissan,Altima,1.8,42347,Manual,Hybrid,First,14017.11
2016,Nissan,Altima,3.5,83366,Automatic,Diesel,Third,8788.96
2020,Nissan,Altima,3.8,101408,Automatic,Electric,Second,15637.49
2023,Nissan,Altima,1.8,106614,Automatic,Electric,Third,13886.35
2022,Nissan,Altima,3.5,34604,Manual,Diesel,First,18336.67
2022,Nissan,Altima,3.5,3735,Automatic,Petrol,First,20057.02
2015,Nissan,Altima,1.8,127458,Manual,Diesel,First,4734.24
2014,Nissan,Altima,1.8,126816,Automatic,Petrol,Second,3018.75
2020,Nissan,Altima,2.5,118864,Manual,Petrol,Second,8817.57
2017,Nissan,Altima,3.5,86442,Manual,Diesel,Third,7485.32
2015,Nissan,Sentra,3.5,103760,Manual,Petrol,Second,5580.59
2019,Nissan,Sentra,2.5,97538,Automatic,Hybrid,First,15150.86
2020,Nissan,Sentra,3.8,61327,Manual,Electric,Second,17407.74
2013,Nissan,Sentra,1.8,110396,Automatic,Petrol,Second,2431.15
2014,Nissan,Sentra,3.8,12714,Automatic,Petrol,First,12924.85
2013,Nissan,Sentra,2.5,103369,Manual,Diesel,First,3860.71
2023,Nissan,Sentra,1.8,35177,Automatic,Hybrid,First,19200.87
2024,Nissan,Sentra,3.8,102689,Automatic,Petrol,First,20422.7
2024,Nissan,Sentra,3.8,92843,Automatic,Diesel,First,20430.9
2022,Nissan,Sentra,3.5,49132,Automatic,Diesel,Second,15551.86
2017,Nissan,Sentra,1.8,98526,Manual,Hybrid,Third,7448.58
2021,Nissan,Sentra,2.5,65025,Manual,Diesel,Second,11868.14
2015,Nissan,Sentra,3.5,71618,Automatic,Electric,Second,12774.27
2015,Nissan,Sentra,3.8,59172,Manual,Hybrid,Second,9318.13
2022,Nissan,Sentra,3.8,67784,Automatic,Hybrid,Third,14966.11
2022,Nissan,Sentra,3.5,126744,Automatic,Hybrid,First,18166.22
2020,Nissan,Sentra,3.8,108846,Manual,Electric,Third,12064.58
2016,Nissan,Sentra,3.5,25888,Automatic,Diesel,Third,10074.05
2024,Nissan,Sentra,3.5,120491,Automatic,Petrol,Third,12887.5
2022,Nissan,Sentra,2.5,116309,Manual,Hybrid,Second,14142.47
2020,Nissan,Sentra,2.5,52203,Automatic,Diesel,Third,11323.79
2014,Nissan,Sentra,2.5,77514,Manual,Petrol,Second,4723.32
2015,Nissan,Sentra,1.8,45722,Automatic,Electric,Second,12183.45
2014,Nissan,Sentra,3.8,90411,Automatic,Hybrid,First,12428.08
2019,Nissan,Sentra,2.5,3105,Automatic,Hybrid,First,18944.44
2023,Nissan,Sentra,3.8,47230,Automatic,Hybrid,First,22626.47
2013,Nissan,Sentra,3.8,71833,Manual,Petrol,First,6908.8
2023,Nissan,Sentra,3.5,67190,Manual,Diesel,First,18451.15
2018,Nissan,Sentra,2.5,31436,Manual,Electric,First,17484.83
2024,Nissan,Sentra,1.8,8258,Automatic,Electric,First,25001.21
2024,Nissan,Sentra,3.8,116900,Automatic,Diesel,Third,14118.69
2014,Nissan,Sentra,1.8,110320,Automatic,Diesel,Second,4952.91
2020,Nissan,Sentra,1.8,22491,Automatic,Diesel,First,14608.45
2015,Nissan,Sentra,3.5,80162,Manual,Diesel,Second,7926.65
2018,Nissan,Sentra,3.5,38712,Automatic,Diesel,Third,11258.23
2013,Nissan,Sentra,2.5,107282,Manual,Diesel,Third,2020.32
2023,Nissan,Sentra,3.5,64907,Manual,Electric,First,21249.21
2015,Nissan,Sentra,3.8,15839,Automatic,Hybrid,Second,13102.63
2022,Nissan,Sentra,2.5,100289,Automatic,Diesel,First,17316.19
2022,Nissan,Sentra,3.8,84697,Manual,Hybrid,Second,16400.25
2021,Nissan,Sentra,2.5,121796,Automatic,Petrol,Second,11626.08
2023,Nissan,Sentra,2.5,116257,Automatic,Petrol,Second,13315.54
2020,Nissan,Sentra,2.5,99927,Manual,Electric,Third,12713.86
2021,Nissan,Sentra,3.5,78856,Automatic,Electric,Second,17250.23
2013,Nissan,Sentra,3.8,58610,Manual,Petrol,Second,6079.81
2021,Nissan,Sentra,3.8,108058,Manual,Petrol,First,14095.03
2020,Nissan,Sentra,2.5,115189,Manual,Electric,Third,11173.03
2024,Nissan,Sentra,2.5,63748,Manual,Petrol,Second,14075.77
2013,Nissan,Sentra,3.5,112583,Automatic,Hybrid,Second,7166.85
2015,Nissan,Sentra,3.5,54750,Manual,Petrol,Third,7554.69
2019,Nissan,Sentra,1.8,5929,Manual,Hybrid,First,15145.66
2020,Nissan,Sentra,2.5,6111,Automatic,Diesel,Second,15853.73
2022,Nissan,Sentra,3.5,114739,Manual,Electric,First,18915.17
2020,Nissan,Sentra,1.8,5416,Automatic,Hybrid,Third,13002.85
2020,Nissan,Sentra,2.5,70066,Manual,Hybrid,Third,11191.51
2013,Nissan,Sentra,1.8,48869,Manual,Hybrid,First,8268.59
2018,Nissan,Sentra,1.8,21315,Automatic,Diesel,Second,11645.78
2015,Nissan,Sentra,3.8,22856,Automatic,Electric,Third,12046.72
2015,Nissan,Sentra,1.8,53787,Manual,Electric,First,12487.35
2016,Nissan,Sentra,3.8,35223,Automatic,Electric,Second,15714.2
2016,Nissan,Sentra,1.8,104395,Automatic,Diesel,First,8782.38
2021,Nissan,Sentra,2.5,51718,Automatic,Hybrid,Second,15549.42
2024,Nissan,Sentra,1.8,9909,Manual,Hybrid,Second,18568.9
2018,Nissan,Sentra,3.5,65465,Automatic,Petrol,First,14860.1
2017,Nissan,Sentra,3.8,48379,Automatic,Petrol,First,12246.22
2014,Nissan,Sentra,3.5,47560,Automatic,Electric,Second,12839.76
2016,Nissan,Sentra,3.5,111894,Automatic,Petrol,Third,6662.77
2021,Nissan,Sentra,3.8,48779,Manual,Diesel,Second,14046.89
2013,Nissan,Sentra,3.5,30132,Manual,Electric,First,13645.21
2024,Nissan,Sentra,3.5,103838,Automatic,Electric,Second,18938.32
2014,Nissan,Sentra,2.5,88230,Manual,Diesel,First,5912.05
2023,Nissan,Sentra,1.8,108666,Automatic,Hybrid,Second,15491.88
2014,Nissan,Sentra,3.8,107290,Automatic,Diesel,Third,6639.06
2024,Nissan,Sentra,3.8,102176,Automatic,Hybrid,Second,18874.26
2019,Nissan,Sentra,1.8,98520,Manual,Petrol,Second,7521.18
2018,Nissan,Sentra,3.5,65442,Manual,Diesel,Third,10130.48
2014,Nissan,Sentra,1.8,89230,Manual,Electric,Third,5597.65
2020,Nissan,Sentra,3.5,74092,Manual,Diesel,Third,9933.52
2021,Nissan,Sentra,3.5,116218,Manual,Diesel,Second,12926.59
2021,Nissan,Sentra,3.8,49972,Manual,Hybrid,Second,16680.28
2018,Nissan,Rogue,1.8,82942,Automatic,Electric,First,13422.02
2022,Nissan,Rogue,2.5,47802,Manual,Hybrid,Second,16853.53
2024,Nissan,Rogue,2.5,43963,Automatic,Petrol,First,18279.11
2016,Nissan,Rogue,2.5,79968,Manual,Electric,Second,10655.55
2018,Nissan,Rogue,3.8,91672,Manual,Petrol,Third,8251.79
2021,Nissan,Rogue,3.5,61399,Automatic,Hybrid,Third,14737.71
2015,Nissan,Rogue,3.5,67591,Manual,Electric,Second,10622.19
2015,Nissan,Rogue,3.5,14869,Automatic,Electric,First,16604.83
2022,Nissan,Rogue,1.8,73773,Manual,Diesel,Third,9473.41
2015,Nissan,Rogue,3.8,19609,Manual,Petrol,Third,7524.18
2024,Nissan,Rogue,3.8,30068,Automatic,Electric,First,27082.93
2018,Nissan,Rogue,3.5,90657,Automatic,Hybrid,Second,13497.64
2017,Nissan,Rogue,3.5,8160,Automatic,Hybrid,First,17751.35
2013,Nissan,Rogue,3.8,33838,Manual,Petrol,Second,7010.36
2016,Nissan,Rogue,1.8,77557,Automatic,Diesel,Third,7043.58
2018,Nissan,Rogue,3.5,104383,Automatic,Hybrid,Third,10443.45
2015,Nissan,Rogue,1.8,58071,Automatic,Petrol,First,8793.85
2013,Nissan,Rogue,3.5,79323,Automatic,Electric,Third,8406.72
2024,Nissan,Rogue,1.8,63592,Manual,Hybrid,Second,16326.79
2018,Nissan,Rogue,3.5,53073,Automatic,Electric,First,19834.92
2015,Nissan,Rogue,2.5,72345,Automatic,Electric,Second,11357.48
2024,Nissan,Rogue,1.8,73223,Manual,Hybrid,Third,12252.01
2016,Nissan,Rogue,2.5,93463,Automatic,Petrol,First,7651.58
2021,Nissan,Rogue,3.5,77660,Manual,Hybrid,First,17236.23
2022,Nissan,Rogue,2.5,61204,Automatic,Hybrid,First,20422.67
2015,Nissan,Rogue,3.5,124631,Manual,Diesel,First,7505.25
2022,Nissan,Rogue,1.8,80621,Automatic,Hybrid,Second,15339.5
2014,Nissan,Rogue,3.5,59804,Automatic,Petrol,First,9038.45
2021,Nissan,Rogue,3.5,21148,Automatic,Electric,Third,17531.57
2017,Nissan,Rogue,2.5,32101,Automatic,Hybrid,Second,14009.64
2019,Nissan,Rogue,3.5,115566,Manual,Diesel,Third,8183.56
2018,Nissan,Rogue,1.8,68323,Automatic,Electric,First,15513.95
2023,Nissan,Rogue,1.8,20048,Automatic,Hybrid,First,20712.6
2015,Nissan,Rogue,3.5,128958,Manual,Hybrid,Second,7523.94
2021,Nissan,Rogue,2.5,48078,Automatic,Electric,First,21077.5
2023,Nissan,Rogue,2.5,120868,Automatic,Electric,Third,14904.23
2018,Nissan,Rogue,3.8,109975,Automatic,Petrol,First,12527.41
2019,Nissan,Rogue,3.8,25953,Automatic,Electric,Third,15554.41
2019,Nissan,Rogue,3.5,21036,Manual,Hybrid,First,20030.44
2014,Nissan,Rogue,3.8,27754,Manual,Hybrid,Third,9026.75
2022,Nissan,Rogue,3.5,66257,Manual,Hybrid,First,19980.33
2022,Nissan,Rogue,2.5,7177,Manual,Petrol,Second,13772.92
2015,Nissan,Rogue,3.5,123825,Manual,Diesel,First,7311.37
2018,Nissan,Rogue,3.8,56333,Automatic,Hybrid,Second,14423.78
2023,Nissan,Rogue,1.8,75082,Automatic,Electric,First,21583.68
2015,Nissan,Rogue,3.8,30228,Automatic,Petrol,Third,8181.54
2015,Nissan,Rogue,1.8,73846,Automatic,Hybrid,Second,7673.56
2019,Nissan,Rogue,3.5,10240,Manual,Petrol,Second,12817.17
2017,Nissan,Rogue,2.5,8427,Manual,Petrol,First,11462.78
2016,Nissan,Rogue,2.5,125959,Automatic,Diesel,First,7625.39
2017,Nissan,Rogue,1.8,123249,Automatic,Diesel,Third,8036.58
2022,Nissan,Rogue,2.5,33398,Manual,Petrol,Third,12143.82
2015,Nissan,Rogue,3.8,48676,Automatic,Petrol,First,11966.28
2021,Nissan,Rogue,3.5,92364,Automatic,Hybrid,Third,13941.56
2017,Nissan,Rogue,1.8,75146,Automatic,Petrol,Second,8507.25
2016,Nissan,Rogue,3.5,109348,Automatic,Hybrid,Third,9841.4
2022,Nissan,Rogue,3.5,73506,Automatic,Hybrid,Second,16125.82
2015,Nissan,Rogue,3.5,114138,Manual,Petrol,Third,5375.17
2023,Nissan,Rogue,2.5,24245,Manual,Electric,Third,15904.08
2015,Nissan,Rogue,3.8,49178,Automatic,Petrol,First,11912.0
2018,Nissan,Rogue,3.5,88985,Manual,Diesel,First,10985.37
2013,Nissan,Rogue,2.5,28169,Automatic,Hybrid,First,10486.17
2022,Nissan,Rogue,3.5,60253,Automatic,Electric,Third,15769.22
2014,Nissan,Rogue,3.5,8051,Automatic,Petrol,First,11614.09
2020,Nissan,Rogue,3.5,129890,Manual,Petrol,Third,7117.45
2024,Nissan,Rogue,3.8,85874,Manual,Electric,Second,19094.48
2019,Nissan,Rogue,2.5,53873,Automatic,Petrol,First,14186.03
2020,Nissan,Rogue,3.8,29107,Automatic,Petrol,Third,11755.66
2022,Nissan,Rogue,3.5,35425,Automatic,Petrol,Second,16698.88
2018,Nissan,Rogue,3.5,18436,Automatic,Electric,Third,14355.43
2015,Nissan,Rogue,1.8,12251,Automatic,Hybrid,Third,9280.39
2013,Nissan,Rogue,3.8,72069,Automatic,Electric,Third,9009.97
2023,Nissan,Rogue,3.5,55203,Manual,Hybrid,Second,21101.91
2018,Nissan,Rogue,1.8,50276,Automatic,Hybrid,Third,9759.17
2014,Nissan,Rogue,2.5,11884,Automatic,Diesel,Second,8686.23
2023,Nissan,Rogue,3.5,80337,Manual,Electric,First,21722.73
2013,Nissan,Rogue,3.8,65278,Manual,Electric,Second,10542.77
2024,Nissan,Rogue,3.5,63069,Automatic,Diesel,First,19816.99
2013,Nissan,Rogue,3.5,82906,Manual,Hybrid,First,9761.02
2019,Nissan,Rogue,1.8,20988,Manual,Electric,First,18237.96
2023,Nissan,Pathfinder,2.5,58326,Automatic,Hybrid,Second,17014.29
2017,Nissan,Pathfinder,3.5,111841,Automatic,Petrol,Second,7219.15
2013,Nissan,Pathfinder,1.8,35821,Manual,Petrol,Second,3079.32
2018,Nissan,Pathfinder,3.5,69520,Automatic,Petrol,Second,11006.97
2016,Nissan,Pathfinder,3.8,79763,Manual,Petrol,Second,10287.05
2013,Nissan,Pathfinder,2.5,69828,Automatic,Petrol,Third,5339.05
2020,Nissan,Pathfinder,2.5,121755,Manual,Hybrid,Third,9696.32
2016,Nissan,Pathfinder,3.5,118463,Automatic,Diesel,Second,8509.81
2013,Nissan,Pathfinder,2.5,35831,Manual,Hybrid,First,9670.09
2024,Nissan,Pathfinder,3.8,113948,Automatic,Electric,Second,20278.74
2015,Nissan,Pathfinder,1.8,25114,Automatic,Diesel,Second,7540.56
2014,Nissan,Pathfinder,3.8,53049,Manual,Diesel,Second,7490.6
2024,Nissan,Pathfinder,1.8,53684,Manual,Diesel,Third,12312.24
2017,Nissan,Pathfinder,1.8,13030,Automatic,Hybrid,Third,11384.72
2016,Nissan,Pathfinder,2.5,69134,Manual,Petrol,Third,5294.2
2024,Nissan,Pathfinder,3.8,91096,Automatic,Hybrid,Second,18741.55
2018,Nissan,Pathfinder,1.8,69333,Manual,Diesel,First,9366.88
2021,Nissan,Pathfinder,3.8,110284,Manual,Hybrid,First,17887.97
2020,Nissan,Pathfinder,1.8,33898,Automatic,Electric,First,18804.56
2021,Nissan,Pathfinder,3.8,90490,Manual,Diesel,First,15318.85
2022,Nissan,Pathfinder,2.5,126841,Manual,Petrol,Second,10770.15
2023,Nissan,Pathfinder,2.5,25627,Manual,Diesel,First,18171.18
2024,Nissan,Pathfinder,2.5,91484,Automatic,Petrol,Third,12714.91
2013,Nissan,Pathfinder,3.5,16063,Automatic,Electric,First,15306.08
2013,Nissan,Pathfinder,3.8,111069,Automatic,Petrol,First,5187.45
2020,Nissan,Pathfinder,2.5,41261,Automatic,Hybrid,First,17632.41
2023,Nissan,Pathfinder,3.8,73628,Manual,Hybrid,Second,18612.08
2021,Nissan,Pathfinder,3.5,17530,Automatic,Diesel,Third,13799.16
2014,Nissan,Pathfinder,1.8,24735,Manual,Diesel,Second,6534.6
2015,Nissan,Pathfinder,3.8,105742,Automatic,Petrol,First,8439.31
2013,Nissan,Pathfinder,3.8,117663,Automatic,Diesel,Third,3676.15
2017,Nissan,Pathfinder,3.5,34309,Manual,Hybrid,Third,10177.87
2023,Nissan,Pathfinder,3.5,73976,Manual,Petrol,First,17056.7
2024,Nissan,Pathfinder,3.5,30277,Manual,Hybrid,First,23246.12
2015,Nissan,Pathfinder,3.8,89525,Automatic,Electric,First,15144.13
2022,Nissan,Pathfinder,3.8,117101,Automatic,Diesel,Second,15170.55
2015,Nissan,Pathfinder,2.5,92608,Automatic,Diesel,First,7920.71
2016,Nissan,Pathfinder,1.8,84746,Manual,Diesel,First,6828.37
2015,Nissan,Pathfinder,2.5,5884,Manual,Electric,First,14762.76
2023,Nissan,Pathfinder,2.5,32420,Manual,Electric,First,21502.76
2014,Nissan,Pathfinder,2.5,37985,Manual,Diesel,Second,7038.1
2024,Nissan,Pathfinder,3.5,54566,Automatic,Diesel,Third,15160.08
2014,Nissan,Pathfinder,1.8,13943,Automatic,Diesel,First,9398.35
2014,Nissan,Pathfinder,3.5,122652,Automatic,Electric,Third,9001.35
2017,Nissan,Pathfinder,1.8,55056,Manual,Electric,Second,11766.27
2021,Nissan,Pathfinder,3.5,16460,Automatic,Diesel,First,19005.39
2013,Nissan,Pathfinder,3.5,82770,Manual,Diesel,Second,5474.5
2021,Nissan,Pathfinder,2.5,50652,Automatic,Petrol,Second,13889.42
2017,Nissan,Pathfinder,1.8,79844,Automatic,Diesel,Third,7419.22
2015,Nissan,Pathfinder,1.8,82455,Automatic,Hybrid,First,9674.71
2021,Nissan,Pathfinder,1.8,100496,Manual,Diesel,Second,9819.54
2023,Nissan,Pathfinder,3.8,70454,Manual,Electric,Third,15788.47
2015,Nissan,Pathfinder,1.8,59511,Automatic,Hybrid,First,11526.74
2014,Nissan,Pathfinder,3.5,6140,Manual,Electric,First,14074.2
2014,Nissan,Pathfinder,3.5,17057,Manual,Electric,Third,10679.96
2024,Nissan,Pathfinder,3.8,72543,Manual,Electric,Second,21023.45
2024,Nissan,Pathfinder,2.5,76954,Automatic,Electric,Third,16539.11
2017,Nissan,Pathfinder,3.8,50993,Automatic,Electric,Third,13227.05
2022,Nissan,Pathfinder,3.5,26397,Manual,Diesel,Second,15064.12
2015,Nissan,Pathfinder,2.5,23046,Automatic,Electric,Third,11271.06
2018,Nissan,Pathfinder,1.8,36179,Manual,Diesel,Third,7724.31
2016,Nissan,Pathfinder,3.8,118503,Manual,Electric,First,13008.08
2018,Nissan,Pathfinder,2.5,70573,Automatic,Hybrid,Third,10078.84
2015,Nissan,Pathfinder,3.8,92583,Automatic,Hybrid,Third,10608.16
2020,Nissan,Pathfinder,2.5,55451,Manual,Diesel,Second,13032.4
2020,Nissan,Pathfinder,3.5,101329,Manual,Diesel,Second,10950.54
2024,Nissan,Pathfinder,3.8,40929,Automatic,Petrol,Third,14014.96
2019,Nissan,Pathfinder,3.5,65496,Automatic,Hybrid,First,18092.16
2014,Nissan,Pathfinder,2.5,107713,Automatic,Petrol,Third,5001.53
2014,Nissan,Pathfinder,3.8,112158,Automatic,Diesel,First,8273.68
2023,Nissan,Pathfinder,2.5,41559,Manual,Electric,Third,15415.17
2021,Nissan,Pathfinder,3.8,78455,Manual,Hybrid,Third,12560.56
2022,Nissan,Pathfinder,1.8,112862,Manual,Petrol,First,11320.93
2022,Nissan,Pathfinder,2.5,22699,Manual,Electric,Second,19183.52
2020,Nissan,Pathfinder,1.8,115143,Automatic,Diesel,First,13764.83
2017,Nissan,Pathfinder,1.8,56886,Manual,Electric,Second,11324.02
2022,Nissan,Pathfinder,3.5,107289,Automatic,Petrol,First,16743.08
2024,Nissan,Pathfinder,3.8,15152,Manual,Electric,Third,18460.69
2022,Nissan,Pathfinder,3.8,111051,Automatic,Hybrid,Second,15927.7
2018,Nissan,Pathfinder,1.8,111020,Manual,Diesel,Second,7510.57
2021,Nissan,Murano,3.5,109243,Manual,Petrol,Second,11423.21
2016,Nissan,Murano,1.8,23764,Manual,Hybrid,Third,8323.18
2015,Nissan,Murano,2.5,9960,Manual,Hybrid,First,12743.81
2023,Nissan,Murano,2.5,80431,Manual,Electric,Third,15876.94
2021,Nissan,Murano,3.5,85394,Manual,Diesel,First,14698.82
2022,Nissan,Murano,3.8,104821,Automatic,Petrol,Third,12747.55
2024,Nissan,Murano,3.5,112805,Automatic,Diesel,First,18933.89
2018,Nissan,Murano,3.5,113629,Automatic,Electric,First,16577.53
2019,Nissan,Murano,3.8,125308,Automatic,Diesel,First,13877.39
2020,Nissan,Murano,2.5,76299,Automatic,Petrol,First,13862.22
2016,Nissan,Murano,3.5,5074,Manual,Diesel,Second,11038.14
2021,Nissan,Murano,3.5,53108,Automatic,Electric,Second,19839.86
2013,Nissan,Murano,2.5,74092,Manual,Electric,First,10264.91
2018,Nissan,Murano,1.8,22186,Automatic,Hybrid,First,16597.98
2013,Nissan,Murano,3.8,96014,Automatic,Hybrid,Third,7802.13
2023,Nissan,Murano,1.8,71633,Automatic,Electric,Third,14823.08
2015,Nissan,Murano,3.8,56454,Automatic,Petrol,Second,10281.18
2021,Nissan,Murano,2.5,11990,Automatic,Hybrid,Third,15429.05
2014,Nissan,Murano,1.8,4712,Automatic,Electric,Third,10927.07
2020,Nissan,Murano,2.5,103120,Automatic,Hybrid,First,15073.21
2014,Nissan,Murano,3.5,87304,Manual,Petrol,Third,5694.15
2015,Nissan,Murano,2.5,64349,Automatic,Electric,First,13446.39
2017,Nissan,Murano,3.8,33368,Automatic,Hybrid,Second,16201.41
2013,Nissan,Murano,2.5,61333,Automatic,Diesel,First,7153.29
2014,Nissan,Murano,2.5,103313,Automatic,Diesel,Second,5842.76
2014,Nissan,Murano,3.8,61171,Automatic,Petrol,Third,6527.58
2024,Nissan,Murano,1.8,12504,Automatic,Hybrid,Third,17302.58
2022,Nissan,Murano,3.5,51390,Manual,Diesel,Second,16046.16
2021,Nissan,Murano,3.5,67535,Manual,Hybrid,First,17642.3
2014,Nissan,Murano,1.8,19216,Manual,Diesel,Third,4861.42
2019,Nissan,Murano,3.8,25012,Manual,Diesel,Second,15381.97
2022,Nissan,Murano,3.5,81734,Automatic,Petrol,Second,16264.9
2018,Nissan,Murano,3.5,31028,Automatic,Petrol,Second,14715.59
2018,Nissan,Murano,2.5,80782,Automatic,Diesel,Second,10508.1
2021,Nissan,Murano,3.8,48023,Manual,Petrol,First,16487.12
2024,Nissan,Murano,1.8,56954,Automatic,Diesel,Third,13858.25
2019,Nissan,Murano,3.5,113545,Automatic,Hybrid,Second,13543.08
2024,Nissan,Murano,3.8,46314,Manual,Diesel,Second,17949.14
2020,Nissan,Murano,3.8,74067,Automatic,Petrol,Third,11825.36
2019,Nissan,Murano,3.8,50443,Manual,Hybrid,Third,12282.11
2021,Nissan,Murano,1.8,16533,Automatic,Electric,Second,17168.93
2020,Nissan,Murano,2.5,62931,Automatic,Diesel,Third,11510.67
2019,Nissan,Murano,3.5,113581,Manual,Diesel,Second,9358.5
2016,Nissan,Murano,3.5,70918,Automatic,Electric,Second,14230.89
2019,Nissan,Murano,1.8,49799,Automatic,Petrol,First,11671.5
2014,Nissan,Murano,2.5,44988,Automatic,Electric,Third,10354.92
2021,Nissan,Murano,2.5,120107,Manual,Hybrid,Third,11033.24
2023,Nissan,Murano,3.8,54274,Manual,Electric,First,24390.36
2018,Nissan,Murano,1.8,69311,Automatic,Diesel,Second,10233.85
2023,Nissan,Murano,2.5,112943,Automatic,Hybrid,Third,13055.38
2020,Nissan,Murano,3.5,26652,Manual,Petrol,Third,10413.31
2015,Nissan,Murano,3.8,85293,Manual,Diesel,Third,6706.63
2017,Nissan,Murano,3.8,41457,Automatic,Petrol,First,13705.9
2024,Nissan,Murano,2.5,22880,Automatic,Hybrid,Third,16327.99
2017,Nissan,Murano,2.5,98129,Automatic,Electric,Second,12059.61
2024,Nissan,Murano,3.5,112044,Manual,Electric,Second,19436.96
2016,Nissan,Murano,3.5,105632,Manual,Hybrid,First,10166.74
2017,Nissan,Murano,2.5,7798,Automatic,Diesel,First,12921.03
2023,Nissan,Murano,2.5,121174,Manual,Diesel,First,13734.12
2014,Nissan,Murano,3.8,116032,Automatic,Diesel,Third,6722.45
2023,Nissan,Murano,2.5,10645,Automatic,Electric,Second,20334.36
2019,Nissan,Murano,2.5,114375,Automatic,Petrol,Second,7927.69
2021,Nissan,Murano,3.8,116631,Automatic,Electric,Second,17654.26
2023,Nissan,Murano,2.5,97564,Automatic,Electric,First,21500.03
2022,Nissan,Murano,3.5,3658,Automatic,Diesel,Third,14293.76
2022,Nissan,Murano,3.8,126951,Automatic,Electric,First,20875.08
2017,Nissan,Murano,1.8,95686,Manual,Diesel,Second,7830.76
2019,Nissan,Murano,3.5,68546,Automatic,Hybrid,Second,14154.01
2015,Nissan,Murano,1.8,12168,Automatic,Diesel,First,10500.9
2021,Nissan,Murano,1.8,80863,Automatic,Electric,Third,13562.92
2018,Nissan,Murano,2.5,6839,Manual,Hybrid,Second,13879.45
2021,Nissan,Murano,1.8,87044,Automatic,Hybrid,Second,13982.45
2022,Nissan,Murano,3.8,56621,Manual,Hybrid,Second,17582.11
2023,Nissan,Murano,3.5,45521,Manual,Petrol,Second,13281.85
2017,Nissan,Murano,2.5,90309,Automatic,Electric,Third,9990.85
2020,Nissan,Murano,3.8,11498,Automatic,Petrol,Third,14143.28
2018,Nissan,Murano,1.8,114182,Automatic,Electric,Second,12155.98
2015,Nissan,Murano,1.8,73412,Manual,Hybrid,First,9099.6
2024,Nissan,Murano,3.5,9440,Manual,Petrol,Third,15912.22
2022,Nissan,Murano,2.5,13149,Automatic,Electric,Second,20383.08
2018,Nissan,Maxima,2.5,100895,Automatic,Hybrid,Third,10457.04
2015,Nissan,Maxima,3.8,61949,Automatic,Electric,First,16404.16
2019,Nissan,Maxima,2.5,72662,Automatic,Petrol,First,12712.85
2017,Nissan,Maxima,2.5,128476,Automatic,Diesel,First,8921.97
2014,Nissan,Maxima,2.5,109409,Manual,Hybrid,Third,4689.16
2014,Nissan,Maxima,2.5,4407,Manual,Petrol,Second,7150.3
2018,Nissan,Maxima,3.8,59741,Manual,Electric,Third,12707.16
2013,Nissan,Maxima,1.8,70081,Manual,Petrol,Third,2703.38
2024,Nissan,Maxima,3.5,81593,Manual,Hybrid,First,19492.65
2022,Nissan,Maxima,3.8,44579,Automatic,Diesel,First,19902.11
2022,Nissan,Maxima,3.5,96263,Manual,Electric,First,19419.99
2015,Nissan,Maxima,3.8,42032,Automatic,Electric,First,16951.86
2016,Nissan,Maxima,1.8,75155,Manual,Electric,First,13038.3
2013,Nissan,Maxima,3.5,54903,Manual,Petrol,Third,4321.99
2017,Nissan,Maxima,1.8,122826,Automatic,Hybrid,Second,8885.92
2014,Nissan,Maxima,3.5,33466,Manual,Hybrid,Second,9765.52
2022,Nissan,Maxima,3.8,14837,Manual,Petrol,Second,16335.88
2013,Nissan,Maxima,2.5,64544,Automatic,Electric,Third,8573.48
2016,Nissan,Maxima,2.5,123960,Automatic,Electric,First,11933.1
2017,Nissan,Maxima,2.5,7649,Manual,Diesel,First,12062.9
2022,Nissan,Maxima,3.8,92964,Automatic,Electric,Third,16033.5
2023,Nissan,Maxima,2.5,58817,Automatic,Diesel,Third,14421.34
2019,Nissan,Maxima,1.8,9090,Automatic,Electric,Second,15724.31
2021,Nissan,Maxima,3.8,42647,Automatic,Diesel,Third,12737.34
2023,Nissan,Maxima,3.5,85487,Automatic,Petrol,Second,15645.34
2016,Nissan,Maxima,3.8,69494,Automatic,Electric,Third,11300.31
2013,Nissan,Maxima,3.8,116373,Manual,Petrol,First,4676.87
2017,Nissan,Maxima,1.8,92727,Automatic,Electric,First,13242.74
2015,Nissan,Maxima,2.5,102584,Manual,Petrol,Second,4316.85
2013,Nissan,Maxima,3.8,6662,Manual,Hybrid,Second,10476.62
2013,Nissan,Maxima,3.5,73344,Automatic,Hybrid,First,11171.5
2017,Nissan,Maxima,2.5,29948,Manual,Hybrid,Second,10619.32
2024,Nissan,Maxima,3.8,64055,Manual,Diesel,First,21960.61
2021,Nissan,Maxima,3.8,66588,Manual,Petrol,Third,11115.55
2015,Nissan,Maxima,2.5,17102,Manual,Diesel,Second,7960.21
2020,Nissan,Maxima,2.5,62687,Automatic,Diesel,Third,10797.23
2017,Nissan,Maxima,1.8,121283,Manual,Diesel,Third,4942.09
2023,Nissan,Maxima,1.8,82990,Automatic,Electric,Second,17659.49
2021,Nissan,Maxima,3.8,78967,Automatic,Hybrid,Third,14236.98
2020,Nissan,Maxima,3.5,71657,Automatic,Hybrid,Third,13588.37
2020,Nissan,Maxima,3.5,105778,Manual,Diesel,First,14059.13
2022,Nissan,Maxima,2.5,22883,Manual,Diesel,First,18281.45
2019,Nissan,Maxima,1.8,12304,Automatic,Hybrid,Second,15010.0
2017,Nissan,Maxima,3.8,59210,Automatic,Petrol,Second,11130.87
2020,Nissan,Maxima,2.5,14007,Manual,Electric,Third,14167.03
2024,Nissan,Maxima,2.5,43729,Automatic,Petrol,Second,16841.05
2023,Nissan,Maxima,1.8,100335,Automatic,Petrol,Third,11119.56
2017,Nissan,Maxima,3.8,115984,Manual,Electric,First,12979.11
2022,Nissan,Maxima,3.8,11221,Manual,Diesel,Second,17547.15
2016,Nissan,Maxima,1.8,57492,Manual,Petrol,Third,5017.18
2024,Nissan,Maxima,3.5,55318,Manual,Electric,First,23966.56
2018,Nissan,Maxima,3.8,75954,Automatic,Diesel,Second,10735.11
2017,Nissan,Maxima,2.5,86102,Automatic,Electric,First,14345.7
2023,Nissan,Maxima,1.8,121116,Manual,Petrol,First,14453.04
2023,Nissan,Maxima,3.5,41754,Manual,Hybrid,Second,18390.13
2022,Nissan,Maxima,3.5,86117,Manual,Hybrid,Third,14257.2
2013,Nissan,Maxima,2.5,33968,Automatic,Hybrid,First,9909.09
2018,Nissan,Maxima,2.5,13865,Manual,Petrol,Second,12780.02
2017,Nissan,Maxima,1.8,64039,Automatic,Petrol,Third,7112.51
2013,Nissan,Maxima,3.8,118869,Manual,Diesel,Third,4707.16
2024,Nissan,Maxima,1.8,121602,Automatic,Hybrid,Third,13319.9
2024,Nissan,Maxima,3.8,25522,Automatic,Petrol,First,21681.49
2024,Nissan,Maxima,3.8,119416,Manual,Diesel,Second,15054.72
2014,Nissan,Maxima,1.8,10839,Automatic,Hybrid,First,11077.28
2021,Nissan,Maxima,3.5,116361,Manual,Petrol,Second,11823.47
2020,Nissan,Maxima,2.5,52985,Manual,Petrol,First,13095.12
2023,Nissan,Maxima,3.8,4408,Manual,Diesel,Second,19081.1
2022,Nissan,Maxima,3.8,116645,Automatic,Electric,Second,17565.88
2024,Nissan,Maxima,3.5,70294,Automatic,Petrol,Third,14154.85
2019,Nissan,Maxima,2.5,48181,Automatic,Electric,First,17557.21
2019,Nissan,Maxima,2.5,15299,Automatic,Diesel,Second,13526.97
2020,Nissan,Maxima,3.8,110643,Manual,Diesel,First,13321.09
2015,Nissan,Maxima,1.8,101162,Automatic,Electric,First,11144.89
2019,Nissan,Maxima,3.8,38276,Automatic,Hybrid,Second,17393.32
2024,Nissan,Maxima,2.5,5045,Automatic,Hybrid,First,24686.21
2021,Nissan,Maxima,2.5,116097,Manual,Hybrid,Second,12359.36
2018,Nissan,Maxima,3.8,25772,Manual,Petrol,Third,8893.64
2016,Nissan,Maxima,3.5,126502,Manual,Diesel,Third,4904.66
2016,Nissan,Maxima,1.8,112383,Automatic,Electric,Second,10800.0
2015,Nissan,Maxima,3.5,129580,Automatic,Electric,First,12671.6
2014,Nissan,Frontier,3.8,67694,Automatic,Diesel,Third,7558.98
2016,Nissan,Frontier,3.8,23152,Automatic,Petrol,Second,11586.49
2021,Nissan,Frontier,3.8,100526,Automatic,Hybrid,Second,16108.47
2020,Nissan,Frontier,1.8,41684,Automatic,Diesel,Second,13063.59
2019,Nissan,Frontier,1.8,70282,Manual,Electric,Second,14642.17
2017,Nissan,Frontier,1.8,126518,Automatic,Electric,Second,11156.35
2021,Nissan,Frontier,3.8,90890,Automatic,Hybrid,Third,12633.79
2017,Nissan,Frontier,1.8,80848,Automatic,Petrol,Third,5808.49
2015,Nissan,Frontier,3.8,113629,Automatic,Diesel,First,9149.34
2016,Nissan,Frontier,3.5,36750,Manual,Hybrid,Second,11517.63
2013,Nissan,Frontier,3.8,24983,Manual,Electric,First,13173.82
2016,Nissan,Frontier,3.8,119135,Manual,Diesel,Third,7147.79
2023,Nissan,Frontier,3.8,92240,Automatic,Electric,Third,16873.4
2020,Nissan,Frontier,2.5,10114,Automatic,Hybrid,Second,16026.47
2024,Nissan,Frontier,1.8,105648,Manual,Electric,First,19397.36
2019,Nissan,Frontier,1.8,25625,Automatic,Petrol,First,12918.81
2021,Nissan,Frontier,1.8,67935,Automatic,Diesel,Third,10171.72
2019,Nissan,Frontier,2.5,73948,Automatic,Petrol,First,13297.32
2024,Nissan,Frontier,3.5,3026,Automatic,Diesel,Third,17724.74
2023,Nissan,Frontier,3.8,65878,Automatic,Electric,Second,21007.25
2016,Nissan,Frontier,2.5,4086,Automatic,Hybrid,Third,11323.79
2018,Nissan,Frontier,2.5,64786,Automatic,Hybrid,First,13056.33
2013,Nissan,Frontier,3.5,88048,Manual,Electric,First,9877.69
2021,Nissan,Frontier,2.5,50391,Manual,Hybrid,First,16903.4
2015,Nissan,Frontier,2.5,14226,Automatic,Petrol,First,12620.42
2022,Nissan,Frontier,1.8,55096,Automatic,Electric,First,20059.65
2019,Nissan,Frontier,2.5,97440,Manual,Hybrid,Third,8493.74
2022,Nissan,Frontier,3.5,68839,Automatic,Electric,Second,20559.72
2016,Nissan,Frontier,3.5,32741,Manual,Petrol,First,10886.61
2018,Nissan,Frontier,3.5,117166,Automatic,Electric,Second,12271.83
2022,Nissan,Frontier,3.8,93702,Automatic,Diesel,Second,14608.45
2019,Nissan,Frontier,3.5,75279,Automatic,Hybrid,First,18114.69
2023,Nissan,Frontier,1.8,32602,Automatic,Hybrid,Third,13795.12
2019,Nissan,Frontier,3.8,109439,Automatic,Diesel,Second,12731.3
2023,Nissan,Frontier,3.8,82337,Automatic,Diesel,First,19612.61
2014,Nissan,Frontier,1.8,107600,Manual,Hybrid,First,5922.67
2016,Nissan,Frontier,2.5,125257,Manual,Petrol,Second,5862.46
2019,Nissan,Frontier,1.8,21274,Manual,Hybrid,First,14357.96
2020,Nissan,Frontier,3.8,113566,Manual,Petrol,First,13101.75
2018,Nissan,Frontier,3.5,3656,Automatic,Petrol,Third,10176.41
2020,Nissan,Frontier,3.5,56212,Manual,Petrol,First,14062.27
2016,Nissan,Frontier,1.8,92711,Manual,Petrol,Second,3657.63
2018,Nissan,Frontier,3.8,119481,Automatic,Petrol,Second,10430.65
2018,Nissan,Frontier,1.8,55736,Manual,Petrol,First,8867.07
2018,Nissan,Frontier,1.8,16163,Manual,Diesel,Third,9287.7
2016,Nissan,Frontier,1.8,115614,Manual,Petrol,Second,5421.93
2024,Nissan,Frontier,2.5,45823,Manual,Electric,First,22640.18
2015,Nissan,Frontier,1.8,113135,Automatic,Electric,First,10184.67
2017,Nissan,Frontier,3.8,83699,Automatic,Diesel,Second,11432.2
2015,Nissan,Frontier,1.8,114894,Automatic,Electric,Third,7759.81
2021,Nissan,Frontier,1.8,123958,Manual,Hybrid,Second,10466.11
2017,Nissan,Frontier,3.8,80487,Manual,Petrol,Third,5568.8
2022,Nissan,Frontier,3.8,106486,Manual,Petrol,Third,12654.6
2016,Nissan,Frontier,3.5,99396,Manual,Electric,First,13763.53
2015,Nissan,Frontier,3.5,66989,Automatic,Hybrid,Third,9961.65
2013,Nissan,Frontier,3.5,86822,Automatic,Hybrid,First,8886.56
2015,Nissan,Frontier,2.5,23695,Manual,Electric,Third,10915.37
2024,Nissan,Frontier,1.8,90053,Automatic,Hybrid,Third,13141.75
2023,Nissan,Frontier,1.8,13071,Manual,Electric,First,21173.46
2021,Nissan,Frontier,3.8,48924,Automatic,Electric,First,22338.46
2020,Nissan,Frontier,3.5,41022,Automatic,Hybrid,Second,17446.82
2015,Nissan,Frontier,1.8,56406,Manual,Electric,Second,9969.46
2013,Nissan,Frontier,2.5,24496,Manual,Electric,Third,9628.62
2017,Nissan,Frontier,1.8,129202,Manual,Hybrid,First,9221.81
2016,Nissan,Frontier,2.5,3357,Automatic,Petrol,Third,10287.32
2014,Nissan,Frontier,3.8,4593,Automatic,Diesel,Second,10767.69
2022,Nissan,Frontier,3.8,98865,Manual,Petrol,First,16735.62
2018,Nissan,Frontier,1.8,94707,Manual,Diesel,Third,5664.95
2018,Nissan,Frontier,1.8,89789,Manual,Diesel,Second,8243.86
2024,Nissan,Frontier,3.5,87124,Automatic,Diesel,Second,15445.01
2014,Nissan,Frontier,2.5,81444,Automatic,Petrol,Third,6209.58
2016,Nissan,Frontier,2.5,41481,Manual,Hybrid,First,12297.43
2016,Nissan,Frontier,3.8,63306,Automatic,Diesel,First,12578.79
2022,Nissan,Frontier,3.5,125325,Manual,Diesel,Second,12367.91
2024,Nissan,Frontier,1.8,99996,Automatic,Petrol,Second,13041.85
2019,Nissan,Frontier,3.5,127063,Manual,Petrol,Second,8414.13
2020,Nissan,Frontier,2.5,71960,Manual,Diesel,Third,10100.7
2020,Nissan,Frontier,3.5,55219,Manual,Hybrid,Third,13344.87
2022,Nissan,Frontier,3.8,66402,Automatic,Electric,Second,20411.76
2021,Nissan,Frontier,3.5,63495,Automatic,Petrol,Second,14400.59
2018,Kia,Optima,2.4,125111,Automatic,Petrol,First,11912.56
2013,Kia,Optima,2.0,62214,Automatic,Diesel,Third,5480.3
2017,Kia,Optima,2.4,31403,Automatic,Electric,Second,14938.47
2020,Kia,Optima,2.4,30788,Automatic,Electric,Second,19281.08
2024,Kia,Optima,2.4,30224,Automatic,Diesel,First,20785.73
2013,Kia,Optima,3.8,100815,Automatic,Hybrid,First,9029.1
2024,Kia,Optima,3.8,89365,Manual,Petrol,Third,16425.95
2024,Kia,Optima,3.8,75690,Manual,Electric,Second,22207.31
2013,Kia,Optima,2.4,95780,Manual,Electric,First,8310.85
2021,Kia,Optima,3.8,15973,Manual,Electric,Second,21901.32
2024,Kia,Optima,2.4,129566,Automatic,Hybrid,First,21007.92
2019,Kia,Optima,2.4,87093,Manual,Hybrid,First,15279.01
2018,Kia,Optima,2.0,126613,Manual,Electric,Second,10252.33
2014,Kia,Optima,2.4,76034,Automatic,Electric,Second,11095.17
2015,Kia,Optima,2.0,48040,Automatic,Hybrid,Third,10838.76
2023,Kia,Optima,2.4,73637,Manual,Electric,First,22685.53
2022,Kia,Optima,2.0,129892,Manual,Petrol,Third,9341.03
2024,Kia,Optima,3.8,7641,Manual,Petrol,Second,20767.34
2021,Kia,Optima,2.0,89190,Manual,Electric,Third,14323.05
2021,Kia,Optima,3.8,128185,Manual,Petrol,Third,12119.0
2019,Kia,Optima,2.4,8618,Manual,Electric,Third,14674.37
2013,Kia,Optima,2.0,66045,Manual,Diesel,Third,4760.85
2023,Kia,Optima,2.0,10546,Manual,Diesel,First,20143.97
2013,Kia,Optima,2.4,98381,Manual,Hybrid,Third,4805.25
2014,Kia,Optima,2.0,127651,Manual,Hybrid,Second,6152.78
2018,Kia,Optima,3.8,20621,Manual,Diesel,First,14358.01
2021,Kia,Optima,3.8,38031,Automatic,Electric,Third,18308.28
2013,Kia,Optima,3.8,4882,Manual,Hybrid,Second,9885.68
2023,Kia,Optima,3.8,44560,Manual,Electric,Third,18612.95
2013,Kia,Optima,2.0,77747,Automatic,Hybrid,Second,7941.1
2023,Kia,Optima,2.0,122437,Manual,Electric,First,19624.79
2023,Kia,Optima,2.4,108940,Manual,Hybrid,Second,14446.02
2018,Kia,Optima,3.8,55484,Manual,Diesel,Second,13907.75
2016,Kia,Optima,3.8,114759,Manual,Petrol,First,8946.8
2023,Kia,Optima,3.8,21245,Automatic,Hybrid,First,26444.54
2023,Kia,Optima,3.8,26302,Manual,Hybrid,First,24252.77
2023,Kia,Optima,2.0,73204,Manual,Hybrid,First,19094.1
2016,Kia,Optima,3.8,29235,Automatic,Electric,Second,15674.84
2024,Kia,Optima,2.4,6659,Manual,Electric,Second,22391.71
2016,Kia,Optima,3.8,73249,Manual,Petrol,Second,9522.68
2020,Kia,Optima,3.8,88726,Manual,Diesel,Second,12909.64
2013,Kia,Optima,2.0,116018,Manual,Hybrid,Second,5161.17
2016,Kia,Optima,2.0,65858,Automatic,Diesel,Third,9087.67
2020,Kia,Optima,3.8,97756,Automatic,Petrol,Third,11641.63
2017,Kia,Optima,2.0,14674,Manual,Hybrid,First,14155.04
2022,Kia,Optima,3.8,52866,Manual,Petrol,Third,13019.59
2022,Kia,Optima,2.4,80806,Manual,Hybrid,First,19334.19
2019,Kia,Optima,2.4,114946,Manual,Electric,Third,11303.83
2023,Kia,Optima,3.8,125142,Automatic,Diesel,Third,15679.88
2015,Kia,Optima,2.4,79638,Manual,Diesel,Third,6724.25
2024,Kia,Optima,2.0,66789,Automatic,Electric,First,24301.56
2022,Kia,Optima,3.8,45956,Manual,Electric,Second,22390.92
2023,Kia,Optima,2.0,111605,Manual,Diesel,Second,13056.59
2016,Kia,Optima,3.8,12033,Manual,Petrol,Third,10309.2
2013,Kia,Optima,2.0,58244,Automatic,Electric,First,11542.85
2022,Kia,Optima,3.8,60760,Automatic,Petrol,Third,14285.88
2016,Kia,Optima,3.8,99031,Manual,Hybrid,Third,9429.99
2022,Kia,Optima,2.0,31788,Manual,Electric,First,21266.86
2015,Kia,Optima,2.4,38553,Manual,Electric,First,13839.43
2018,Kia,Optima,2.4,34501,Manual,Electric,Third,13560.6
2022,Kia,Optima,2.4,26719,Manual,Petrol,Third,12640.76
2014,Kia,Optima,3.8,31546,Automatic,Hybrid,Third,10974.21
2018,Kia,Optima,2.0,101220,Manual,Hybrid,Second,11970.79
2013,Kia,Optima,2.4,64737,Automatic,Hybrid,First,9065.36
2020,Kia,Optima,2.4,40939,Manual,Electric,Third,14314.8
2016,Kia,Optima,2.0,49778,Manual,Diesel,First,11794.88
2013,Kia,Optima,3.8,83345,Automatic,Petrol,First,7650.43
2022,Kia,Optima,3.8,59396,Manual,Hybrid,Third,16047.5
2013,Kia,Optima,3.8,126994,Automatic,Petrol,Second,6081.04
2018,Kia,Optima,3.8,122693,Automatic,Electric,First,17312.51
2017,Kia,Optima,2.4,55179,Automatic,Diesel,First,14790.05
2018,Kia,Optima,2.0,80163,Manual,Hybrid,First,13466.93
2019,Kia,Optima,2.0,128763,Manual,Electric,Third,10168.1
2019,Kia,Optima,2.4,48388,Automatic,Electric,First,20580.23
2022,Kia,Optima,2.4,42787,Manual,Electric,First,22392.26
2021,Kia,Optima,2.4,106798,Manual,Diesel,Third,10091.57
2014,Kia,Optima,3.8,92621,Manual,Hybrid,First,10189.39
2016,Kia,Optima,3.8,58696,Manual,Diesel,Second,8836.03
2013,Kia,Optima,2.4,62081,Manual,Petrol,Third,3337.63
2016,Kia,Optima,2.4,7570,Automatic,Petrol,Second,9687.75
2019,Kia,Sorento,2.4,108105,Manual,Petrol,First,10890.51
2013,Kia,Sorento,2.4,44145,Automatic,Petrol,Second,4861.8
2019,Kia,Sorento,2.4,111063,Automatic,Electric,First,17044.12
2019,Kia,Sorento,2.0,28762,Automatic,Electric,Second,16581.34
2016,Kia,Sorento,3.8,45773,Manual,Diesel,First,13174.36
2016,Kia,Sorento,2.4,59964,Manual,Electric,Third,9778.99
2018,Kia,Sorento,3.8,56198,Manual,Hybrid,First,15763.57
2019,Kia,Sorento,2.0,111707,Manual,Electric,First,16139.04
2021,Kia,Sorento,3.8,39019,Manual,Hybrid,Third,16253.21
2016,Kia,Sorento,3.8,10396,Automatic,Diesel,Second,13079.74
2017,Kia,Sorento,3.8,8023,Automatic,Petrol,Third,11121.63
2020,Kia,Sorento,3.8,86012,Manual,Hybrid,Second,16213.28
2017,Kia,Sorento,2.0,39911,Automatic,Electric,First,17112.21
2016,Kia,Sorento,2.4,52573,Automatic,Diesel,First,11919.3
2015,Kia,Sorento,2.4,116190,Manual,Petrol,Third,3603.89
2013,Kia,Sorento,2.0,108343,Manual,Hybrid,Second,5775.13
2024,Kia,Sorento,2.0,11872,Automatic,Petrol,First,22674.32
2018,Kia,Sorento,3.8,59902,Manual,Electric,Third,15499.84
2013,Kia,Sorento,2.4,51978,Manual,Petrol,Third,5547.95
2016,Kia,Sorento,2.0,113738,Manual,Petrol,Third,4324.79
2024,Kia,Sorento,2.0,109894,Manual,Hybrid,Third,15166.76
2019,Kia,Sorento,3.8,63595,Automatic,Petrol,Second,13946.79
2019,Kia,Sorento,2.0,80237,Automatic,Hybrid,Second,14291.04
2017,Kia,Sorento,2.4,87978,Automatic,Diesel,Second,9848.3
2023,Kia,Sorento,2.0,73671,Automatic,Electric,First,23296.87
2016,Kia,Sorento,2.0,112355,Manual,Electric,Third,8331.79
2016,Kia,Sorento,3.8,31381,Manual,Electric,Second,13995.64
2021,Kia,Sorento,2.0,105288,Automatic,Petrol,Second,13259.14
2020,Kia,Sorento,3.8,87901,Automatic,Hybrid,Third,13917.5
2024,Kia,Sorento,2.0,49889,Automatic,Hybrid,First,22869.55
2020,Kia,Sorento,3.8,64045,Automatic,Diesel,First,18685.02
2021,Kia,Sorento,2.4,4191,Automatic,Diesel,Third,14372.73
2016,Kia,Sorento,2.4,128974,Manual,Diesel,Third,4373.81
2020,Kia,Sorento,2.0,46736,Manual,Hybrid,Second,15174.41
2014,Kia,Sorento,2.0,111596,Automatic,Electric,Third,9321.69
2022,Kia,Sorento,2.4,85039,Automatic,Hybrid,First,20251.17
2014,Kia,Sorento,3.8,19134,Manual,Electric,Second,13260.47
2015,Kia,Sorento,2.0,62405,Automatic,Electric,First,14451.4
2022,Kia,Sorento,3.8,54419,Manual,Petrol,Second,15221.43
2020,Kia,Sorento,2.4,71237,Automatic,Hybrid,First,16780.74
2014,Kia,Sorento,3.8,52827,Manual,Hybrid,Second,10315.93
2016,Kia,Sorento,2.0,52693,Automatic,Hybrid,First,11829.36
2021,Kia,Sorento,2.4,122156,Manual,Diesel,First,13750.45
2013,Kia,Sorento,3.8,127934,Manual,Electric,Third,6482.88
2022,Kia,Sorento,2.4,23822,Automatic,Petrol,Third,14533.38
2016,Kia,Sorento,2.0,102493,Manual,Electric,First,11230.53
2013,Kia,Sorento,2.0,29314,Automatic,Diesel,Third,4481.88
2015,Kia,Sorento,2.4,61737,Automatic,Electric,First,13015.48
2017,Kia,Sorento,2.4,110425,Manual,Diesel,Third,6204.05
2023,Kia,Sorento,2.4,95099,Manual,Petrol,Third,12257.97
2017,Kia,Sorento,2.0,76114,Manual,Petrol,Third,6453.39
2014,Kia,Sorento,3.8,21117,Automatic,Electric,Second,14784.58
2022,Kia,Sorento,3.8,78762,Automatic,Hybrid,Second,20548.04
2018,Kia,Sorento,2.0,49578,Automatic,Diesel,First,14784.63
2019,Kia,Sorento,3.8,39612,Manual,Electric,Third,15984.18
2018,Kia,Sorento,3.8,127698,Manual,Petrol,First,11489.74
2017,Kia,Sorento,2.0,72942,Manual,Petrol,First,9720.86
2013,Kia,Sorento,3.8,127359,Automatic,Hybrid,First,10504.13
2021,Kia,Sorento,2.0,86702,Automatic,Diesel,Third,13115.3
2021,Kia,Sorento,2.4,43674,Automatic,Electric,Third,16911.4
2013,Kia,Sorento,3.8,85897,Automatic,Diesel,Second,7351.98
2017,Kia,Sorento,2.0,19966,Manual,Hybrid,First,14025.9
2014,Kia,Sorento,2.4,38166,Automatic,Electric,Third,9655.46
2021,Kia,Sorento,2.4,102083,Automatic,Petrol,Third,10539.26
2020,Kia,Sorento,3.8,96250,Manual,Hybrid,Third,10995.68
2014,Kia,Sorento,3.8,99804,Automatic,Electric,First,13302.68
2021,Kia,Sorento,3.8,83848,Automatic,Hybrid,Second,17945.61
2018,Kia,Sorento,2.4,123173,Manual,Electric,Second,12235.52
2022,Kia,Sorento,3.8,59627,Automatic,Diesel,First,22027.18
2013,Kia,Sorento,3.8,66086,Automatic,Petrol,Third,6134.2
2023,Kia,Sorento,2.0,13346,Automatic,Hybrid,First,24042.68
2023,Kia,Sorento,2.0,23857,Automatic,Electric,First,25789.27
2016,Kia,Sorento,2.4,19214,Automatic,Hybrid,Second,13799.46
2022,Kia,Sorento,2.0,123325,Manual,Electric,Third,13267.0
2015,Kia,Sorento,2.4,70425,Automatic,Hybrid,Second,10904.71
2015,Kia,Sorento,3.8,24444,Manual,Hybrid,Third,8613.24
2022,Kia,Sorento,3.8,97080,Automatic,Electric,Second,20367.1
2020,Kia,Sorento,2.4,93478,Manual,Diesel,Second,11499.34
2023,Kia,Sorento,2.4,72131,Manual,Electric,Second,18573.64
2020,Kia,Sorento,2.0,99482,Automatic,Petrol,Second,11200.39
2021,Kia,Sportage,3.8,11429,Manual,Petrol,Third,14692.26
2023,Kia,Sportage,3.8,8041,Automatic,Electric,Second,22969.48
2015,Kia,Sportage,2.0,28688,Automatic,Electric,Third,10357.74
2024,Kia,Sportage,3.8,69090,Manual,Diesel,First,21840.88
2024,Kia,Sportage,3.8,119054,Automatic,Electric,Second,20186.0
2017,Kia,Sportage,2.4,26753,Automatic,Electric,Second,14275.74
2016,Kia,Sportage,2.4,59536,Automatic,Electric,Second,13692.12
2016,Kia,Sportage,2.0,85674,Manual,Petrol,First,6899.91
2024,Kia,Sportage,3.8,37500,Automatic,Hybrid,First,26066.13
2016,Kia,Sportage,2.4,59159,Manual,Petrol,Second,8281.99
2018,Kia,Sportage,2.4,129492,Automatic,Hybrid,Second,12117.19
2022,Kia,Sportage,2.0,34027,Automatic,Petrol,Third,11781.48
2021,Kia,Sportage,2.0,72191,Automatic,Petrol,Second,14717.75
2017,Kia,Sportage,3.8,36386,Manual,Electric,First,20127.32
2015,Kia,Sportage,2.4,63918,Automatic,Diesel,First,10993.4
2014,Kia,Sportage,3.8,59470,Manual,Petrol,First,7612.22
2016,Kia,Sportage,2.0,57929,Manual,Petrol,Second,6950.1
2024,Kia,Sportage,3.8,101519,Automatic,Diesel,First,23605.08
2023,Kia,Sportage,2.0,45467,Automatic,Electric,First,23873.53
2019,Kia,Sportage,3.8,119849,Automatic,Petrol,First,14679.24
2021,Kia,Sportage,2.0,50756,Automatic,Diesel,Second,14225.73
2022,Kia,Sportage,2.0,110636,Manual,Diesel,First,14839.64
2022,Kia,Sportage,2.0,36971,Manual,Hybrid,Third,13796.16
2021,Kia,Sportage,2.0,111125,Automatic,Electric,Second,15651.55
2016,Kia,Sportage,2.0,99966,Manual,Electric,Second,10588.93
2015,Kia,Sportage,2.0,84869,Automatic,Petrol,Second,6734.63
2020,Kia,Sportage,3.8,16025,Manual,Hybrid,Third,14603.76
2017,Kia,Sportage,2.0,24663,Manual,Electric,Third,12925.69
2019,Kia,Sportage,2.0,30055,Manual,Electric,Third,13427.11
2016,Kia,Sportage,2.4,63522,Manual,Hybrid,Second,9192.0
2023,Kia,Sportage,2.0,42978,Automatic,Petrol,Second,16010.63
2023,Kia,Sportage,3.8,47380,Manual,Electric,First,25242.2
2024,Kia,Sportage,3.8,93228,Automatic,Electric,Third,18823.68
2021,Kia,Sportage,3.8,30712,Automatic,Diesel,Third,16304.95
2020,Kia,Sportage,3.8,3010,Automatic,Electric,Third,17891.74
2019,Kia,Sportage,2.0,111893,Manual,Electric,Third,11502.91
2021,Kia,Sportage,3.8,75207,Automatic,Electric,First,24943.65
2015,Kia,Sportage,2.0,50462,Automatic,Hybrid,First,13185.71
2014,Kia,Sportage,2.4,41152,Automatic,Hybrid,Second,9384.73
2019,Kia,Sportage,2.0,125205,Manual,Hybrid,First,11674.13
2019,Kia,Sportage,3.8,105645,Automatic,Hybrid,First,17447.72
2013,Kia,Sportage,3.8,57039,Automatic,Petrol,Second,8980.0
2020,Kia,Sportage,3.8,4730,Manual,Petrol,Third,15518.24
2020,Kia,Sportage,2.0,98020,Manual,Petrol,Third,9148.93
2017,Kia,Sportage,3.8,111756,Manual,Electric,Third,11236.1
2019,Kia,Sportage,2.4,109974,Automatic,Hybrid,Third,9613.35
2022,Kia,Sportage,2.0,119576,Automatic,Petrol,First,15485.38
2014,Kia,Sportage,2.0,13998,Manual,Hybrid,First,9873.89
2016,Kia,Sportage,2.0,4429,Automatic,Diesel,Third,8618.45
2019,Kia,Sportage,2.4,4547,Automatic,Hybrid,Second,15837.28
2021,Kia,Sportage,2.4,113592,Automatic,Electric,Third,14232.76
2016,Kia,Sportage,2.4,75587,Manual,Petrol,Second,7961.17
2017,Kia,Sportage,2.0,18729,Automatic,Electric,Second,15146.28
2014,Kia,Sportage,2.4,15744,Manual,Diesel,Second,8423.64
2013,Kia,Sportage,2.4,5529,Manual,Electric,Second,11506.4
2021,Kia,Sportage,2.4,25949,Manual,Electric,Second,18722.34
2019,Kia,Sportage,2.0,40096,Manual,Petrol,First,13151.61
2021,Kia,Sportage,2.4,102763,Automatic,Hybrid,Second,14716.62
2024,Kia,Sportage,3.8,112484,Manual,Diesel,Third,15270.99
2014,Kia,Sportage,2.4,50232,Automatic,Diesel,Second,9243.46
2013,Kia,Sportage,3.8,18344,Manual,Electric,Second,12724.24
2015,Kia,Sportage,2.4,115996,Automatic,Electric,Third,8877.47
2020,Kia,Sportage,3.8,16105,Manual,Diesel,Third,13686.75
2013,Kia,Sportage,2.4,8339,Manual,Hybrid,First,11735.04
2021,Kia,Sportage,2.0,87636,Automatic,Diesel,Second,14108.04
2014,Kia,Sportage,2.4,120619,Automatic,Petrol,First,6927.09
2021,Kia,Sportage,2.4,104100,Automatic,Hybrid,Second,15296.52
2023,Kia,Sportage,2.4,78672,Manual,Electric,First,20987.94
2017,Kia,Sportage,2.0,61314,Automatic,Petrol,Third,7656.33
2022,Kia,Sportage,2.4,12210,Manual,Electric,First,22137.87
2020,Kia,Sportage,2.0,18473,Automatic,Hybrid,Second,16085.44
2024,Kia,Sportage,3.8,67147,Manual,Petrol,First,21743.6
2020,Kia,Sportage,2.4,117437,Automatic,Diesel,Second,13681.61
2015,Kia,Sportage,2.0,85351,Automatic,Diesel,Second,7374.25
2015,Kia,Sportage,2.4,4085,Manual,Hybrid,Third,9998.29
2019,Kia,Sportage,3.8,85719,Manual,Electric,Second,15398.74
2015,Kia,Sportage,3.8,14996,Manual,Hybrid,First,13789.37
2016,Kia,Sportage,2.4,129366,Manual,Electric,Second,9877.61
2017,Kia,Sportage,3.8,72389,Automatic,Hybrid,First,16710.61
2021,Kia,Sportage,2.0,55137,Automatic,Hybrid,Second,16534.05
2018,Kia,Telluride,3.8,92076,Manual,Diesel,Third,11012.53
2021,Kia,Telluride,3.8,21103,Manual,Petrol,Third,13684.52
2015,Kia,Telluride,2.4,102182,Manual,Electric,First,10311.88
2023,Kia,Telluride,2.4,129111,Automatic,Petrol,Second,13692.09
2013,Kia,Telluride,2.0,19020,Automatic,Diesel,First,9223.52
2020,Kia,Telluride,2.0,106535,Manual,Electric,First,16811.07
2013,Kia,Telluride,2.4,68191,Automatic,Diesel,Third,5670.5
2021,Kia,Telluride,3.8,81210,Manual,Electric,First,21223.13
2023,Kia,Telluride,2.4,55215,Manual,Electric,First,25133.52
2020,Kia,Telluride,2.0,74029,Automatic,Hybrid,Third,13806.21
2016,Kia,Telluride,2.4,48360,Automatic,Hybrid,Second,10962.37
2014,Kia,Telluride,2.4,72730,Automatic,Electric,First,14010.08
2022,Kia,Telluride,2.0,34764,Manual,Diesel,Third,14640.87
2022,Kia,Telluride,2.4,68768,Manual,Hybrid,Second,15642.51
2019,Kia,Telluride,2.4,5711,Manual,Petrol,First,13419.25
2013,Kia,Telluride,2.0,79705,Automatic,Diesel,First,4812.65
2024,Kia,Telluride,2.4,22462,Manual,Diesel,Second,19208.96
2024,Kia,Telluride,2.4,17349,Manual,Petrol,First,21658.52
2014,Kia,Telluride,2.4,105148,Manual,Electric,Second,8383.15
2015,Kia,Telluride,3.8,73734,Automatic,Electric,Third,12269.69
2019,Kia,Telluride,3.8,126293,Manual,Diesel,Third,11254.36
2015,Kia,Telluride,2.0,8800,Manual,Petrol,Second,7094.91
2018,Kia,Telluride,3.8,66238,Manual,Petrol,First,13557.31
2019,Kia,Telluride,2.0,81288,Manual,Diesel,Third,9337.52
2022,Kia,Telluride,3.8,17316,Automatic,Hybrid,Second,22851.79
2021,Kia,Telluride,2.0,78620,Automatic,Diesel,First,16115.4
2013,Kia,Telluride,2.0,116900,Manual,Petrol,Third,2000.0
2016,Kia,Telluride,2.0,5525,Automatic,Diesel,Third,9967.21
2017,Kia,Telluride,2.4,127326,Manual,Petrol,Third,7471.04
2019,Kia,Telluride,3.8,86508,Manual,Petrol,Third,10833.19
2023,Kia,Telluride,2.4,81218,Automatic,Petrol,Third,13813.21
2013,Kia,Telluride,2.0,20628,Manual,Electric,Second,9781.23
2015,Kia,Telluride,2.0,90226,Automatic,Electric,First,12131.97
2019,Kia,Telluride,2.0,63737,Automatic,Hybrid,First,17298.31
2024,Kia,Telluride,2.0,103680,Manual,Hybrid,Second,16442.92
2013,Kia,Telluride,3.8,79851,Manual,Hybrid,Second,7424.92
2021,Kia,Telluride,2.4,90891,Automatic,Hybrid,First,18560.13
2021,Kia,Telluride,3.8,123566,Manual,Diesel,Second,12361.53
2022,Kia,Telluride,3.8,46145,Automatic,Petrol,Second,18463.99
2017,Kia,Telluride,2.4,70785,Manual,Electric,Second,11210.94
2019,Kia,Telluride,2.4,77371,Automatic,Electric,First,18221.17
2022,Kia,Telluride,2.4,106489,Automatic,Hybrid,Third,15543.15
2022,Kia,Telluride,2.0,35614,Automatic,Diesel,Third,13201.78
2020,Kia,Telluride,2.4,109610,Manual,Electric,Second,13920.43
2017,Kia,Telluride,3.8,48252,Automatic,Diesel,Second,14265.3
2018,Kia,Telluride,3.8,91357,Automatic,Diesel,Third,11321.66
2020,Kia,Telluride,2.4,73062,Manual,Diesel,Third,10147.15
2021,Kia,Telluride,2.4,7808,Automatic,Hybrid,Second,18520.21
2022,Kia,Telluride,2.4,78965,Manual,Electric,Second,18334.14
2017,Kia,Telluride,2.0,112432,Manual,Electric,Third,10214.44
2014,Kia,Telluride,2.4,71120,Automatic,Diesel,Second,7844.4
2016,Kia,Telluride,2.4,88401,Automatic,Hybrid,First,11309.02
2013,Kia,Telluride,2.0,99953,Manual,Electric,First,8181.39
2024,Kia,Telluride,2.0,121756,Manual,Electric,Third,14394.52
2021,Kia,Telluride,2.0,84539,Manual,Hybrid,Second,14180.66
2016,Kia,Telluride,3.8,16478,Automatic,Petrol,Second,13284.99
2020,Kia,Telluride,2.4,114925,Manual,Diesel,Second,10896.22
2021,Kia,Telluride,2.0,29430,Manual,Diesel,First,17947.93
2013,Kia,Telluride,3.8,29358,Manual,Hybrid,Second,10718.25
2014,Kia,Telluride,2.4,34347,Manual,Electric,Third,7506.85
2024,Kia,Telluride,3.8,60714,Automatic,Hybrid,First,27496.25
2021,Kia,Telluride,2.0,22705,Automatic,Petrol,First,18634.24
2021,Kia,Telluride,2.4,61852,Manual,Diesel,Third,11221.93
2024,Kia,Telluride,3.8,105643,Automatic,Petrol,First,20232.65
2023,Kia,Telluride,3.8,128640,Automatic,Diesel,First,20485.52
2023,Kia,Telluride,2.4,43850,Manual,Electric,First,23988.01
2021,Kia,Telluride,3.8,96679,Manual,Hybrid,First,19738.75
2013,Kia,Telluride,2.4,51003,Manual,Diesel,Third,4102.06
2014,Kia,Telluride,3.8,77658,Automatic,Petrol,Second,6840.4
2017,Kia,Telluride,2.0,48048,Manual,Electric,Third,10775.26
2016,Kia,Telluride,3.8,110332,Manual,Diesel,First,9812.24
2017,Kia,Telluride,2.0,23840,Automatic,Electric,Second,16725.11
2020,Kia,Telluride,2.4,14502,Manual,Hybrid,First,17348.0
2015,Kia,Telluride,2.0,36328,Automatic,Hybrid,Second,11620.5
2016,Kia,Telluride,2.0,44250,Manual,Diesel,Third,8241.77
2017,Kia,Telluride,2.0,12896,Manual,Electric,Second,15096.99
2023,Kia,Telluride,3.8,107872,Manual,Petrol,Second,15209.16
2018,Kia,Telluride,2.4,13142,Automatic,Electric,First,20075.67
2017,Kia,Telluride,2.4,18298,Manual,Electric,First,18247.81
2015,Kia,Telluride,3.8,19729,Automatic,Hybrid,First,17593.26
2015,Kia,EV6,3.8,89309,Automatic,Hybrid,Third,9760.74
2020,Kia,EV6,2.0,8988,Automatic,Hybrid,First,20214.54
2018,Kia,EV6,2.0,86483,Manual,Petrol,First,11417.16
2017,Kia,EV6,3.8,79695,Manual,Electric,Second,13698.29
2013,Kia,EV6,2.0,44397,Manual,Hybrid,Second,8009.54
2015,Kia,EV6,2.0,102816,Automatic,Electric,Second,10717.39
2019,Kia,EV6,2.0,51263,Automatic,Hybrid,Second,13951.59
2023,Kia,EV6,3.8,62132,Automatic,Diesel,First,21565.48
2014,Kia,EV6,2.4,12527,Automatic,Petrol,Third,5435.1
2018,Kia,EV6,2.0,120125,Manual,Electric,Third,9341.88
2024,Kia,EV6,3.8,14624,Automatic,Petrol,First,24069.16
2013,Kia,EV6,2.0,109387,Automatic,Electric,Second,8854.9
2014,Kia,EV6,2.4,62222,Automatic,Petrol,Third,6593.58
2014,Kia,EV6,2.4,24045,Manual,Diesel,Third,7307.23
2021,Kia,EV6,2.0,97578,Automatic,Petrol,Third,10390.0
2016,Kia,EV6,2.4,129039,Automatic,Hybrid,Third,7891.78
2022,Kia,EV6,3.8,17356,Manual,Electric,First,24494.72
2018,Kia,EV6,2.0,74007,Manual,Diesel,Second,9930.48
2023,Kia,EV6,2.0,129939,Automatic,Electric,Second,19209.71
2024,Kia,EV6,3.8,80568,Automatic,Diesel,First,23636.57
2021,Kia,EV6,3.8,43177,Automatic,Hybrid,Second,19043.44
2020,Kia,EV6,2.4,3177,Automatic,Electric,Third,16867.32
2023,Kia,EV6,2.4,95679,Automatic,Hybrid,Third,15498.85
2017,Kia,EV6,2.4,110919,Manual,Petrol,First,8189.75
2018,Kia,EV6,3.8,93528,Automatic,Petrol,Second,10466.35
2024,Kia,EV6,3.8,51554,Manual,Diesel,Second,19202.28
2020,Kia,EV6,2.0,102391,Manual,Petrol,First,11625.32
2018,Kia,EV6,2.0,122645,Automatic,Petrol,First,9655.15
2016,Kia,EV6,2.4,97142,Automatic,Petrol,Second,9479.83
2018,Kia,EV6,2.4,95330,Automatic,Electric,First,14729.39
2019,Kia,EV6,2.4,88139,Manual,Hybrid,First,14911.11
2013,Kia,EV6,2.0,87250,Automatic,Diesel,Third,4251.08
2022,Kia,EV6,2.4,96049,Manual,Hybrid,First,17111.8
2015,Kia,EV6,2.4,79682,Manual,Electric,Third,9647.61
2017,Kia,EV6,2.4,58679,Manual,Hybrid,Second,12133.44
2013,Kia,EV6,2.0,4391,Automatic,Hybrid,First,12470.71
2019,Kia,EV6,2.0,88837,Automatic,Petrol,Second,9823.08
2014,Kia,EV6,3.8,27152,Manual,Hybrid,Third,9198.29
2021,Kia,EV6,2.4,114036,Manual,Diesel,Third,10762.99
2015,Kia,EV6,3.8,95597,Manual,Electric,Second,11380.54
2015,Kia,EV6,2.4,58850,Automatic,Hybrid,First,12016.53
2019,Kia,EV6,3.8,43281,Manual,Electric,First,20510.37
2024,Kia,EV6,2.0,69760,Automatic,Petrol,Second,17160.84
2018,Kia,EV6,2.0,5412,Manual,Diesel,Second,11581.86
2023,Kia,EV6,2.0,8804,Manual,Hybrid,Second,19289.22
2016,Kia,EV6,2.4,65524,Manual,Hybrid,Second,10103.27
2021,Kia,EV6,3.8,88065,Automatic,Diesel,Third,14647.51
2019,Kia,EV6,2.0,81812,Manual,Hybrid,First,14458.64
2015,Kia,EV6,2.4,94618,Manual,Hybrid,Second,8735.27
2017,Kia,EV6,3.8,38151,Manual,Hybrid,First,16664.09
2022,Kia,EV6,2.4,33360,Automatic,Diesel,Third,13393.81
2023,Kia,EV6,2.0,89880,Automatic,Hybrid,Third,13343.21
2013,Kia,EV6,2.4,108004,Manual,Hybrid,First,5867.68
2023,Kia,EV6,3.8,29952,Manual,Diesel,Second,18477.64
2019,Kia,EV6,2.0,89070,Manual,Electric,Second,14019.54
2021,Kia,EV6,3.8,90054,Automatic,Diesel,First,18352.99
2015,Kia,EV6,3.8,66820,Manual,Electric,Second,12676.91
2013,Kia,EV6,2.0,6193,Automatic,Diesel,First,9959.56
2016,Kia,EV6,2.4,20474,Manual,Diesel,Third,7965.3
2021,Kia,EV6,2.0,70963,Manual,Petrol,Second,13443.12
2020,Kia,EV6,2.4,120037,Manual,Petrol,Second,10087.93
2015,Kia,EV6,3.8,119413,Automatic,Electric,Second,11244.31
2019,Kia,EV6,3.8,71249,Manual,Hybrid,Third,10861.9
2014,Kia,EV6,2.4,32580,Manual,Petrol,Third,5181.99
2016,Kia,EV6,3.8,39091,Manual,Electric,First,15508.57
2017,Kia,EV6,2.4,84840,Manual,Hybrid,Third,8650.32
2018,Kia,EV6,2.0,13944,Automatic,Petrol,Second,11092.92
2016,Kia,EV6,3.8,119801,Manual,Electric,Third,10942.81
2018,Kia,EV6,3.8,4109,Manual,Diesel,Third,10896.01
2017,Kia,EV6,2.0,76997,Automatic,Diesel,Second,9430.5
2016,Kia,EV6,2.0,16097,Automatic,Electric,First,16150.57
2016,Kia,EV6,2.0,46252,Manual,Hybrid,First,11433.4
2020,Kia,EV6,3.8,5496,Manual,Electric,Third,16019.12
2020,Kia,EV6,3.8,79682,Automatic,Diesel,Second,14499.42
2020,Kia,EV6,2.0,31224,Manual,Diesel,Second,14315.91
2016,Kia,EV6,2.0,15854,Automatic,Diesel,Second,11089.04
2020,Kia,EV6,2.0,9078,Automatic,Diesel,Second,16533.83
2017,Kia,EV6,2.0,28425,Manual,Diesel,Second,10969.64
2018,Kia,EV6,3.8,45478,Automatic,Electric,First,21797.58
2021,Kia,EV6,2.4,78604,Manual,Hybrid,First,17356.32
2020,Kia,Stinger,3.8,30641,Automatic,Electric,First,24804.39
2014,Kia,Stinger,2.0,112727,Manual,Electric,First,10246.59
2014,Kia,Stinger,2.0,116554,Manual,Petrol,First,4002.75
2024,Kia,Stinger,2.0,116674,Automatic,Hybrid,First,21589.11
2016,Kia,Stinger,2.0,78672,Manual,Hybrid,Second,8574.97
2015,Kia,Stinger,3.8,49169,Automatic,Hybrid,First,13668.27
2015,Kia,Stinger,2.0,82630,Manual,Hybrid,Third,4679.67
2024,Kia,Stinger,2.0,12876,Manual,Electric,Third,18680.67
2021,Kia,Stinger,3.8,129097,Automatic,Electric,Second,19214.45
2015,Kia,Stinger,3.8,82834,Manual,Diesel,Third,7805.88
2016,Kia,Stinger,2.0,58237,Manual,Electric,First,13037.53
2022,Kia,Stinger,2.4,117147,Automatic,Hybrid,Second,16909.81
2020,Kia,Stinger,2.0,110407,Manual,Petrol,Second,9004.81
2017,Kia,Stinger,2.0,10236,Manual,Hybrid,First,15633.78
2020,Kia,Stinger,3.8,104831,Automatic,Petrol,First,16145.79
2013,Kia,Stinger,2.4,108428,Automatic,Electric,First,9626.73
2019,Kia,Stinger,3.8,124074,Manual,Electric,Second,15407.06
2024,Kia,Stinger,2.0,77222,Automatic,Petrol,First,20041.94
2014,Kia,Stinger,2.4,70678,Automatic,Electric,First,12994.18
2020,Kia,Stinger,2.4,51014,Automatic,Electric,Second,16639.34
2021,Kia,Stinger,2.0,108909,Automatic,Hybrid,First,16755.87
2024,Kia,Stinger,2.4,45500,Automatic,Electric,Third,18802.54
2015,Kia,Stinger,2.0,39951,Automatic,Petrol,Second,7844.22
2015,Kia,Stinger,3.8,91907,Manual,Electric,First,14091.46
2019,Kia,Stinger,2.4,75593,Automatic,Diesel,Third,10570.31
2019,Kia,Stinger,2.0,19696,Automatic,Petrol,First,14915.89
2014,Kia,Stinger,2.0,111061,Automatic,Petrol,Third,2572.86
2019,Kia,Stinger,3.8,128676,Manual,Electric,First,16126.59
2013,Kia,Stinger,2.4,96505,Manual,Electric,First,10010.97
2014,Kia,Stinger,2.0,31484,Manual,Petrol,Second,4818.15
2014,Kia,Stinger,2.4,32205,Manual,Electric,Third,9290.48
2023,Kia,Stinger,3.8,83147,Automatic,Hybrid,Second,19762.24
2018,Kia,Stinger,2.4,57428,Automatic,Electric,Third,12984.22
2021,Kia,Stinger,3.8,53298,Automatic,Petrol,Third,15508.67
2017,Kia,Stinger,2.4,52179,Automatic,Diesel,Second,12132.86
2013,Kia,Stinger,2.0,95248,Manual,Hybrid,First,7218.84
2019,Kia,Stinger,2.4,6045,Automatic,Diesel,Third,14674.81
2013,Kia,Stinger,3.8,128919,Automatic,Electric,Second,9560.99
2016,Kia,Stinger,3.8,32623,Automatic,Diesel,First,14204.67
2022,Kia,Stinger,2.0,116684,Manual,Petrol,Second,10351.43
2020,Kia,Stinger,3.8,113283,Automatic,Hybrid,First,18945.53
2020,Kia,Stinger,2.0,9719,Manual,Diesel,First,14801.26
2024,Kia,Stinger,2.4,60320,Manual,Petrol,Third,14708.64
2014,Kia,Stinger,2.0,64966,Automatic,Petrol,Second,7516.57
2023,Kia,Stinger,3.8,107440,Manual,Hybrid,Third,15133.32
2024,Kia,Stinger,2.4,117439,Automatic,Electric,Third,17284.9
2021,Kia,Stinger,2.4,128981,Automatic,Diesel,Third,12566.19
2014,Kia,Stinger,3.8,44588,Automatic,Hybrid,Second,12193.56
2016,Kia,Stinger,2.0,65284,Manual,Electric,First,12675.27
2014,Kia,Stinger,3.8,125793,Automatic,Hybrid,First,8992.34
2024,Kia,Stinger,3.8,32482,Manual,Petrol,First,23313.81
2013,Kia,Stinger,2.0,100143,Automatic,Diesel,Third,3481.93
2016,Kia,Stinger,2.4,79810,Manual,Diesel,Second,8516.4
2015,Kia,Stinger,2.4,42913,Automatic,Electric,First,14585.06
2013,Kia,Stinger,2.0,94428,Automatic,Electric,Second,8427.35
2013,Kia,Stinger,2.0,122896,Automatic,Electric,Second,8561.57
2013,Kia,Stinger,2.4,96186,Manual,Diesel,Third,2459.74
2016,Kia,Stinger,3.8,29690,Automatic,Electric,Third,13180.44
2022,Kia,Stinger,3.8,50442,Automatic,Petrol,First,19342.98
2023,Kia,Stinger,3.8,117262,Manual,Hybrid,First,20261.02
2018,Kia,Stinger,2.4,41217,Manual,Electric,First,17116.23
2015,Kia,Stinger,3.8,96722,Automatic,Electric,First,13922.45
2021,Kia,Stinger,3.8,35031,Manual,Diesel,First,19077.46
2016,Kia,Stinger,2.0,9745,Automatic,Diesel,Third,9277.35
2021,Kia,Stinger,3.8,58228,Automatic,Petrol,Second,16018.92
2021,Kia,Stinger,3.8,63865,Manual,Diesel,First,18426.24
2014,Kia,Stinger,2.0,67225,Automatic,Petrol,First,6937.55
2018,Kia,Stinger,3.8,27725,Manual,Petrol,Second,13028.47
2020,Kia,Stinger,3.8,123677,Automatic,Diesel,Third,11338.72
2022,Kia,Stinger,3.8,124383,Automatic,Electric,Second,20287.52
2023,Kia,Stinger,2.4,105029,Manual,Petrol,Second,13156.49
2018,Kia,Stinger,2.4,72721,Automatic,Petrol,Second,9996.68
2021,Kia,Stinger,2.4,6157,Manual,Petrol,Second,16381.89
2024,Kia,Stinger,3.8,98106,Automatic,Petrol,Second,18263.11
2019,Kia,Stinger,2.4,123076,Automatic,Diesel,Second,11023.61
2019,Kia,Stinger,3.8,51179,Automatic,Electric,First,22866.09
2016,Kia,Stinger,2.4,128334,Manual,Electric,First,13401.91
2021,Kia,Stinger,3.8,80491,Automatic,Petrol,Second,15349.73
2017,Kia,Stinger,2.4,95176,Manual,Hybrid,Second,10114.44
2019,Kia,Stinger,2.0,85765,Automatic,Petrol,First,12963.33
2021,Mazda,Mazda6,2.0,14229,Automatic,Petrol,Third,12753.63
2015,Mazda,Mazda6,2.0,16445,Manual,Diesel,Third,8002.74
2015,Mazda,Mazda6,2.0,105190,Automatic,Petrol,First,7348.64
2014,Mazda,Mazda6,2.5,99231,Manual,Petrol,Second,3476.72
2016,Mazda,Mazda6,2.0,4299,Automatic,Electric,First,17144.88
2022,Mazda,Mazda6,2.0,50785,Manual,Electric,Second,18333.79
2019,Mazda,Mazda6,2.0,36871,Manual,Electric,Third,11289.72
2023,Mazda,Mazda6,2.5,41809,Automatic,Hybrid,First,21612.49
2017,Mazda,Mazda6,2.5,48329,Automatic,Petrol,First,11897.46
2015,Mazda,Mazda6,2.0,90745,Automatic,Diesel,First,8260.73
2022,Mazda,Mazda6,2.0,95959,Manual,Hybrid,Second,13850.18
2015,Mazda,Mazda6,2.0,110406,Automatic,Hybrid,Third,6130.49
2013,Mazda,Mazda6,2.5,58509,Automatic,Hybrid,First,9605.32
2022,Mazda,Mazda6,2.5,43706,Automatic,Diesel,Third,12408.77
2023,Mazda,Mazda6,2.0,87053,Manual,Diesel,First,16556.29
2023,Mazda,Mazda6,2.5,41597,Manual,Hybrid,Third,14763.78
2018,Mazda,Mazda6,2.0,91266,Manual,Electric,Second,12474.16
2022,Mazda,Mazda6,2.0,84197,Manual,Electric,First,18592.86
2021,Mazda,Mazda6,2.0,67936,Automatic,Petrol,Third,10871.49
2024,Mazda,Mazda6,2.0,112756,Automatic,Hybrid,Second,15530.28
2019,Mazda,Mazda6,2.0,128475,Manual,Petrol,Second,6752.24
2023,Mazda,Mazda6,2.0,70468,Manual,Diesel,Third,12379.04
2018,Mazda,Mazda6,2.5,13207,Manual,Petrol,Third,9261.16
2014,Mazda,Mazda6,2.5,18178,Automatic,Diesel,First,11554.98
2020,Mazda,Mazda6,2.5,7991,Automatic,Petrol,First,17554.99
2013,Mazda,Mazda6,2.0,4610,Automatic,Petrol,First,8455.94
2019,Mazda,Mazda6,2.5,69156,Manual,Electric,Second,14330.95
2013,Mazda,Mazda6,2.0,96465,Manual,Diesel,Second,3037.08
2024,Mazda,Mazda6,2.5,11070,Automatic,Diesel,Second,18850.54
2014,Mazda,Mazda6,2.0,96703,Manual,Electric,Second,8220.3
2016,Mazda,Mazda6,2.0,53551,Manual,Petrol,First,7904.53
2014,Mazda,Mazda6,2.5,76071,Automatic,Electric,Second,11524.56
2016,Mazda,Mazda6,2.5,119439,Manual,Petrol,Second,6636.96
2014,Mazda,Mazda6,2.5,25694,Automatic,Diesel,Second,9094.12
2020,Mazda,Mazda6,2.0,61068,Automatic,Electric,Second,16865.14
2019,Mazda,Mazda6,2.5,115947,Automatic,Hybrid,First,13400.83
2020,Mazda,Mazda6,2.0,69795,Manual,Petrol,First,12948.27
2021,Mazda,Mazda6,2.0,34635,Manual,Diesel,Second,12737.68
2018,Mazda,Mazda6,2.0,87401,Automatic,Electric,First,15078.09
2020,Mazda,Mazda6,2.0,96606,Manual,Petrol,Second,10463.58
2014,Mazda,Mazda6,2.5,84563,Automatic,Hybrid,Second,9049.52
2023,Mazda,Mazda6,2.5,113007,Automatic,Diesel,Third,11184.88
2013,Mazda,Mazda6,2.0,122359,Automatic,Diesel,Third,3537.47
2024,Mazda,Mazda6,2.0,14164,Manual,Hybrid,Second,18002.32
2022,Mazda,Mazda6,2.0,35869,Manual,Diesel,Third,13109.88
2019,Mazda,Mazda6,2.0,43975,Automatic,Diesel,Second,12228.97
2018,Mazda,Mazda6,2.5,106312,Automatic,Electric,Second,14919.19
2013,Mazda,Mazda6,2.0,38022,Automatic,Diesel,Second,5534.75
2023,Mazda,Mazda6,2.0,33937,Manual,Hybrid,Second,17066.08
2015,Mazda,Mazda6,2.5,21155,Automatic,Electric,Third,11700.58
2016,Mazda,Mazda6,2.0,124938,Manual,Diesel,First,6238.57
2017,Mazda,Mazda6,2.0,86883,Manual,Petrol,Third,5672.67
2023,Mazda,Mazda6,2.0,63325,Manual,Hybrid,First,20754.91
2020,Mazda,Mazda6,2.0,94628,Manual,Petrol,Third,7071.32
2016,Mazda,Mazda6,2.5,80131,Automatic,Petrol,Second,8843.47
2024,Mazda,Mazda6,2.5,26988,Automatic,Hybrid,Third,16859.1
2018,Mazda,Mazda6,2.5,116158,Manual,Hybrid,Second,9441.22
2017,Mazda,Mazda6,2.0,128085,Manual,Electric,Second,10572.75
2021,Mazda,Mazda6,2.5,113150,Automatic,Electric,Second,17653.42
2021,Mazda,Mazda6,2.0,6981,Automatic,Hybrid,Second,16974.32
2017,Mazda,Mazda6,2.5,96046,Automatic,Hybrid,Third,9373.62
2013,Mazda,Mazda6,2.5,27105,Automatic,Hybrid,Third,9234.86
2023,Mazda,Mazda6,2.0,36339,Manual,Hybrid,Third,14763.55
2014,Mazda,Mazda6,2.5,53222,Manual,Electric,Third,7555.51
2018,Mazda,Mazda6,2.5,3157,Automatic,Electric,Third,13604.06
2018,Mazda,Mazda6,2.0,77493,Manual,Petrol,Third,7776.27
2017,Mazda,Mazda6,2.5,33247,Manual,Diesel,First,11569.24
2022,Mazda,Mazda6,2.5,97499,Manual,Hybrid,First,17250.47
2023,Mazda,Mazda6,2.5,77962,Automatic,Electric,First,23622.55
2023,Mazda,Mazda6,2.5,78494,Manual,Diesel,Second,14919.14
2021,Mazda,Mazda6,2.5,121396,Automatic,Petrol,Second,10280.42
2013,Mazda,Mazda6,2.0,36368,Automatic,Electric,Second,10448.45
2023,Mazda,Mazda6,2.0,14580,Automatic,Diesel,Third,14507.81
2020,Mazda,Mazda6,2.0,4754,Automatic,Diesel,Third,12881.17
2024,Mazda,Mazda6,2.5,3025,Automatic,Diesel,First,24148.22
2024,Mazda,Mazda6,2.0,98464,Automatic,Diesel,First,17584.44
2021,Mazda,Mazda6,2.0,89065,Manual,Petrol,Second,10766.5
2017,Mazda,Mazda6,2.0,78263,Manual,Hybrid,Second,8238.11
2019,Mazda,Mazda6,2.5,45044,Automatic,Petrol,Third,10919.84
2017,Mazda,Mazda6,2.5,90332,Manual,Petrol,First,8135.13
2016,Mazda,CX-5,2.0,10347,Automatic,Diesel,Second,9803.81
2019,Mazda,CX-5,2.0,115349,Manual,Electric,Second,10980.05
2014,Mazda,CX-5,2.5,72034,Manual,Petrol,Second,5664.67
2013,Mazda,CX-5,2.0,42666,Automatic,Diesel,Third,4814.91
2019,Mazda,CX-5,2.0,100447,Automatic,Hybrid,Third,10461.6
2019,Mazda,CX-5,2.5,23058,Automatic,Diesel,First,15412.43
2024,Mazda,CX-5,2.0,68549,Manual,Hybrid,First,19991.52
2022,Mazda,CX-5,2.0,13423,Manual,Hybrid,First,20598.27
2014,Mazda,CX-5,2.0,60392,Automatic,Electric,Second,10727.55
2014,Mazda,CX-5,2.5,24063,Automatic,Diesel,First,10139.65
2019,Mazda,CX-5,2.0,44666,Manual,Diesel,Second,12335.85
2013,Mazda,CX-5,2.0,51016,Automatic,Diesel,Third,4168.87
2020,Mazda,CX-5,2.5,60279,Automatic,Petrol,Third,11358.15
2015,Mazda,CX-5,2.5,62753,Manual,Petrol,Third,6036.35
2022,Mazda,CX-5,2.0,85816,Manual,Hybrid,First,19662.8
2016,Mazda,CX-5,2.0,128560,Automatic,Petrol,Third,4544.68
2021,Mazda,CX-5,2.5,38903,Manual,Electric,First,21334.0
2016,Mazda,CX-5,2.5,119217,Manual,Diesel,Second,7184.71
2013,Mazda,CX-5,2.5,116044,Automatic,Electric,First,9336.29
2021,Mazda,CX-5,2.5,83464,Manual,Diesel,Third,9753.99
2013,Mazda,CX-5,2.0,54213,Automatic,Diesel,Second,5734.91
2024,Mazda,CX-5,2.5,32107,Automatic,Hybrid,Third,16586.19
2018,Mazda,CX-5,2.5,119637,Manual,Electric,Third,8530.87
2022,Mazda,CX-5,2.0,129194,Automatic,Hybrid,Third,13070.07
2016,Mazda,CX-5,2.5,47016,Manual,Diesel,Second,8378.98
2022,Mazda,CX-5,2.0,10420,Manual,Diesel,Third,13693.52
2024,Mazda,CX-5,2.0,99597,Manual,Diesel,Second,13403.59
2020,Mazda,CX-5,2.0,20572,Manual,Hybrid,Third,12397.32
2022,Mazda,CX-5,2.0,16595,Manual,Electric,First,22106.94
2016,Mazda,CX-5,2.0,59987,Manual,Electric,Second,10402.45
2017,Mazda,CX-5,2.5,113710,Manual,Petrol,Second,5400.92
2014,Mazda,CX-5,2.0,58814,Manual,Hybrid,Second,6386.83
2014,Mazda,CX-5,2.5,9401,Automatic,Diesel,Second,8721.09
2024,Mazda,CX-5,2.0,65890,Automatic,Petrol,Second,16287.49
2018,Mazda,CX-5,2.5,84395,Manual,Petrol,Second,10526.52
2019,Mazda,CX-5,2.0,102432,Automatic,Diesel,First,12962.78
2021,Mazda,CX-5,2.5,21080,Automatic,Hybrid,Second,18241.64
2016,Mazda,CX-5,2.0,79716,Automatic,Electric,Second,11297.9
2020,Mazda,CX-5,2.5,29361,Automatic,Hybrid,First,20660.06
2022,Mazda,CX-5,2.0,52257,Automatic,Hybrid,Second,18471.12
2020,Mazda,CX-5,2.5,120926,Automatic,Hybrid,Second,14559.8
2017,Mazda,CX-5,2.5,56734,Manual,Diesel,Third,8592.54
2017,Mazda,CX-5,2.5,120526,Automatic,Electric,Second,11733.06
2013,Mazda,CX-5,2.0,80419,Manual,Petrol,Second,2509.62
2014,Mazda,CX-5,2.0,59929,Manual,Petrol,Second,6496.63
2018,Mazda,CX-5,2.5,107152,Automatic,Petrol,Second,9254.32
2021,Mazda,CX-5,2.0,21082,Manual,Hybrid,First,19254.26
2020,Mazda,CX-5,2.0,70004,Automatic,Petrol,Third,10554.87
2021,Mazda,CX-5,2.5,17462,Manual,Hybrid,Third,15224.11
2021,Mazda,CX-5,2.5,39738,Automatic,Petrol,Second,14125.05
2019,Mazda,CX-5,2.0,51675,Automatic,Hybrid,Second,15193.59
2019,Mazda,CX-5,2.5,13001,Automatic,Diesel,First,17140.89
2016,Mazda,CX-5,2.0,98946,Automatic,Electric,Third,9946.74
2021,Mazda,CX-5,2.5,43927,Automatic,Electric,First,21846.3
2023,Mazda,CX-5,2.0,46570,Manual,Diesel,Second,14599.32
2016,Mazda,CX-5,2.5,37105,Automatic,Diesel,First,10522.2
2014,Mazda,CX-5,2.5,12779,Automatic,Electric,Third,10376.78
2016,Mazda,CX-5,2.0,55832,Automatic,Hybrid,Third,9750.88
2021,Mazda,CX-5,2.5,15626,Manual,Hybrid,Third,15682.39
2018,Mazda,CX-5,2.0,67495,Manual,Hybrid,Second,9624.73
2022,Mazda,CX-5,2.0,83616,Automatic,Hybrid,Third,14330.76
2014,Mazda,CX-5,2.5,6063,Manual,Petrol,First,7853.84
2022,Mazda,CX-5,2.0,124768,Automatic,Electric,Second,17302.04
2017,Mazda,CX-5,2.5,7957,Manual,Petrol,Third,8969.3
2017,Mazda,CX-5,2.5,129054,Automatic,Petrol,First,8746.25
2020,Mazda,CX-5,2.0,30780,Manual,Diesel,Second,12276.09
2019,Mazda,CX-5,2.5,129962,Manual,Electric,Second,12330.51
2014,Mazda,CX-5,2.0,75870,Automatic,Electric,First,10760.43
2022,Mazda,CX-5,2.0,125793,Automatic,Diesel,First,14971.5
2016,Mazda,CX-5,2.5,112327,Automatic,Diesel,Second,8302.22
2021,Mazda,CX-5,2.5,56603,Automatic,Petrol,Second,13788.95
2021,Mazda,CX-5,2.5,87409,Automatic,Petrol,Third,9754.3
2018,Mazda,CX-5,2.5,31512,Manual,Petrol,Second,8881.31
2013,Mazda,CX-5,2.5,28456,Automatic,Hybrid,Second,8728.73
2022,Mazda,CX-5,2.0,73363,Manual,Hybrid,First,18469.09
2024,Mazda,CX-5,2.0,117583,Automatic,Petrol,Second,15185.94
2018,Mazda,CX-5,2.0,50852,Manual,Hybrid,First,13738.75
2016,Mazda,CX-5,2.5,126976,Automatic,Hybrid,Second,9131.99
2016,Mazda,CX-5,2.5,34514,Manual,Petrol,Third,5806.61
2022,Mazda,CX-5,2.5,21803,Automatic,Hybrid,First,23873.66
2020,Mazda,CX-9,2.5,116627,Automatic,Hybrid,Second,12499.99
2022,Mazda,CX-9,2.5,41087,Manual,Hybrid,First,19972.91
2015,Mazda,CX-9,2.5,93723,Automatic,Electric,First,12593.37
2022,Mazda,CX-9,2.5,115034,Manual,Electric,Third,13260.7
2015,Mazda,CX-9,2.5,74420,Automatic,Diesel,Third,5972.84
2024,Mazda,CX-9,2.0,49318,Manual,Electric,Third,16048.08
2024,Mazda,CX-9,2.5,77673,Automatic,Petrol,Second,16366.41
2013,Mazda,CX-9,2.0,17197,Automatic,Petrol,Third,4702.27
2014,Mazda,CX-9,2.0,117531,Manual,Diesel,First,2453.29
2018,Mazda,CX-9,2.5,114718,Manual,Diesel,Third,7074.09
2017,Mazda,CX-9,2.5,11715,Automatic,Diesel,Third,10036.49
2019,Mazda,CX-9,2.5,34575,Automatic,Hybrid,First,17763.03
2021,Mazda,CX-9,2.0,126329,Automatic,Electric,First,18263.78
2023,Mazda,CX-9,2.5,111363,Manual,Hybrid,First,18467.95
2017,Mazda,CX-9,2.5,54567,Automatic,Petrol,First,11553.29
2021,Mazda,CX-9,2.0,129191,Automatic,Electric,Second,15521.47
2013,Mazda,CX-9,2.0,95089,Automatic,Diesel,First,5357.07
2015,Mazda,CX-9,2.5,29947,Automatic,Electric,Third,9575.25
2018,Mazda,CX-9,2.0,83045,Automatic,Petrol,First,10315.31
2023,Mazda,CX-9,2.5,33593,Manual,Diesel,First,19455.13
2017,Mazda,CX-9,2.0,53543,Automatic,Hybrid,First,14657.0
2021,Mazda,CX-9,2.0,26940,Manual,Petrol,Third,9969.09
2016,Mazda,CX-9,2.0,39513,Automatic,Hybrid,First,14186.96
2021,Mazda,CX-9,2.5,34589,Automatic,Electric,Third,15709.59
2022,Mazda,CX-9,2.5,40087,Manual,Hybrid,Third,14680.94
2020,Mazda,CX-9,2.5,117245,Manual,Electric,Second,13602.17
2016,Mazda,CX-9,2.5,39751,Manual,Electric,Third,9089.62
2023,Mazda,CX-9,2.5,113397,Automatic,Hybrid,Third,16388.74
2016,Mazda,CX-9,2.5,51844,Manual,Diesel,First,10593.31
2013,Mazda,CX-9,2.5,89688,Automatic,Petrol,First,4416.37
2013,Mazda,CX-9,2.0,60398,Automatic,Petrol,First,6367.33
2013,Mazda,CX-9,2.0,18523,Automatic,Petrol,Second,7443.72
2023,Mazda,CX-9,2.5,73231,Automatic,Electric,First,21945.76
2024,Mazda,CX-9,2.0,102528,Automatic,Electric,Second,18423.71
2019,Mazda,CX-9,2.5,3181,Automatic,Petrol,Third,11895.33
2021,Mazda,CX-9,2.0,77382,Automatic,Electric,First,19058.63
2020,Mazda,CX-9,2.5,96520,Manual,Hybrid,Second,13212.46
2013,Mazda,CX-9,2.0,65017,Manual,Diesel,First,5238.17
2024,Mazda,CX-9,2.5,77095,Automatic,Petrol,Second,19425.62
2020,Mazda,CX-9,2.5,126819,Manual,Hybrid,Second,11984.49
2020,Mazda,CX-9,2.5,60121,Manual,Electric,First,18827.38
2022,Mazda,CX-9,2.0,61190,Automatic,Petrol,Third,10200.14
2019,Mazda,CX-9,2.5,106131,Manual,Electric,Third,10538.21
2024,Mazda,CX-9,2.0,126927,Manual,Electric,Second,16997.84
2023,Mazda,CX-9,2.5,67811,Automatic,Petrol,Third,13393.02
2023,Mazda,CX-9,2.0,78500,Manual,Electric,Second,16359.12
2023,Mazda,CX-9,2.5,117003,Automatic,Electric,First,20668.47
2021,Mazda,CX-9,2.5,56473,Manual,Petrol,First,16046.28
2015,Mazda,CX-9,2.0,94316,Automatic,Diesel,Second,7443.88
2019,Mazda,CX-9,2.0,121544,Automatic,Petrol,Second,9997.07
2023,Mazda,CX-9,2.5,80934,Manual,Electric,Third,15722.69
2023,Mazda,CX-9,2.5,25390,Manual,Diesel,Second,16640.28
2014,Mazda,CX-9,2.0,43149,Automatic,Electric,Third,9354.91
2016,Mazda,CX-9,2.5,79822,Manual,Diesel,Third,4548.46
2014,Mazda,CX-9,2.5,36691,Automatic,Petrol,Third,6525.86
2020,Mazda,CX-9,2.0,90500,Automatic,Petrol,First,12271.35
2023,Mazda,CX-9,2.0,19476,Manual,Petrol,First,16784.62
2017,Mazda,CX-9,2.5,8489,Automatic,Hybrid,Third,13747.03
2019,Mazda,CX-9,2.5,35103,Automatic,Electric,Third,12920.94
2019,Mazda,CX-9,2.5,14355,Automatic,Diesel,First,17122.82
2024,Mazda,CX-9,2.0,53094,Manual,Petrol,Third,13614.32
2013,Mazda,CX-9,2.5,102185,Automatic,Petrol,Second,4880.84
2017,Mazda,CX-9,2.0,16042,Manual,Electric,First,14709.48
2021,Mazda,CX-9,2.5,4011,Manual,Petrol,Third,11870.27
2013,Mazda,CX-9,2.0,64557,Manual,Electric,Second,6899.82
2024,Mazda,CX-9,2.5,93552,Automatic,Hybrid,Third,16021.77
2016,Mazda,CX-9,2.5,7178,Automatic,Petrol,First,13044.78
2018,Mazda,CX-9,2.0,46962,Automatic,Electric,First,18173.29
2014,Mazda,CX-9,2.5,57165,Automatic,Petrol,Second,6239.91
2018,Mazda,CX-9,2.0,101956,Automatic,Electric,Third,11377.76
2016,Mazda,CX-9,2.0,75289,Manual,Diesel,First,6636.11
2014,Mazda,CX-9,2.0,116684,Manual,Hybrid,Third,3862.32
2016,Mazda,CX-9,2.0,70418,Manual,Electric,Second,11360.58
2019,Mazda,CX-9,2.5,55848,Automatic,Hybrid,Third,11661.63
2019,Mazda,CX-9,2.0,118571,Manual,Diesel,Second,8837.8
2021,Mazda,CX-9,2.5,90028,Automatic,Electric,Third,15629.34
2018,Mazda,CX-9,2.5,98400,Manual,Hybrid,Second,12240.55
2017,Mazda,CX-9,2.0,114817,Manual,Petrol,Third,6407.35
2024,Mazda,CX-9,2.0,3576,Manual,Hybrid,First,22725.3
2024,Mazda,CX-9,2.0,73504,Manual,Petrol,Third,12201.88
2016,Mazda,Mazda3,2.5,19492,Manual,Hybrid,First,13007.88
2014,Mazda,Mazda3,2.5,82109,Manual,Petrol,Third,5168.7
2019,Mazda,Mazda3,2.0,117785,Automatic,Hybrid,First,14172.87
2020,Mazda,Mazda3,2.0,45365,Automatic,Hybrid,Second,14679.77
2021,Mazda,Mazda3,2.0,71459,Manual,Petrol,First,12759.05
2019,Mazda,Mazda3,2.5,97406,Automatic,Hybrid,Second,12682.4
2015,Mazda,Mazda3,2.0,42293,Automatic,Electric,First,15581.01
2014,Mazda,Mazda3,2.5,45886,Manual,Hybrid,Third,6512.57
2024,Mazda,Mazda3,2.0,82686,Manual,Petrol,Second,12314.13
2021,Mazda,Mazda3,2.0,97204,Automatic,Petrol,First,14965.97
2014,Mazda,Mazda3,2.5,77346,Automatic,Electric,Third,8487.64
2019,Mazda,Mazda3,2.0,84559,Automatic,Petrol,First,12089.93
2024,Mazda,Mazda3,2.0,94465,Manual,Electric,Second,17207.47
2020,Mazda,Mazda3,2.5,73719,Manual,Petrol,Second,12905.54
2017,Mazda,Mazda3,2.0,11359,Automatic,Hybrid,First,15492.75
2014,Mazda,Mazda3,2.5,115849,Automatic,Petrol,Second,3895.6
2016,Mazda,Mazda3,2.5,102509,Manual,Hybrid,Second,9442.19
2018,Mazda,Mazda3,2.0,85169,Automatic,Electric,Third,12603.14
2023,Mazda,Mazda3,2.0,70751,Manual,Petrol,First,16914.9
2015,Mazda,Mazda3,2.0,16554,Manual,Diesel,Second,8593.64
2023,Mazda,Mazda3,2.0,114619,Manual,Hybrid,First,18274.2
2013,Mazda,Mazda3,2.0,53891,Automatic,Petrol,First,5790.54
2019,Mazda,Mazda3,2.5,24628,Automatic,Hybrid,Third,14263.24
2015,Mazda,Mazda3,2.5,59004,Manual,Electric,First,13815.21
2015,Mazda,Mazda3,2.5,101038,Automatic,Hybrid,Second,7410.98
2017,Mazda,Mazda3,2.5,58829,Automatic,Hybrid,Second,13058.11
2023,Mazda,Mazda3,2.5,106240,Automatic,Diesel,Third,13847.01
2018,Mazda,Mazda3,2.5,8364,Automatic,Electric,Second,16819.12
2020,Mazda,Mazda3,2.0,110761,Manual,Petrol,Third,6883.53
2018,Mazda,Mazda3,2.0,79963,Automatic,Diesel,First,11699.13
2024,Mazda,Mazda3,2.5,96762,Manual,Electric,Second,18519.24
2020,Mazda,Mazda3,2.0,54492,Automatic,Petrol,Third,9825.83
2020,Mazda,Mazda3,2.5,59849,Manual,Petrol,First,12940.5
2020,Mazda,Mazda3,2.5,107594,Manual,Hybrid,Second,13440.17
2024,Mazda,Mazda3,2.0,16305,Manual,Diesel,First,20842.16
2021,Mazda,Mazda3,2.0,6979,Manual,Hybrid,Second,17576.13
2019,Mazda,Mazda3,2.5,54799,Automatic,Petrol,Third,10850.55
2015,Mazda,Mazda3,2.5,127914,Automatic,Petrol,Second,5815.15
2022,Mazda,Mazda3,2.0,20519,Automatic,Diesel,First,18784.08
2017,Mazda,Mazda3,2.0,81284,Manual,Electric,Second,10454.02
2020,Mazda,Mazda3,2.5,58221,Automatic,Diesel,Second,12358.9
2018,Mazda,Mazda3,2.0,115082,Automatic,Hybrid,First,13206.89
2015,Mazda,Mazda3,2.0,14079,Automatic,Diesel,First,10848.53
2024,Mazda,Mazda3,2.0,44968,Manual,Petrol,First,17131.73
2019,Mazda,Mazda3,2.0,121883,Automatic,Hybrid,Third,9810.86
2015,Mazda,Mazda3,2.5,16944,Manual,Electric,Second,14016.28
2023,Mazda,Mazda3,2.5,70289,Automatic,Hybrid,Second,17967.49
2018,Mazda,Mazda3,2.0,78507,Automatic,Hybrid,First,14563.28
2024,Mazda,Mazda3,2.0,95228,Automatic,Hybrid,Third,14543.7
2019,Mazda,Mazda3,2.0,113250,Manual,Petrol,Second,6383.56
2013,Mazda,Mazda3,2.0,99474,Automatic,Diesel,Second,3458.38
2015,Mazda,Mazda3,2.5,37487,Manual,Hybrid,First,11576.21
2021,Mazda,Mazda3,2.5,90789,Automatic,Petrol,Third,10464.49
2023,Mazda,Mazda3,2.0,35914,Automatic,Petrol,Third,14874.03
2018,Mazda,Mazda3,2.5,67320,Automatic,Hybrid,First,13682.1
2016,Mazda,Mazda3,2.5,101558,Automatic,Diesel,Third,7056.45
2016,Mazda,Mazda3,2.5,4044,Manual,Hybrid,Second,11497.74
2017,Mazda,Mazda3,2.5,121553,Manual,Diesel,First,9201.93
2014,Mazda,Mazda3,2.5,33678,Automatic,Electric,Third,10210.72
2015,Mazda,Mazda3,2.0,51613,Automatic,Electric,First,13856.03
2017,Mazda,Mazda3,2.5,105999,Manual,Electric,Third,8798.3
2024,Mazda,Mazda3,2.5,80648,Manual,Diesel,Third,11886.86
2023,Mazda,Mazda3,2.0,94021,Manual,Electric,First,20386.36
2022,Mazda,Mazda3,2.0,4688,Automatic,Hybrid,Third,15626.78
2023,Mazda,Mazda3,2.5,83659,Automatic,Hybrid,First,21253.06
2015,Mazda,Mazda3,2.5,71381,Automatic,Electric,Second,11705.99
2016,Mazda,Mazda3,2.0,52030,Manual,Diesel,First,9271.73
2022,Mazda,Mazda3,2.0,14422,Automatic,Hybrid,First,22421.73
2013,Mazda,Mazda3,2.0,30875,Automatic,Diesel,First,8244.69
2016,Mazda,Mazda3,2.5,90463,Manual,Diesel,Second,8126.18
2023,Mazda,Mazda3,2.5,109973,Automatic,Electric,First,22760.93
2019,Mazda,Mazda3,2.0,38607,Manual,Hybrid,Third,11194.79
2013,Mazda,Mazda3,2.0,15412,Manual,Hybrid,Third,7560.79
2015,Mazda,Mazda3,2.5,126480,Automatic,Hybrid,Second,9037.27
2019,Mazda,Mazda3,2.5,76866,Manual,Electric,Third,10483.54
2017,Mazda,Mazda3,2.5,28712,Manual,Hybrid,Third,10086.79
2022,Mazda,Mazda3,2.5,118824,Manual,Diesel,First,14235.23
2021,Mazda,Mazda3,2.5,93219,Automatic,Diesel,Second,12241.16
2014,Mazda,Mazda3,2.0,4992,Automatic,Electric,Third,10820.04
2022,Mazda,Mazda3,2.0,88520,Manual,Diesel,First,13287.56
2023,Mazda,MX-5,2.5,56510,Manual,Petrol,Second,16008.01
2013,Mazda,MX-5,2.0,35155,Manual,Hybrid,Third,6781.59
2014,Mazda,MX-5,2.0,16160,Automatic,Hybrid,Second,11300.44
2018,Mazda,MX-5,2.0,44819,Automatic,Diesel,First,12627.8
2016,Mazda,MX-5,2.5,110376,Manual,Diesel,Second,6224.26
2015,Mazda,MX-5,2.0,121366,Automatic,Electric,Second,9263.35
2018,Mazda,MX-5,2.0,49252,Automatic,Hybrid,Third,11788.23
2021,Mazda,MX-5,2.0,48216,Automatic,Petrol,First,14845.27
2016,Mazda,MX-5,2.0,44503,Automatic,Hybrid,First,12329.38
2016,Mazda,MX-5,2.5,75052,Manual,Petrol,Third,6081.94
2018,Mazda,MX-5,2.5,32653,Automatic,Petrol,Third,10488.74
2019,Mazda,MX-5,2.5,63117,Automatic,Petrol,Third,9565.42
2021,Mazda,MX-5,2.5,128894,Manual,Hybrid,Third,11236.57
2015,Mazda,MX-5,2.5,35229,Manual,Petrol,Second,6922.48
2023,Mazda,MX-5,2.5,52740,Manual,Diesel,Second,13962.42
2023,Mazda,MX-5,2.5,82738,Manual,Electric,First,21535.17
2024,Mazda,MX-5,2.5,73018,Manual,Electric,First,22866.67
2020,Mazda,MX-5,2.5,90701,Automatic,Diesel,First,13552.23
2020,Mazda,MX-5,2.5,14481,Manual,Electric,Third,14701.3
2022,Mazda,MX-5,2.5,23790,Automatic,Hybrid,First,21570.16
2023,Mazda,MX-5,2.5,20593,Automatic,Petrol,First,21074.58
2015,Mazda,MX-5,2.0,18263,Manual,Electric,Third,9922.92
2015,Mazda,MX-5,2.5,119405,Automatic,Electric,Second,9581.87
2017,Mazda,MX-5,2.5,8628,Manual,Hybrid,Second,11825.25
2024,Mazda,MX-5,2.0,15377,Automatic,Hybrid,First,24101.27
2023,Mazda,MX-5,2.5,86209,Manual,Diesel,Second,13992.2
2017,Mazda,MX-5,2.5,12657,Automatic,Diesel,Second,12304.46
2023,Mazda,MX-5,2.5,66807,Automatic,Petrol,First,19467.8
2021,Mazda,MX-5,2.5,79999,Manual,Hybrid,Third,11924.58
2017,Mazda,MX-5,2.5,88780,Automatic,Electric,First,16297.24
2014,Mazda,MX-5,2.0,74535,Automatic,Diesel,Third,5739.7
2018,Mazda,MX-5,2.0,55360,Manual,Electric,Third,11769.06
2020,Mazda,MX-5,2.5,113168,Manual,Petrol,Second,7952.96
2014,Mazda,MX-5,2.0,6771,Manual,Electric,First,12778.9
2022,Mazda,MX-5,2.0,88432,Automatic,Diesel,Second,14008.72
2021,Mazda,MX-5,2.5,86764,Automatic,Electric,Second,16395.15
2022,Mazda,MX-5,2.0,99045,Manual,Electric,Second,15458.75
2023,Mazda,MX-5,2.5,109999,Manual,Petrol,Third,9984.52
2021,Mazda,MX-5,2.5,90781,Manual,Hybrid,Third,11418.66
2018,Mazda,MX-5,2.0,45145,Manual,Petrol,Third,7784.37
2023,Mazda,MX-5,2.5,71383,Automatic,Electric,Third,17615.1
2017,Mazda,MX-5,2.5,48577,Automatic,Petrol,First,11432.89
2019,Mazda,MX-5,2.5,47254,Manual,Electric,Second,14548.79
2014,Mazda,MX-5,2.0,24313,Automatic,Diesel,Third,7201.46
2020,Mazda,MX-5,2.5,7423,Manual,Petrol,Third,12542.32
2019,Mazda,MX-5,2.0,118760,Manual,Diesel,Second,8987.3
2019,Mazda,MX-5,2.5,57827,Manual,Petrol,First,12138.77
2023,Mazda,MX-5,2.0,62754,Manual,Electric,Third,13849.34
2021,Mazda,MX-5,2.0,57590,Manual,Diesel,Second,12068.22
2024,Mazda,MX-5,2.5,115289,Manual,Electric,Second,17602.35
2022,Mazda,MX-5,2.5,110011,Manual,Petrol,Third,9994.48
2023,Mazda,MX-5,2.0,119596,Automatic,Diesel,Second,12214.55
2018,Mazda,MX-5,2.5,18073,Manual,Electric,Third,11858.62
2013,Mazda,MX-5,2.5,44946,Automatic,Electric,Second,10469.93
2020,Mazda,MX-5,2.0,117884,Automatic,Hybrid,Second,11905.08
2020,Mazda,MX-5,2.0,81922,Manual,Diesel,Third,8816.68
2022,Mazda,MX-5,2.0,117121,Manual,Diesel,First,13881.89
2020,Mazda,MX-5,2.5,23786,Manual,Petrol,Third,9834.22
2024,Mazda,MX-5,2.5,34651,Manual,Petrol,First,20407.84
2023,Mazda,MX-5,2.5,92123,Manual,Diesel,First,15989.89
2015,Mazda,MX-5,2.0,84242,Automatic,Electric,First,12672.77
2018,Mazda,MX-5,2.0,17263,Automatic,Electric,Third,14360.33
2013,Mazda,MX-5,2.0,29455,Manual,Petrol,Third,3849.54
2023,Mazda,MX-5,2.0,118159,Automatic,Petrol,First,17422.52
2022,Mazda,MX-5,2.5,52058,Manual,Petrol,First,17247.7
2015,Mazda,MX-5,2.5,66276,Manual,Electric,First,11499.3
2017,Mazda,MX-5,2.5,68440,Manual,Petrol,Third,7165.92
2015,Mazda,MX-5,2.0,71646,Automatic,Electric,Second,9741.4
2014,Mazda,MX-5,2.0,91491,Automatic,Hybrid,Third,5698.14
2014,Mazda,MX-5,2.0,33856,Automatic,Hybrid,First,9961.38
2024,Mazda,MX-5,2.0,85157,Manual,Hybrid,First,19345.59
2015,Mazda,MX-5,2.5,55990,Manual,Petrol,Third,4883.88
2015,Mazda,MX-5,2.5,97040,Automatic,Electric,Third,9678.77
2016,Mazda,MX-5,2.5,6552,Manual,Electric,Third,11501.19
2017,Mazda,MX-5,2.0,65083,Automatic,Electric,Second,12470.01
2017,Mazda,MX-5,2.5,76660,Manual,Electric,First,14535.38
2024,Mazda,MX-5,2.0,28619,Manual,Hybrid,First,22651.87
2024,Mazda,MX-5,2.0,20511,Manual,Hybrid,Third,15608.11
2013,Mazda,MX-5,2.0,58233,Manual,Hybrid,Second,5753.36
2015,Mazda,MX-5,2.5,112656,Manual,Electric,Third,7024.9
2022,Mazda,CX-3,2.5,115234,Automatic,Diesel,Third,12171.68
2018,Mazda,CX-3,2.5,58032,Manual,Petrol,Second,9413.85
2016,Mazda,CX-3,2.5,111962,Manual,Hybrid,Second,6518.64
2017,Mazda,CX-3,2.5,43452,Automatic,Electric,First,17800.22
2017,Mazda,CX-3,2.0,106347,Automatic,Hybrid,Second,10790.43
2016,Mazda,CX-3,2.5,13581,Manual,Electric,Second,13519.54
2021,Mazda,CX-3,2.5,96926,Manual,Electric,Third,13982.89
2020,Mazda,CX-3,2.5,109249,Manual,Diesel,Third,8287.16
2017,Mazda,CX-3,2.0,78956,Manual,Hybrid,First,11453.97
2014,Mazda,CX-3,2.0,78051,Automatic,Electric,First,10032.7
2019,Mazda,CX-3,2.5,39077,Manual,Hybrid,Third,11131.92
2018,Mazda,CX-3,2.5,45187,Automatic,Hybrid,Second,15022.08
2018,Mazda,CX-3,2.5,30080,Manual,Petrol,Second,10980.68
2020,Mazda,CX-3,2.0,86323,Manual,Electric,First,16806.97
2015,Mazda,CX-3,2.0,4381,Manual,Petrol,Third,7494.13
2021,Mazda,CX-3,2.0,37711,Manual,Hybrid,Third,10997.23
2023,Mazda,CX-3,2.5,26013,Manual,Electric,Second,20937.27
2023,Mazda,CX-3,2.0,28550,Manual,Petrol,Second,15452.66
2013,Mazda,CX-3,2.5,24305,Manual,Hybrid,Third,6133.52
2018,Mazda,CX-3,2.0,115437,Manual,Diesel,First,8814.65
2016,Mazda,CX-3,2.5,86257,Manual,Petrol,First,7847.1
2017,Mazda,CX-3,2.5,125007,Automatic,Electric,Second,10590.69
2015,Mazda,CX-3,2.0,13237,Automatic,Petrol,Second,8683.8
2016,Mazda,CX-3,2.0,81000,Manual,Hybrid,First,8726.83
2021,Mazda,CX-3,2.0,16589,Automatic,Petrol,Second,14279.22
2024,Mazda,CX-3,2.0,33888,Automatic,Diesel,First,20214.32
2013,Mazda,CX-3,2.5,103800,Manual,Diesel,Third,3934.81
2014,Mazda,CX-3,2.0,62254,Manual,Hybrid,Third,5428.58
2020,Mazda,CX-3,2.0,82144,Manual,Hybrid,Second,13276.91
2020,Mazda,CX-3,2.5,16555,Automatic,Hybrid,First,19811.32
2018,Mazda,CX-3,2.5,8127,Manual,Diesel,Third,9772.85
2018,Mazda,CX-3,2.5,96739,Manual,Hybrid,Third,9107.71
2017,Mazda,CX-3,2.0,58195,Automatic,Hybrid,First,15001.92
2019,Mazda,CX-3,2.0,56111,Automatic,Petrol,First,14326.64
2017,Mazda,CX-3,2.0,59513,Automatic,Hybrid,Second,12737.15
2019,Mazda,CX-3,2.5,38486,Manual,Hybrid,Third,12655.46
2023,Mazda,CX-3,2.5,109307,Automatic,Hybrid,Third,14642.1
2022,Mazda,CX-3,2.0,48953,Manual,Hybrid,First,19586.1
2013,Mazda,CX-3,2.5,18931,Manual,Electric,Second,11919.28
2021,Mazda,CX-3,2.0,125065,Manual,Electric,First,15882.04
2014,Mazda,CX-3,2.0,83687,Automatic,Diesel,Third,5641.61
2021,Mazda,CX-3,2.0,56919,Manual,Petrol,Third,10811.95
2023,Mazda,CX-3,2.0,39540,Manual,Diesel,Second,16046.74
2021,Mazda,CX-3,2.5,59425,Automatic,Electric,Third,14399.07
2024,Mazda,CX-3,2.5,76907,Automatic,Electric,Third,17572.88
2020,Mazda,CX-3,2.0,32140,Manual,Diesel,Third,10940.46
2017,Mazda,CX-3,2.0,20004,Manual,Diesel,Third,8476.6
2020,Mazda,CX-3,2.5,103544,Manual,Diesel,Third,9135.41
2019,Mazda,CX-3,2.0,54392,Manual,Hybrid,First,14378.98
2013,Mazda,CX-3,2.0,6470,Manual,Hybrid,Second,7005.11
2020,Mazda,CX-3,2.5,117221,Automatic,Petrol,First,11487.53
2016,Mazda,CX-3,2.5,92357,Manual,Hybrid,Third,6023.87
2019,Mazda,CX-3,2.0,65356,Automatic,Petrol,First,12454.79
2018,Mazda,CX-3,2.0,70627,Automatic,Hybrid,First,13727.15
2024,Mazda,CX-3,2.0,61074,Manual,Diesel,First,18284.41
2020,Mazda,CX-3,2.0,29887,Automatic,Petrol,Third,11838.19
2014,Mazda,CX-3,2.0,42802,Automatic,Hybrid,Second,9105.75
2016,Mazda,CX-3,2.0,117164,Automatic,Diesel,First,8963.65
2018,Mazda,CX-3,2.5,40268,Automatic,Diesel,Second,12214.43
2021,Mazda,CX-3,2.0,98742,Manual,Petrol,Third,9070.87
2016,Mazda,CX-3,2.5,68263,Automatic,Petrol,Third,7534.49
2015,Mazda,CX-3,2.0,103730,Manual,Diesel,Third,4459.58
2016,Mazda,CX-3,2.0,31959,Manual,Petrol,First,8469.97
2013,Mazda,CX-3,2.0,66756,Automatic,Hybrid,Third,5840.46
2020,Mazda,CX-3,2.5,3405,Automatic,Petrol,First,17530.03
2015,Mazda,CX-3,2.0,90251,Manual,Petrol,Second,4571.4
2020,Mazda,CX-3,2.5,34305,Manual,Diesel,Third,10623.28
2015,Mazda,CX-3,2.0,97124,Automatic,Electric,Second,10833.57
2019,Mazda,CX-3,2.0,32390,Manual,Hybrid,Second,12677.03
2016,Mazda,CX-3,2.0,25246,Automatic,Electric,Third,11011.8
2017,Mazda,CX-3,2.0,84818,Manual,Hybrid,First,9871.26
2019,Mazda,CX-3,2.5,126594,Manual,Hybrid,Third,9615.52
2014,Mazda,CX-3,2.0,121153,Automatic,Electric,First,10086.3
2013,Mazda,CX-3,2.0,81615,Manual,Petrol,First,3466.94
2017,Mazda,CX-3,2.0,71813,Manual,Diesel,Second,7552.7
2024,Mazda,CX-3,2.5,45372,Manual,Electric,First,22055.33
2018,Mazda,CX-3,2.5,90968,Automatic,Hybrid,Second,11338.64
2022,Mazda,CX-3,2.0,66721,Automatic,Electric,Third,15089.48
2020,Mazda,CX-3,2.0,102241,Automatic,Diesel,Third,9099.3
2018,Mazda,CX-3,2.0,125850,Manual,Petrol,Third,5129.0
2020,Volkswagen,Passat,2.0,116916,Automatic,Electric,Third,14574.87
2015,Volkswagen,Passat,3.6,120447,Automatic,Petrol,Second,7745.79
2017,Volkswagen,Passat,1.8,124764,Automatic,Diesel,Second,8158.5
2016,Volkswagen,Passat,1.8,111573,Manual,Petrol,First,7796.49
2014,Volkswagen,Passat,2.0,53605,Automatic,Petrol,First,8863.47
2023,Volkswagen,Passat,3.6,100128,Automatic,Electric,Third,17951.66
2013,Volkswagen,Passat,2.0,41202,Manual,Diesel,Third,6362.09
2023,Volkswagen,Passat,3.6,71096,Manual,Diesel,Third,16557.43
2013,Volkswagen,Passat,1.4,11132,Automatic,Petrol,Second,6046.69
2024,Volkswagen,Passat,2.0,95238,Automatic,Electric,First,24120.05
2024,Volkswagen,Passat,2.0,95882,Automatic,Electric,Second,22542.98
2016,Volkswagen,Passat,3.6,66140,Automatic,Petrol,First,13570.19
2015,Volkswagen,Passat,2.0,10482,Manual,Diesel,First,11492.29
2021,Volkswagen,Passat,1.8,30135,Manual,Petrol,Second,13885.13
2019,Volkswagen,Passat,1.8,83286,Manual,Electric,Second,13008.94
2023,Volkswagen,Passat,1.4,112318,Manual,Petrol,First,16206.35
2015,Volkswagen,Passat,3.6,92999,Manual,Electric,Third,10506.52
2013,Volkswagen,Passat,2.0,6893,Manual,Hybrid,Third,6603.09
2016,Volkswagen,Passat,2.0,40301,Automatic,Electric,Second,13011.99
2023,Volkswagen,Passat,1.8,119759,Automatic,Electric,Third,15830.05
2022,Volkswagen,Passat,3.6,90372,Automatic,Hybrid,First,23688.93
2021,Volkswagen,Passat,2.0,112657,Automatic,Petrol,Third,9416.81
2014,Volkswagen,Passat,2.0,53105,Manual,Electric,Third,8596.58
2017,Volkswagen,Passat,3.6,86871,Manual,Electric,Third,13259.0
2018,Volkswagen,Passat,2.0,15798,Manual,Hybrid,Third,12810.18
2022,Volkswagen,Passat,1.8,26569,Automatic,Hybrid,First,22083.03
2021,Volkswagen,Passat,2.0,103148,Manual,Petrol,Third,9937.28
2014,Volkswagen,Passat,2.0,95459,Manual,Diesel,Second,7072.32
2017,Volkswagen,Passat,2.0,115723,Automatic,Petrol,Second,8468.63
2020,Volkswagen,Passat,3.6,110468,Manual,Petrol,Third,11362.35
2017,Volkswagen,Passat,3.6,62655,Manual,Electric,Second,16529.2
2013,Volkswagen,Passat,1.4,7170,Manual,Electric,Second,10593.41
2024,Volkswagen,Passat,1.4,27714,Automatic,Hybrid,First,24034.58
2017,Volkswagen,Passat,1.4,19771,Manual,Electric,Third,10530.95
2020,Volkswagen,Passat,3.6,4839,Automatic,Hybrid,First,24091.62
2018,Volkswagen,Passat,1.4,64375,Automatic,Petrol,First,12348.45
2022,Volkswagen,Passat,1.8,14474,Manual,Diesel,Second,16650.08
2017,Volkswagen,Passat,2.0,15980,Manual,Hybrid,First,14862.82
2019,Volkswagen,Passat,1.4,21372,Manual,Petrol,First,13842.16
2016,Volkswagen,Passat,1.8,51921,Automatic,Hybrid,Third,9938.39
2024,Volkswagen,Passat,1.8,32011,Automatic,Hybrid,Second,20768.97
2014,Volkswagen,Passat,1.8,52592,Manual,Hybrid,First,9158.21
2014,Volkswagen,Passat,3.6,17836,Manual,Electric,Third,11564.27
2018,Volkswagen,Passat,2.0,36512,Automatic,Petrol,Third,10200.04
2014,Volkswagen,Passat,1.8,69034,Manual,Electric,First,9191.1
2016,Volkswagen,Passat,1.8,65903,Automatic,Hybrid,Second,12344.71
2021,Volkswagen,Passat,2.0,13795,Manual,Electric,First,21965.74
2016,Volkswagen,Passat,1.4,65630,Automatic,Electric,First,13335.15
2021,Volkswagen,Passat,2.0,64702,Automatic,Hybrid,Second,15844.87
2015,Volkswagen,Passat,2.0,57000,Automatic,Diesel,Third,6895.26
2017,Volkswagen,Passat,1.4,58611,Manual,Petrol,Second,8239.45
2022,Volkswagen,Passat,3.6,70520,Manual,Petrol,Third,13927.46
2019,Volkswagen,Passat,2.0,69448,Manual,Petrol,First,13534.53
2014,Volkswagen,Passat,1.8,57455,Manual,Hybrid,First,9580.98
2018,Volkswagen,Passat,1.4,40656,Manual,Hybrid,Second,13099.2
2019,Volkswagen,Passat,1.4,129922,Automatic,Electric,Third,10524.41
2016,Volkswagen,Passat,2.0,65660,Automatic,Petrol,Second,9372.31
2015,Volkswagen,Passat,2.0,126760,Manual,Hybrid,Third,6110.05
2019,Volkswagen,Passat,1.8,77872,Automatic,Petrol,First,14267.96
2013,Volkswagen,Passat,1.4,116417,Manual,Electric,Third,4557.31
2023,Volkswagen,Passat,1.8,49618,Automatic,Hybrid,Third,16755.25
2020,Volkswagen,Passat,1.8,127434,Manual,Petrol,Third,7495.55
2023,Volkswagen,Passat,3.6,21332,Manual,Electric,First,28983.3
2022,Volkswagen,Passat,1.8,90686,Automatic,Diesel,Third,12111.04
2022,Volkswagen,Passat,3.6,114548,Automatic,Electric,First,23267.65
2020,Volkswagen,Passat,3.6,33659,Manual,Hybrid,Third,15009.78
2017,Volkswagen,Passat,3.6,124519,Manual,Diesel,First,12343.22
2017,Volkswagen,Passat,3.6,124158,Automatic,Diesel,First,12404.96
2018,Volkswagen,Passat,1.8,33408,Manual,Diesel,Third,10432.59
2018,Volkswagen,Passat,2.0,29722,Automatic,Petrol,Third,10378.9
2018,Volkswagen,Passat,1.8,128111,Automatic,Petrol,First,11078.23
2019,Volkswagen,Passat,1.8,62750,Automatic,Hybrid,Second,13852.24
2021,Volkswagen,Passat,1.8,126859,Manual,Petrol,Second,10361.32
2018,Volkswagen,Passat,1.4,16028,Manual,Diesel,Second,11554.1
2021,Volkswagen,Passat,1.8,62917,Manual,Petrol,Second,13089.76
2020,Volkswagen,Passat,1.4,110591,Manual,Petrol,Third,8655.68
2014,Volkswagen,Passat,1.8,105295,Manual,Hybrid,First,8891.68
2020,Volkswagen,Passat,1.8,38006,Automatic,Hybrid,Second,15503.54
2015,Volkswagen,Passat,1.8,10166,Manual,Electric,Third,8879.64
2023,Volkswagen,Passat,3.6,18029,Automatic,Diesel,Second,21297.74
2022,Volkswagen,Tiguan,1.8,9688,Automatic,Diesel,First,21745.58
2020,Volkswagen,Tiguan,3.6,123128,Manual,Electric,First,18133.66
2019,Volkswagen,Tiguan,1.8,14849,Manual,Diesel,Second,12822.16
2018,Volkswagen,Tiguan,2.0,55900,Manual,Hybrid,First,14050.64
2023,Volkswagen,Tiguan,1.8,83631,Manual,Diesel,First,18610.0
2024,Volkswagen,Tiguan,1.4,62539,Automatic,Electric,Second,20665.07
2018,Volkswagen,Tiguan,1.8,116684,Automatic,Petrol,Second,10673.54
2016,Volkswagen,Tiguan,1.4,35797,Manual,Petrol,Second,7444.67
2013,Volkswagen,Tiguan,3.6,83300,Automatic,Hybrid,Second,8002.83
2013,Volkswagen,Tiguan,1.4,54413,Manual,Electric,Second,7008.73
2015,Volkswagen,Tiguan,1.8,13931,Manual,Hybrid,First,13074.12
2015,Volkswagen,Tiguan,1.8,66848,Automatic,Diesel,Third,8319.13
2016,Volkswagen,Tiguan,3.6,6961,Automatic,Diesel,Third,11999.52
2013,Volkswagen,Tiguan,1.4,62225,Automatic,Petrol,First,4156.25
2016,Volkswagen,Tiguan,2.0,10539,Manual,Petrol,Third,8419.25
2013,Volkswagen,Tiguan,2.0,34339,Automatic,Electric,First,13064.75
2015,Volkswagen,Tiguan,2.0,55945,Automatic,Diesel,First,10911.08
2013,Volkswagen,Tiguan,1.4,68226,Manual,Electric,First,9651.94
2021,Volkswagen,Tiguan,2.0,117173,Automatic,Petrol,First,14608.3
2022,Volkswagen,Tiguan,1.4,105328,Automatic,Petrol,Second,13666.01
2024,Volkswagen,Tiguan,2.0,29696,Manual,Electric,Third,19348.69
2017,Volkswagen,Tiguan,1.8,33906,Automatic,Electric,Third,13524.15
2014,Volkswagen,Tiguan,1.8,60081,Automatic,Hybrid,Third,6625.85
2020,Volkswagen,Tiguan,1.8,33086,Manual,Electric,First,18801.91
2018,Volkswagen,Tiguan,1.8,44922,Manual,Diesel,Third,9980.71
2014,Volkswagen,Tiguan,1.8,27688,Automatic,Hybrid,First,12716.04
2021,Volkswagen,Tiguan,1.4,14498,Automatic,Diesel,Third,15109.25
2021,Volkswagen,Tiguan,1.8,40806,Manual,Diesel,Third,10079.36
2018,Volkswagen,Tiguan,2.0,53448,Manual,Hybrid,First,14824.8
2016,Volkswagen,Tiguan,3.6,33934,Manual,Electric,First,17436.98
2021,Volkswagen,Tiguan,3.6,128245,Manual,Hybrid,Second,13875.24
2022,Volkswagen,Tiguan,1.8,128517,Manual,Petrol,Third,9338.29
2015,Volkswagen,Tiguan,1.8,13006,Manual,Hybrid,First,12707.43
2024,Volkswagen,Tiguan,1.4,43860,Manual,Petrol,Second,17141.69
2013,Volkswagen,Tiguan,1.4,44462,Manual,Electric,First,10477.16
2023,Volkswagen,Tiguan,2.0,3785,Manual,Hybrid,Second,19210.1
2024,Volkswagen,Tiguan,2.0,82430,Manual,Diesel,First,20063.42
2021,Volkswagen,Tiguan,2.0,77018,Automatic,Petrol,First,15132.79
2024,Volkswagen,Tiguan,3.6,31777,Automatic,Petrol,Second,21556.81
2014,Volkswagen,Tiguan,1.8,22046,Manual,Hybrid,Third,9167.35
2022,Volkswagen,Tiguan,2.0,43711,Automatic,Petrol,Third,13139.34
2020,Volkswagen,Tiguan,1.8,30122,Manual,Diesel,Second,13721.57
2016,Volkswagen,Tiguan,1.8,41771,Automatic,Petrol,Second,10946.13
2014,Volkswagen,Tiguan,3.6,30129,Manual,Petrol,First,10763.28
2015,Volkswagen,Tiguan,1.8,96773,Manual,Hybrid,Second,7546.64
2018,Volkswagen,Tiguan,1.8,95145,Manual,Hybrid,Third,9502.55
2019,Volkswagen,Tiguan,1.8,91577,Manual,Electric,First,14756.9
2022,Volkswagen,Tiguan,3.6,96745,Automatic,Diesel,Second,15682.61
2013,Volkswagen,Tiguan,1.8,81893,Manual,Electric,Second,7695.89
2016,Volkswagen,Tiguan,2.0,21834,Manual,Petrol,Second,9272.41
2015,Volkswagen,Tiguan,1.8,80167,Manual,Hybrid,Third,7414.94
2022,Volkswagen,Tiguan,3.6,122309,Manual,Petrol,First,17674.66
2019,Volkswagen,Tiguan,1.8,108178,Manual,Electric,First,16967.37
2023,Volkswagen,Tiguan,3.6,10849,Manual,Petrol,First,22285.77
2021,Volkswagen,Tiguan,2.0,76495,Automatic,Diesel,First,18609.74
2023,Volkswagen,Tiguan,2.0,36849,Manual,Hybrid,Third,16267.85
2021,Volkswagen,Tiguan,1.8,120314,Automatic,Diesel,First,16399.17
2015,Volkswagen,Tiguan,3.6,94905,Manual,Hybrid,Third,8786.38
2019,Volkswagen,Tiguan,3.6,60364,Automatic,Diesel,Third,11423.4
2018,Volkswagen,Tiguan,2.0,112097,Manual,Hybrid,Second,11635.91
2022,Volkswagen,Tiguan,1.4,72672,Manual,Hybrid,First,20101.79
2014,Volkswagen,Tiguan,1.8,3747,Manual,Electric,First,16136.49
2020,Volkswagen,Tiguan,1.8,72083,Manual,Hybrid,Third,10964.03
2020,Volkswagen,Tiguan,1.4,62762,Manual,Diesel,First,13501.19
2016,Volkswagen,Tiguan,1.4,100798,Automatic,Petrol,Second,7694.89
2018,Volkswagen,Tiguan,1.8,60929,Manual,Hybrid,Third,11806.85
2018,Volkswagen,Tiguan,1.8,124321,Manual,Petrol,First,6929.55
2022,Volkswagen,Tiguan,2.0,62530,Manual,Hybrid,First,21135.98
2021,Volkswagen,Tiguan,3.6,73092,Manual,Diesel,Third,14519.59
2022,Volkswagen,Tiguan,3.6,26402,Manual,Petrol,First,20785.78
2018,Volkswagen,Tiguan,2.0,16820,Automatic,Electric,First,19447.86
2020,Volkswagen,Tiguan,3.6,127114,Automatic,Petrol,Second,13235.14
2024,Volkswagen,Tiguan,1.8,42342,Manual,Diesel,First,20601.23
2017,Volkswagen,Tiguan,1.4,92599,Automatic,Diesel,First,10846.26
2014,Volkswagen,Tiguan,1.8,99081,Manual,Hybrid,Third,5801.02
2023,Volkswagen,Tiguan,1.8,89759,Automatic,Electric,First,23684.45
2016,Volkswagen,Tiguan,3.6,6696,Manual,Diesel,Second,13247.14
2016,Volkswagen,Tiguan,1.8,20243,Automatic,Diesel,First,13134.13
2018,Volkswagen,Tiguan,1.8,31007,Automatic,Electric,First,18880.01
2021,Volkswagen,Tiguan,3.6,93094,Automatic,Hybrid,Second,19480.76
2020,Volkswagen,Atlas,3.6,86553,Manual,Electric,First,19249.87
2014,Volkswagen,Atlas,2.0,60829,Automatic,Hybrid,Second,9509.67
2017,Volkswagen,Atlas,1.8,53984,Manual,Diesel,Second,9260.1
2014,Volkswagen,Atlas,3.6,80670,Manual,Electric,Third,8136.97
2019,Volkswagen,Atlas,3.6,91038,Automatic,Electric,Third,14333.25
2014,Volkswagen,Atlas,3.6,3785,Manual,Hybrid,Third,10864.34
2013,Volkswagen,Atlas,3.6,80480,Manual,Hybrid,Second,7973.56
2021,Volkswagen,Atlas,2.0,5413,Manual,Hybrid,First,19998.54
2018,Volkswagen,Atlas,1.4,74871,Automatic,Hybrid,Third,12113.43
2014,Volkswagen,Atlas,3.6,17950,Automatic,Petrol,Second,8916.73
2019,Volkswagen,Atlas,2.0,53220,Automatic,Electric,Second,16029.22
2015,Volkswagen,Atlas,1.8,85095,Manual,Diesel,Second,5532.84
2019,Volkswagen,Atlas,2.0,56214,Manual,Electric,First,18515.76
2013,Volkswagen,Atlas,1.4,24996,Manual,Petrol,Third,3224.46
2023,Volkswagen,Atlas,1.4,114276,Manual,Petrol,Third,10316.76
2018,Volkswagen,Atlas,1.4,112001,Automatic,Petrol,First,9643.17
2022,Volkswagen,Atlas,1.8,34803,Manual,Petrol,Third,12883.74
2013,Volkswagen,Atlas,1.8,100098,Manual,Petrol,Second,2286.39
2015,Volkswagen,Atlas,1.4,111388,Automatic,Petrol,Third,5155.65
2013,Volkswagen,Atlas,2.0,124345,Automatic,Petrol,Third,2757.82
2024,Volkswagen,Atlas,3.6,71524,Automatic,Petrol,First,23219.8
2024,Volkswagen,Atlas,1.8,28823,Automatic,Petrol,Third,17049.3
2022,Volkswagen,Atlas,2.0,46496,Manual,Diesel,First,17282.86
2018,Volkswagen,Atlas,3.6,21302,Automatic,Electric,Third,15204.11
2016,Volkswagen,Atlas,2.0,29362,Automatic,Electric,Second,13589.78
2013,Volkswagen,Atlas,1.8,115059,Manual,Hybrid,Second,3161.38
2014,Volkswagen,Atlas,1.8,79890,Manual,Electric,Third,9152.09
2023,Volkswagen,Atlas,3.6,46128,Manual,Hybrid,Third,18698.32
2020,Volkswagen,Atlas,2.0,118957,Manual,Electric,Second,16306.69
2019,Volkswagen,Atlas,1.8,35270,Manual,Petrol,Second,9223.83
2019,Volkswagen,Atlas,1.8,92586,Automatic,Petrol,Second,12686.01
2015,Volkswagen,Atlas,2.0,100728,Manual,Petrol,Second,4636.67
2019,Volkswagen,Atlas,3.6,6006,Automatic,Petrol,First,18286.66
2022,Volkswagen,Atlas,3.6,38864,Manual,Petrol,First,21204.0
2013,Volkswagen,Atlas,3.6,44927,Automatic,Electric,First,15086.48
2016,Volkswagen,Atlas,2.0,104573,Manual,Electric,Second,9867.33
2021,Volkswagen,Atlas,3.6,62461,Automatic,Diesel,Second,18519.56
2017,Volkswagen,Atlas,2.0,120524,Automatic,Electric,First,15039.7
2022,Volkswagen,Atlas,1.8,93222,Automatic,Diesel,Third,13887.16
2020,Volkswagen,Atlas,3.6,101314,Manual,Hybrid,Third,12699.45
2020,Volkswagen,Atlas,1.8,111085,Manual,Petrol,Second,9929.72
2014,Volkswagen,Atlas,1.4,114740,Manual,Petrol,Second,2454.7
2016,Volkswagen,Atlas,1.4,61714,Manual,Electric,Third,9488.61
2016,Volkswagen,Atlas,1.4,15965,Manual,Hybrid,First,12533.04
2017,Volkswagen,Atlas,3.6,82035,Manual,Electric,Second,14514.11
2013,Volkswagen,Atlas,1.8,6488,Manual,Petrol,Second,5569.46
2019,Volkswagen,Atlas,3.6,121687,Automatic,Electric,First,19956.38
2020,Volkswagen,Atlas,1.4,19781,Manual,Petrol,First,15048.12
2019,Volkswagen,Atlas,1.4,21618,Manual,Petrol,Second,12404.98
2023,Volkswagen,Atlas,1.8,118497,Manual,Petrol,Second,12077.8
2023,Volkswagen,Atlas,1.4,34545,Manual,Diesel,Third,11587.52
2020,Volkswagen,Atlas,3.6,95115,Manual,Petrol,First,15285.09
2019,Volkswagen,Atlas,1.8,78856,Manual,Electric,First,17809.39
2022,Volkswagen,Atlas,2.0,108863,Automatic,Petrol,Third,12350.84
2022,Volkswagen,Atlas,2.0,35256,Manual,Electric,Second,19555.16
2020,Volkswagen,Atlas,3.6,3009,Manual,Diesel,Second,16241.37
2024,Volkswagen,Atlas,1.8,56368,Automatic,Diesel,Third,15135.42
2014,Volkswagen,Atlas,1.8,13086,Manual,Petrol,Third,6922.8
2023,Volkswagen,Atlas,3.6,50660,Manual,Petrol,First,22924.25
2020,Volkswagen,Atlas,3.6,5457,Manual,Petrol,Second,16473.87
2018,Volkswagen,Atlas,2.0,89466,Manual,Petrol,Second,8243.3
2016,Volkswagen,Atlas,1.8,125643,Manual,Petrol,Second,6406.69
2023,Volkswagen,Atlas,1.4,111840,Manual,Electric,Third,17856.26
2021,Volkswagen,Atlas,1.4,62051,Manual,Electric,Second,16483.17
2022,Volkswagen,Atlas,2.0,29680,Manual,Electric,Second,19507.79
2016,Volkswagen,Atlas,3.6,78925,Manual,Petrol,First,9591.71
2018,Volkswagen,Atlas,1.8,116500,Automatic,Electric,Third,11422.58
2015,Volkswagen,Atlas,1.4,97257,Manual,Hybrid,Third,6085.19
2014,Volkswagen,Atlas,3.6,68162,Manual,Diesel,First,7397.91
2024,Volkswagen,Atlas,1.4,47862,Automatic,Diesel,First,22325.03
2023,Volkswagen,Atlas,1.4,34793,Automatic,Diesel,Third,14800.57
2017,Volkswagen,Atlas,1.4,100260,Manual,Electric,Third,9901.52
2016,Volkswagen,Atlas,3.6,12110,Automatic,Petrol,Third,10438.65
2020,Volkswagen,Atlas,2.0,127225,Automatic,Petrol,Second,10738.18
2018,Volkswagen,Atlas,3.6,51698,Manual,Petrol,First,13675.04
2016,Volkswagen,Atlas,1.4,120485,Manual,Hybrid,Third,6652.47
2020,Volkswagen,Atlas,2.0,28316,Automatic,Petrol,First,15786.51
2019,Volkswagen,Atlas,1.4,56902,Automatic,Hybrid,First,15080.68
2014,Volkswagen,Atlas,3.6,58419,Manual,Petrol,Second,7294.65
2022,Volkswagen,Atlas,2.0,36145,Manual,Diesel,Third,15341.29
2022,Volkswagen,Jetta,3.6,81462,Manual,Electric,First,22607.29
2013,Volkswagen,Jetta,2.0,96004,Automatic,Electric,Third,5351.9
2019,Volkswagen,Jetta,1.4,113289,Automatic,Diesel,Second,11911.86
2022,Volkswagen,Jetta,1.4,124386,Manual,Electric,Second,14258.48
2022,Volkswagen,Jetta,3.6,44229,Automatic,Diesel,Second,17948.68
2022,Volkswagen,Jetta,1.8,45401,Manual,Electric,Third,15362.61
2020,Volkswagen,Jetta,1.8,8139,Automatic,Petrol,First,17628.26
2018,Volkswagen,Jetta,3.6,114559,Automatic,Electric,Second,15470.47
2014,Volkswagen,Jetta,1.4,80347,Automatic,Petrol,First,7392.71
2014,Volkswagen,Jetta,2.0,38607,Manual,Diesel,Third,4881.95
2024,Volkswagen,Jetta,2.0,25778,Automatic,Hybrid,First,27127.18
2023,Volkswagen,Jetta,3.6,3894,Automatic,Diesel,First,26032.67
2021,Volkswagen,Jetta,3.6,103314,Manual,Electric,Second,21121.22
2013,Volkswagen,Jetta,1.8,97716,Automatic,Electric,Second,7826.79
2014,Volkswagen,Jetta,3.6,50802,Automatic,Electric,Second,13673.96
2024,Volkswagen,Jetta,2.0,121634,Manual,Hybrid,Third,15249.38
2014,Volkswagen,Jetta,1.4,79248,Manual,Hybrid,Third,5799.57
2013,Volkswagen,Jetta,1.8,124934,Manual,Petrol,Second,2900.08
2017,Volkswagen,Jetta,1.4,124878,Automatic,Hybrid,Second,10632.17
2016,Volkswagen,Jetta,1.4,105545,Automatic,Electric,Third,10107.55
2016,Volkswagen,Jetta,1.4,49617,Automatic,Hybrid,Second,10747.13
2021,Volkswagen,Jetta,1.4,29293,Manual,Diesel,Second,14453.38
2018,Volkswagen,Jetta,3.6,30213,Manual,Electric,Third,13526.31
2023,Volkswagen,Jetta,3.6,102264,Manual,Hybrid,Third,16471.37
2023,Volkswagen,Jetta,1.4,36014,Manual,Petrol,Second,16162.8
2018,Volkswagen,Jetta,1.4,98269,Manual,Hybrid,First,11822.98
2015,Volkswagen,Jetta,1.4,39989,Automatic,Electric,Second,11404.92
2024,Volkswagen,Jetta,2.0,97817,Automatic,Petrol,First,18107.49
2023,Volkswagen,Jetta,3.6,50952,Manual,Diesel,First,21880.59
2024,Volkswagen,Jetta,1.4,54832,Manual,Hybrid,Second,18044.41
2023,Volkswagen,Jetta,1.4,46311,Automatic,Hybrid,First,21384.0
2021,Volkswagen,Jetta,3.6,113920,Manual,Diesel,Third,10635.32
2019,Volkswagen,Jetta,1.8,126110,Manual,Hybrid,Second,11271.9
2013,Volkswagen,Jetta,3.6,66268,Automatic,Hybrid,Second,9139.31
2014,Volkswagen,Jetta,2.0,65924,Automatic,Diesel,First,7783.61
2016,Volkswagen,Jetta,2.0,88124,Automatic,Petrol,First,9847.2
2020,Volkswagen,Jetta,1.8,83373,Manual,Petrol,Third,8805.85
2016,Volkswagen,Jetta,3.6,40844,Automatic,Electric,Second,15881.28
2014,Volkswagen,Jetta,2.0,60325,Manual,Petrol,Second,5017.26
2024,Volkswagen,Jetta,1.8,74131,Automatic,Diesel,Third,15863.05
2024,Volkswagen,Jetta,1.4,126302,Manual,Electric,Third,13778.35
2024,Volkswagen,Jetta,1.4,13261,Manual,Diesel,Third,15642.59
2020,Volkswagen,Jetta,1.4,48316,Manual,Electric,Third,12822.12
2019,Volkswagen,Jetta,1.4,80653,Automatic,Petrol,Second,11521.49
2023,Volkswagen,Jetta,3.6,74022,Manual,Electric,Second,21034.29
2023,Volkswagen,Jetta,1.8,16169,Manual,Electric,Third,17728.03
2013,Volkswagen,Jetta,3.6,7180,Automatic,Electric,Second,14297.1
2022,Volkswagen,Jetta,2.0,98412,Automatic,Hybrid,Second,17206.41
2021,Volkswagen,Jetta,3.6,100218,Manual,Hybrid,First,18831.71
2020,Volkswagen,Jetta,1.8,110813,Manual,Electric,First,18191.98
2021,Volkswagen,Jetta,2.0,11549,Manual,Electric,Third,17480.92
2024,Volkswagen,Jetta,1.4,62978,Manual,Petrol,Third,14089.87
2015,Volkswagen,Jetta,3.6,110075,Manual,Diesel,Third,5910.27
2024,Volkswagen,Jetta,1.4,43577,Automatic,Diesel,First,21676.58
2016,Volkswagen,Jetta,2.0,93333,Manual,Hybrid,Second,9022.63
2021,Volkswagen,Jetta,1.4,121358,Automatic,Hybrid,Third,11606.21
2019,Volkswagen,Jetta,1.4,121560,Manual,Hybrid,Third,8507.06
2024,Volkswagen,Jetta,2.0,17582,Manual,Hybrid,First,23358.59
2013,Volkswagen,Jetta,3.6,10071,Automatic,Electric,First,16904.06
2013,Volkswagen,Jetta,1.8,14183,Automatic,Electric,First,14042.86
2013,Volkswagen,Jetta,1.8,92146,Manual,Diesel,First,3605.99
2024,Volkswagen,Jetta,3.6,114099,Manual,Electric,Second,19890.99
2018,Volkswagen,Jetta,2.0,109680,Manual,Hybrid,Second,11118.49
2024,Volkswagen,Jetta,1.4,48237,Automatic,Hybrid,Third,15475.93
2021,Volkswagen,Jetta,3.6,49136,Automatic,Electric,Second,21023.48
2023,Volkswagen,Jetta,1.4,16687,Automatic,Diesel,Second,19173.2
2021,Volkswagen,Jetta,3.6,15865,Manual,Hybrid,Third,17035.15
2015,Volkswagen,Jetta,1.8,79558,Manual,Diesel,First,8069.24
2016,Volkswagen,Jetta,3.6,16632,Manual,Hybrid,Second,13675.48
2024,Volkswagen,Jetta,3.6,65249,Automatic,Hybrid,Second,22703.0
2014,Volkswagen,Jetta,1.8,15158,Manual,Electric,Third,7929.82
2015,Volkswagen,Jetta,1.8,106102,Automatic,Petrol,First,8416.18
2017,Volkswagen,Jetta,1.4,9126,Manual,Petrol,Second,9963.75
2015,Volkswagen,Jetta,3.6,124404,Automatic,Diesel,Third,9020.01
2019,Volkswagen,Jetta,1.8,55960,Manual,Diesel,Second,11086.5
2020,Volkswagen,Jetta,1.8,39610,Manual,Petrol,Third,10162.09
2023,Volkswagen,Jetta,1.4,84548,Manual,Petrol,Third,9500.21
2023,Volkswagen,Jetta,2.0,34579,Automatic,Petrol,First,20294.58
2013,Volkswagen,Jetta,1.4,69162,Manual,Electric,Second,7420.42
2024,Volkswagen,Jetta,1.4,21018,Manual,Petrol,Third,14622.68
2022,Volkswagen,Golf,3.6,16349,Automatic,Hybrid,First,27065.4
2022,Volkswagen,Golf,1.4,76715,Automatic,Hybrid,First,19538.59
2024,Volkswagen,Golf,1.8,69270,Automatic,Diesel,Third,16297.25
2020,Volkswagen,Golf,1.4,95413,Automatic,Hybrid,First,14911.59
2013,Volkswagen,Golf,1.8,47135,Automatic,Electric,First,11783.84
2021,Volkswagen,Golf,2.0,128823,Automatic,Diesel,Third,11422.69
2022,Volkswagen,Golf,1.4,119819,Automatic,Diesel,Second,12888.26
2024,Volkswagen,Golf,1.8,45435,Manual,Electric,First,24158.44
2013,Volkswagen,Golf,1.4,5128,Manual,Electric,Second,10908.74
2014,Volkswagen,Golf,1.8,106443,Automatic,Diesel,Second,5049.49
2016,Volkswagen,Golf,1.4,90101,Automatic,Electric,First,12824.6
2024,Volkswagen,Golf,1.8,19843,Automatic,Diesel,First,21973.98
2015,Volkswagen,Golf,3.6,29006,Manual,Hybrid,First,14181.55
2018,Volkswagen,Golf,3.6,5917,Manual,Hybrid,First,18233.05
2015,Volkswagen,Golf,2.0,97745,Automatic,Diesel,Second,7509.35
2021,Volkswagen,Golf,2.0,116535,Manual,Petrol,Second,12237.99
2016,Volkswagen,Golf,1.4,48883,Automatic,Electric,First,15093.15
2024,Volkswagen,Golf,2.0,60402,Automatic,Electric,Second,23607.32
2015,Volkswagen,Golf,1.8,43014,Automatic,Electric,Third,8609.19
2019,Volkswagen,Golf,2.0,42511,Automatic,Diesel,Third,12186.81
2016,Volkswagen,Golf,1.4,17160,Automatic,Hybrid,Second,13036.74
2016,Volkswagen,Golf,1.8,109132,Automatic,Electric,Third,8010.23
2018,Volkswagen,Golf,3.6,93980,Automatic,Electric,Third,12822.84
2020,Volkswagen,Golf,3.6,122075,Manual,Hybrid,Third,12027.86
2022,Volkswagen,Golf,1.8,113834,Automatic,Hybrid,Second,15872.94
2013,Volkswagen,Golf,1.8,119030,Automatic,Hybrid,First,6637.24
2021,Volkswagen,Golf,1.4,112318,Manual,Hybrid,Second,13105.37
2017,Volkswagen,Golf,1.8,10455,Manual,Diesel,Third,9983.79
2013,Volkswagen,Golf,2.0,111343,Manual,Electric,Third,7147.37
2015,Volkswagen,Golf,1.8,24784,Automatic,Hybrid,Third,9543.81
2015,Volkswagen,Golf,2.0,125041,Manual,Petrol,First,6703.38
2018,Volkswagen,Golf,1.8,15058,Manual,Electric,First,18571.33
2022,Volkswagen,Golf,1.4,127541,Automatic,Electric,Third,14596.22
2022,Volkswagen,Golf,1.4,55995,Manual,Diesel,First,16631.86
2017,Volkswagen,Golf,2.0,67368,Automatic,Hybrid,Second,11735.51
2013,Volkswagen,Golf,1.4,116518,Manual,Electric,Third,5341.0
2020,Volkswagen,Golf,2.0,23592,Manual,Hybrid,First,20355.24
2015,Volkswagen,Golf,1.8,89686,Automatic,Hybrid,Third,6577.48
2017,Volkswagen,Golf,1.4,12219,Manual,Petrol,Second,9269.64
2018,Volkswagen,Golf,1.4,59623,Automatic,Diesel,Second,11540.55
2018,Volkswagen,Golf,1.4,95747,Automatic,Petrol,Second,8505.07
2024,Volkswagen,Golf,3.6,123745,Manual,Petrol,Second,16059.96
2016,Volkswagen,Golf,2.0,27509,Manual,Petrol,Second,7606.56
2017,Volkswagen,Golf,2.0,10945,Automatic,Diesel,Second,12586.93
2024,Volkswagen,Golf,1.8,86517,Automatic,Hybrid,Second,19673.17
2018,Volkswagen,Golf,1.8,15380,Automatic,Hybrid,First,17837.13
2016,Volkswagen,Golf,2.0,30854,Automatic,Diesel,First,11404.45
2016,Volkswagen,Golf,1.8,70905,Manual,Diesel,Third,5007.24
2024,Volkswagen,Golf,3.6,37027,Automatic,Electric,Second,26797.9
2014,Volkswagen,Golf,1.8,40187,Automatic,Petrol,First,8869.5
2021,Volkswagen,Golf,1.4,87807,Automatic,Diesel,Second,13218.62
2014,Volkswagen,Golf,2.0,12422,Automatic,Diesel,Third,8388.73
2017,Volkswagen,Golf,1.8,71127,Manual,Electric,Second,13458.01
2014,Volkswagen,Golf,1.8,94200,Automatic,Hybrid,Third,4464.57
2023,Volkswagen,Golf,2.0,111456,Automatic,Diesel,Third,11976.47
2020,Volkswagen,Golf,3.6,104977,Automatic,Hybrid,First,18318.3
2021,Volkswagen,Golf,3.6,17992,Automatic,Electric,Third,17223.37
2015,Volkswagen,Golf,1.4,54523,Automatic,Hybrid,Third,7575.29
2024,Volkswagen,Golf,2.0,52684,Manual,Petrol,Second,17159.1
2023,Volkswagen,Golf,1.8,52588,Manual,Hybrid,Third,14114.62
2018,Volkswagen,Golf,2.0,4398,Automatic,Hybrid,First,18541.9
2016,Volkswagen,Golf,1.8,33134,Automatic,Petrol,Third,7788.77
2018,Volkswagen,Golf,1.4,6497,Manual,Petrol,Third,8252.67
2015,Volkswagen,Golf,2.0,71070,Manual,Electric,Second,10132.42
2017,Volkswagen,Golf,1.8,58547,Manual,Electric,Second,13484.58
2024,Volkswagen,Golf,3.6,19659,Automatic,Electric,Third,20751.83
2016,Volkswagen,Golf,1.8,83279,Automatic,Petrol,First,9439.95
2016,Volkswagen,Golf,2.0,126126,Manual,Electric,Third,8514.27
2021,Volkswagen,Golf,3.6,37459,Automatic,Electric,Second,22304.69
2019,Volkswagen,Golf,1.4,112912,Manual,Hybrid,First,13290.66
2022,Volkswagen,Golf,3.6,36444,Automatic,Hybrid,First,25058.85
2014,Volkswagen,Golf,1.4,88206,Manual,Electric,Third,7449.2
2021,Volkswagen,Golf,3.6,47502,Automatic,Electric,First,23863.43
2024,Volkswagen,Golf,1.4,50688,Automatic,Petrol,Third,16167.88
2013,Volkswagen,Golf,1.4,21564,Automatic,Petrol,First,6202.92
2021,Volkswagen,Golf,1.8,65938,Automatic,Hybrid,Third,14012.65
2022,Volkswagen,Golf,1.8,22012,Automatic,Electric,First,25563.51
2014,Volkswagen,Golf,3.6,19120,Manual,Petrol,Third,7364.84
2016,Volkswagen,Golf,1.4,42865,Automatic,Diesel,Second,9053.84
2021,Volkswagen,Golf,3.6,101952,Manual,Electric,First,21811.81
2016,Subaru,Outback,2.4,32447,Automatic,Petrol,First,11344.64
2024,Subaru,Outback,2.5,71084,Automatic,Petrol,Third,14518.12
2021,Subaru,Outback,2.5,8846,Automatic,Petrol,Second,16164.96
2014,Subaru,Outback,2.0,76898,Automatic,Hybrid,First,11767.55
2021,Subaru,Outback,2.4,51559,Automatic,Electric,First,21830.21
2021,Subaru,Outback,2.0,98672,Automatic,Diesel,First,15573.08
2020,Subaru,Outback,2.0,105100,Automatic,Hybrid,First,16886.75
2019,Subaru,Outback,2.0,47447,Automatic,Hybrid,Second,13988.7
2022,Subaru,Outback,2.4,64609,Manual,Diesel,Third,12493.09
2021,Subaru,Outback,2.0,101740,Manual,Diesel,Third,9359.96
2021,Subaru,Outback,2.0,97827,Automatic,Hybrid,First,18755.67
2017,Subaru,Outback,2.4,39584,Automatic,Diesel,Third,9192.87
2021,Subaru,Outback,2.5,19037,Automatic,Petrol,Second,15076.62
2024,Subaru,Outback,2.4,24427,Automatic,Hybrid,First,25175.7
2021,Subaru,Outback,2.4,64693,Automatic,Diesel,Third,11313.23
2013,Subaru,Outback,2.5,35136,Automatic,Diesel,Third,8223.58
2021,Subaru,Outback,2.4,63558,Manual,Hybrid,First,19398.44
2022,Subaru,Outback,2.4,46664,Automatic,Electric,Second,21116.3
2023,Subaru,Outback,2.0,107439,Manual,Hybrid,Second,15313.67
2018,Subaru,Outback,2.5,15161,Manual,Diesel,Second,12321.13
2019,Subaru,Outback,2.5,56424,Manual,Electric,First,17167.13
2013,Subaru,Outback,2.0,24990,Manual,Hybrid,Second,7469.35
2013,Subaru,Outback,2.4,40504,Automatic,Hybrid,First,11574.96
2018,Subaru,Outback,2.5,95823,Manual,Hybrid,Third,9645.36
2021,Subaru,Outback,2.0,6706,Automatic,Hybrid,Third,14620.2
2018,Subaru,Outback,2.0,49326,Automatic,Hybrid,Third,11013.17
2017,Subaru,Outback,2.0,90629,Manual,Diesel,Third,7822.41
2019,Subaru,Outback,2.4,108362,Manual,Diesel,First,11820.44
2023,Subaru,Outback,2.4,6408,Manual,Electric,First,24438.94
2020,Subaru,Outback,2.4,58027,Manual,Petrol,Third,10915.23
2024,Subaru,Outback,2.0,128250,Automatic,Electric,Third,17940.88
2021,Subaru,Outback,2.4,54843,Automatic,Diesel,Third,13634.05
2014,Subaru,Outback,2.4,94529,Automatic,Petrol,Third,4698.13
2019,Subaru,Outback,2.0,100410,Manual,Electric,Third,13060.98
2019,Subaru,Outback,2.5,62679,Automatic,Diesel,Third,10234.42
2018,Subaru,Outback,2.0,120735,Manual,Hybrid,Third,7817.73
2022,Subaru,Outback,2.4,115502,Manual,Electric,First,19954.68
2022,Subaru,Outback,2.0,65399,Manual,Hybrid,First,16964.13
2016,Subaru,Outback,2.4,119890,Automatic,Electric,Third,9641.7
2015,Subaru,Outback,2.4,111925,Manual,Hybrid,Third,5859.0
2023,Subaru,Outback,2.5,129550,Manual,Hybrid,First,18011.4
2014,Subaru,Outback,2.5,94657,Manual,Hybrid,Second,6524.8
2018,Subaru,Outback,2.5,51100,Automatic,Petrol,Third,9727.25
2015,Subaru,Outback,2.4,122423,Automatic,Diesel,Third,6177.92
2017,Subaru,Outback,2.0,83222,Manual,Diesel,Third,7681.62
2021,Subaru,Outback,2.4,79946,Manual,Diesel,Second,14242.32
2019,Subaru,Outback,2.5,119560,Manual,Diesel,First,13478.73
2015,Subaru,Outback,2.5,49794,Automatic,Hybrid,Third,9412.47
2024,Subaru,Outback,2.5,66261,Manual,Electric,Third,18724.69
2024,Subaru,Outback,2.5,16369,Automatic,Hybrid,Second,22205.45
2013,Subaru,Outback,2.5,27686,Automatic,Hybrid,First,11198.15
2024,Subaru,Outback,2.4,23199,Automatic,Electric,Second,22835.79
2021,Subaru,Outback,2.0,87261,Automatic,Petrol,Third,11743.81
2017,Subaru,Outback,2.5,26815,Automatic,Electric,First,18161.36
2024,Subaru,Outback,2.4,28101,Automatic,Petrol,Second,18698.41
2022,Subaru,Outback,2.0,77440,Automatic,Petrol,First,17568.5
2022,Subaru,Outback,2.0,105495,Manual,Diesel,Second,13816.54
2018,Subaru,Outback,2.0,107725,Automatic,Diesel,Second,11146.23
2016,Subaru,Outback,2.5,21083,Automatic,Diesel,Second,10838.38
2020,Subaru,Outback,2.5,129344,Manual,Electric,First,16563.28
2016,Subaru,Outback,2.0,26403,Automatic,Diesel,Third,8346.11
2014,Subaru,Outback,2.0,45919,Automatic,Electric,Second,11723.15
2024,Subaru,Outback,2.5,59840,Manual,Electric,Second,21495.99
2023,Subaru,Outback,2.4,55802,Manual,Diesel,Second,16757.19
2020,Subaru,Outback,2.0,88956,Manual,Diesel,Second,11515.64
2023,Subaru,Outback,2.5,27551,Automatic,Petrol,Third,14180.44
2013,Subaru,Outback,2.4,95518,Manual,Electric,First,8461.53
2015,Subaru,Outback,2.5,91035,Automatic,Electric,First,13856.84
2023,Subaru,Outback,2.0,5670,Manual,Petrol,First,19946.15
2024,Subaru,Outback,2.5,84212,Automatic,Hybrid,First,22857.85
2016,Subaru,Outback,2.4,74011,Manual,Diesel,Third,7558.55
2022,Subaru,Outback,2.4,64217,Manual,Hybrid,Third,11767.25
2021,Subaru,Outback,2.0,13337,Manual,Hybrid,Third,12819.79
2015,Subaru,Outback,2.0,17274,Automatic,Diesel,Third,9562.7
2015,Subaru,Outback,2.5,115096,Manual,Hybrid,First,7814.16
2016,Subaru,Outback,2.4,85680,Manual,Hybrid,Second,8826.26
2020,Subaru,Outback,2.0,91765,Manual,Petrol,Second,12458.11
2019,Subaru,Outback,2.5,48821,Manual,Electric,Third,12354.52
2021,Subaru,Outback,2.0,26134,Manual,Hybrid,First,19441.9
2015,Subaru,Outback,2.4,67624,Manual,Diesel,First,7917.84
2020,Subaru,Forester,2.0,105958,Manual,Petrol,First,11706.35
2018,Subaru,Forester,2.5,110753,Automatic,Electric,Second,14005.74
2014,Subaru,Forester,2.0,24164,Manual,Hybrid,Second,9680.58
2014,Subaru,Forester,2.4,16763,Automatic,Hybrid,Second,11198.74
2022,Subaru,Forester,2.0,88776,Manual,Electric,Third,15005.88
2022,Subaru,Forester,2.4,3645,Automatic,Hybrid,Third,15866.19
2015,Subaru,Forester,2.4,55739,Manual,Hybrid,First,10867.64
2013,Subaru,Forester,2.5,92990,Manual,Petrol,First,3952.38
2013,Subaru,Forester,2.4,26084,Automatic,Hybrid,Second,9959.64
2020,Subaru,Forester,2.5,102611,Automatic,Electric,First,18233.49
2019,Subaru,Forester,2.5,5455,Automatic,Diesel,First,18215.77
2018,Subaru,Forester,2.4,13586,Manual,Petrol,Second,10662.73
2015,Subaru,Forester,2.0,78450,Manual,Electric,Third,8946.53
2021,Subaru,Forester,2.4,33780,Automatic,Petrol,Third,12038.27
2015,Subaru,Forester,2.5,77200,Automatic,Hybrid,First,12940.64
2015,Subaru,Forester,2.5,115494,Automatic,Diesel,Second,6275.95
2023,Subaru,Forester,2.0,30762,Automatic,Diesel,Third,15452.44
2017,Subaru,Forester,2.4,6197,Manual,Electric,Third,12501.54
2017,Subaru,Forester,2.5,101424,Manual,Petrol,Third,7837.81
2016,Subaru,Forester,2.0,34373,Manual,Electric,First,13067.14
2013,Subaru,Forester,2.0,129625,Automatic,Petrol,Second,2458.11
2017,Subaru,Forester,2.5,66371,Automatic,Petrol,Second,9453.81
2020,Subaru,Forester,2.0,107555,Automatic,Petrol,First,13117.5
2022,Subaru,Forester,2.5,40101,Manual,Hybrid,Third,15019.79
2022,Subaru,Forester,2.4,59784,Manual,Diesel,Second,13889.99
2024,Subaru,Forester,2.5,43971,Automatic,Petrol,Second,17781.18
2013,Subaru,Forester,2.5,84211,Manual,Diesel,Second,4974.6
2019,Subaru,Forester,2.0,105132,Manual,Electric,Second,14163.66
2017,Subaru,Forester,2.0,80166,Manual,Hybrid,First,11693.65
2014,Subaru,Forester,2.0,44154,Automatic,Diesel,Third,5930.59
2014,Subaru,Forester,2.5,129699,Manual,Hybrid,Second,6677.03
2018,Subaru,Forester,2.5,52838,Automatic,Hybrid,Second,14284.96
2014,Subaru,Forester,2.5,45084,Automatic,Diesel,Second,6741.86
2023,Subaru,Forester,2.0,78802,Automatic,Hybrid,Third,16063.64
2018,Subaru,Forester,2.5,70589,Automatic,Hybrid,Third,12293.51
2014,Subaru,Forester,2.4,36107,Automatic,Diesel,Second,10199.76
2021,Subaru,Forester,2.5,76794,Automatic,Hybrid,First,18001.46
2024,Subaru,Forester,2.5,8356,Automatic,Electric,Third,20143.31
2021,Subaru,Forester,2.0,55183,Automatic,Hybrid,First,19083.93
2019,Subaru,Forester,2.4,21262,Manual,Diesel,First,17170.5
2019,Subaru,Forester,2.4,39577,Manual,Diesel,Second,14032.82
2017,Subaru,Forester,2.5,112518,Manual,Petrol,Second,7034.54
2015,Subaru,Forester,2.0,89412,Manual,Diesel,First,8170.14
2017,Subaru,Forester,2.0,105657,Automatic,Diesel,First,9458.65
2021,Subaru,Forester,2.0,40312,Automatic,Petrol,Second,13764.53
2019,Subaru,Forester,2.4,125552,Manual,Diesel,Third,8743.73
2021,Subaru,Forester,2.5,7222,Automatic,Diesel,First,20777.72
2017,Subaru,Forester,2.5,65225,Automatic,Hybrid,Third,12282.58
2024,Subaru,Forester,2.4,61373,Manual,Hybrid,Second,17957.98
2016,Subaru,Forester,2.5,57534,Manual,Diesel,Second,7909.81
2021,Subaru,Forester,2.4,25126,Manual,Hybrid,First,18676.08
2017,Subaru,Forester,2.0,25701,Manual,Electric,Third,11041.85
2024,Subaru,Forester,2.4,49666,Manual,Electric,Second,20328.6
2021,Subaru,Forester,2.4,107421,Manual,Electric,Third,11568.74
2019,Subaru,Forester,2.5,90523,Manual,Electric,Third,12183.62
2020,Subaru,Forester,2.4,53483,Manual,Electric,Second,16107.71
2016,Subaru,Forester,2.5,116140,Automatic,Hybrid,Second,8926.27
2020,Subaru,Forester,2.4,96411,Manual,Diesel,Third,9673.02
2017,Subaru,Forester,2.5,18246,Manual,Diesel,First,12986.67
2021,Subaru,Forester,2.0,100565,Manual,Diesel,First,14204.68
2020,Subaru,Forester,2.5,31957,Automatic,Electric,First,22230.57
2016,Subaru,Forester,2.0,49702,Manual,Electric,Third,10242.98
2024,Subaru,Forester,2.4,73701,Manual,Hybrid,Third,15311.91
2016,Subaru,Forester,2.4,61843,Automatic,Hybrid,Third,9745.2
2017,Subaru,Forester,2.4,58433,Manual,Petrol,Second,8798.71
2021,Subaru,Forester,2.5,27053,Automatic,Electric,Second,20669.97
2015,Subaru,Forester,2.0,41966,Automatic,Hybrid,Second,9581.1
2018,Subaru,Forester,2.4,86955,Manual,Diesel,Second,11486.58
2020,Subaru,Forester,2.0,15949,Manual,Hybrid,First,19304.68
2015,Subaru,Forester,2.4,115339,Automatic,Petrol,First,6894.75
2017,Subaru,Forester,2.0,75666,Automatic,Diesel,Second,10059.41
2015,Subaru,Forester,2.4,13764,Automatic,Petrol,First,11440.91
2023,Subaru,Forester,2.5,44575,Manual,Electric,First,23388.53
2019,Subaru,Forester,2.4,12764,Automatic,Diesel,First,17319.3
2022,Subaru,Forester,2.4,33203,Automatic,Hybrid,Third,13990.44
2014,Subaru,Forester,2.4,113212,Manual,Hybrid,Third,4729.53
2016,Subaru,Forester,2.5,14156,Automatic,Diesel,Second,10699.32
2016,Subaru,Forester,2.4,123752,Manual,Petrol,Second,4813.93
2014,Subaru,Forester,2.5,57086,Manual,Petrol,Third,2147.69
2024,Subaru,Forester,2.0,103605,Manual,Hybrid,First,19448.99
2014,Subaru,Ascent,2.0,105793,Manual,Hybrid,First,5551.24
2018,Subaru,Ascent,2.0,96516,Manual,Diesel,Third,7810.25
2017,Subaru,Ascent,2.5,79974,Manual,Hybrid,Second,10189.35
2014,Subaru,Ascent,2.0,70586,Manual,Electric,Third,7944.71
2017,Subaru,Ascent,2.4,57765,Manual,Electric,Second,12407.81
2020,Subaru,Ascent,2.5,64671,Automatic,Diesel,Second,14478.12
2023,Subaru,Ascent,2.4,41907,Automatic,Hybrid,Third,16603.44
2013,Subaru,Ascent,2.5,124696,Automatic,Hybrid,First,5432.82
2024,Subaru,Ascent,2.0,124299,Automatic,Petrol,Second,14711.87
2018,Subaru,Ascent,2.0,112623,Manual,Diesel,First,8609.37
2023,Subaru,Ascent,2.5,118430,Manual,Diesel,First,17197.48
2015,Subaru,Ascent,2.0,36550,Automatic,Electric,Second,11922.94
2024,Subaru,Ascent,2.5,48596,Manual,Electric,Second,20295.99
2017,Subaru,Ascent,2.5,38256,Manual,Diesel,Second,10143.33
2024,Subaru,Ascent,2.5,108700,Manual,Electric,Third,15906.97
2022,Subaru,Ascent,2.0,59605,Manual,Diesel,Third,12937.82
2016,Subaru,Ascent,2.5,48248,Automatic,Hybrid,First,15279.0
2016,Subaru,Ascent,2.5,120739,Manual,Hybrid,First,11069.26
2023,Subaru,Ascent,2.4,89998,Automatic,Electric,First,22975.77
2024,Subaru,Ascent,2.5,113723,Automatic,Diesel,Third,14430.74
2018,Subaru,Ascent,2.5,39539,Manual,Electric,Second,15683.04
2019,Subaru,Ascent,2.5,84580,Automatic,Petrol,Third,10498.9
2014,Subaru,Ascent,2.0,79326,Manual,Diesel,First,5284.18
2020,Subaru,Ascent,2.5,83061,Automatic,Petrol,Second,14105.51
2024,Subaru,Ascent,2.4,91155,Manual,Diesel,First,18721.11
2021,Subaru,Ascent,2.4,65272,Manual,Petrol,Second,12450.17
2022,Subaru,Ascent,2.0,20673,Automatic,Electric,Second,20209.04
2017,Subaru,Ascent,2.5,102708,Automatic,Electric,Second,12532.37
2014,Subaru,Ascent,2.5,66134,Automatic,Petrol,Second,6391.9
2017,Subaru,Ascent,2.0,10647,Manual,Hybrid,Third,10808.31
2014,Subaru,Ascent,2.5,56546,Automatic,Hybrid,Second,9011.41
2017,Subaru,Ascent,2.4,70737,Automatic,Diesel,Second,9604.24
2019,Subaru,Ascent,2.4,39426,Automatic,Electric,First,20013.18
2024,Subaru,Ascent,2.4,99155,Manual,Hybrid,Second,16121.03
2018,Subaru,Ascent,2.4,114870,Automatic,Electric,Third,11482.06
2019,Subaru,Ascent,2.0,29619,Manual,Petrol,Third,10118.75
2023,Subaru,Ascent,2.0,83723,Manual,Petrol,First,14088.69
2020,Subaru,Ascent,2.0,21919,Automatic,Hybrid,First,18918.38
2013,Subaru,Ascent,2.0,62288,Automatic,Electric,Third,8629.6
2024,Subaru,Ascent,2.0,66295,Manual,Diesel,Second,17352.67
2022,Subaru,Ascent,2.0,86228,Automatic,Diesel,Second,15339.54
2022,Subaru,Ascent,2.4,123501,Manual,Petrol,Third,10131.73
2017,Subaru,Ascent,2.4,9625,Manual,Diesel,Second,12270.54
2023,Subaru,Ascent,2.0,70096,Manual,Petrol,Second,13166.23
2018,Subaru,Ascent,2.5,80530,Automatic,Hybrid,Second,13243.03
2023,Subaru,Ascent,2.4,67558,Manual,Hybrid,First,21153.47
2020,Subaru,Ascent,2.0,118936,Manual,Hybrid,First,15184.97
2017,Subaru,Ascent,2.4,96300,Manual,Petrol,First,8381.82
2020,Subaru,Ascent,2.4,64478,Manual,Diesel,First,14466.24
2023,Subaru,Ascent,2.5,65432,Automatic,Hybrid,Second,19782.02
2022,Subaru,Ascent,2.5,66247,Manual,Diesel,First,18202.68
2016,Subaru,Ascent,2.4,32712,Manual,Hybrid,First,13238.95
2024,Subaru,Ascent,2.0,11837,Manual,Diesel,Third,15834.07
2021,Subaru,Ascent,2.5,107938,Automatic,Hybrid,Third,13707.12
2020,Subaru,Ascent,2.4,79668,Manual,Petrol,Third,8433.13
2016,Subaru,Ascent,2.5,96399,Manual,Diesel,Third,6388.92
2013,Subaru,Ascent,2.4,28000,Manual,Diesel,Third,5951.95
2017,Subaru,Ascent,2.4,28437,Automatic,Petrol,Second,11821.61
2016,Subaru,Ascent,2.5,28150,Manual,Hybrid,Second,11306.28
2024,Subaru,Ascent,2.5,19867,Automatic,Diesel,First,22508.08
2023,Subaru,Ascent,2.5,36958,Automatic,Hybrid,First,25151.55
2015,Subaru,Ascent,2.0,129745,Manual,Hybrid,First,7859.4
2018,Subaru,Ascent,2.5,4908,Manual,Electric,First,19288.68
2019,Subaru,Ascent,2.4,100543,Automatic,Petrol,Third,8556.24
2015,Subaru,Ascent,2.4,58061,Manual,Electric,Second,9529.54
2021,Subaru,Ascent,2.0,84840,Automatic,Electric,Second,16280.89
2013,Subaru,Ascent,2.4,72981,Manual,Electric,Second,9367.66
2016,Subaru,Ascent,2.0,119575,Manual,Electric,Third,6501.29
2024,Subaru,Ascent,2.5,122788,Manual,Electric,Second,18702.3
2019,Subaru,Ascent,2.4,123996,Manual,Diesel,Second,9395.26
2018,Subaru,Ascent,2.5,83202,Manual,Diesel,First,11184.93
2014,Subaru,Ascent,2.5,45932,Automatic,Hybrid,First,11591.86
2021,Subaru,Ascent,2.5,3733,Manual,Hybrid,Second,17957.16
2023,Subaru,Ascent,2.0,7717,Automatic,Electric,Third,17492.45
2014,Subaru,Ascent,2.4,84120,Automatic,Hybrid,First,11370.62
2022,Subaru,Ascent,2.0,100760,Manual,Hybrid,Second,14496.36
2020,Subaru,Ascent,2.0,10521,Manual,Hybrid,Second,16384.72
2022,Subaru,Ascent,2.0,97729,Automatic,Diesel,Second,15397.27
2017,Subaru,Ascent,2.4,10839,Automatic,Diesel,First,15432.28
2021,Subaru,Ascent,2.4,82985,Automatic,Petrol,First,17244.35
2023,Subaru,Impreza,2.5,31709,Manual,Electric,Third,17819.68
2015,Subaru,Impreza,2.5,99135,Automatic,Diesel,Third,7748.26
2018,Subaru,Impreza,2.4,101582,Manual,Diesel,First,10110.45
2016,Subaru,Impreza,2.0,54632,Manual,Electric,Third,8761.3
2014,Subaru,Impreza,2.0,118386,Manual,Petrol,Second,4083.99
2021,Subaru,Impreza,2.5,90936,Manual,Electric,Third,12674.51
2014,Subaru,Impreza,2.4,102295,Automatic,Petrol,Third,3500.5
2017,Subaru,Impreza,2.4,74360,Manual,Hybrid,First,12697.93
2023,Subaru,Impreza,2.0,126187,Manual,Diesel,First,16077.93
2024,Subaru,Impreza,2.4,119647,Automatic,Electric,Third,16613.13
2019,Subaru,Impreza,2.0,6762,Automatic,Electric,Second,18481.67
2021,Subaru,Impreza,2.0,75459,Manual,Diesel,Third,10319.78
2018,Subaru,Impreza,2.4,125285,Manual,Diesel,First,9147.8
2018,Subaru,Impreza,2.5,25371,Manual,Electric,First,16312.77
2016,Subaru,Impreza,2.4,88928,Manual,Hybrid,Second,10181.94
2021,Subaru,Impreza,2.4,115333,Automatic,Hybrid,First,18708.85
2020,Subaru,Impreza,2.0,70310,Manual,Diesel,First,14334.5
2021,Subaru,Impreza,2.0,72199,Manual,Hybrid,Third,12080.15
2019,Subaru,Impreza,2.4,123974,Automatic,Petrol,Third,8389.58
2019,Subaru,Impreza,2.0,12326,Automatic,Diesel,Third,11977.97
2014,Subaru,Impreza,2.4,65382,Automatic,Electric,Third,6460.2
2014,Subaru,Impreza,2.0,43506,Automatic,Hybrid,Third,7839.94
2022,Subaru,Impreza,2.0,63126,Automatic,Petrol,First,17558.99
2013,Subaru,Impreza,2.0,101723,Automatic,Hybrid,Second,7090.12
2021,Subaru,Impreza,2.5,81637,Manual,Petrol,Third,12625.89
2013,Subaru,Impreza,2.0,103546,Manual,Petrol,First,3533.42
2013,Subaru,Impreza,2.4,120631,Manual,Hybrid,Third,4191.75
2018,Subaru,Impreza,2.4,8940,Manual,Petrol,Second,12521.68
2022,Subaru,Impreza,2.5,57377,Automatic,Diesel,Third,12856.58
2018,Subaru,Impreza,2.5,88376,Automatic,Electric,First,17287.53
2023,Subaru,Impreza,2.4,110112,Manual,Hybrid,Second,16238.54
2022,Subaru,Impreza,2.5,125508,Manual,Diesel,Second,12706.87
2022,Subaru,Impreza,2.4,41013,Manual,Hybrid,First,22044.42
2024,Subaru,Impreza,2.0,115172,Manual,Petrol,Second,14012.16
2013,Subaru,Impreza,2.0,30737,Automatic,Electric,Third,9044.24
2023,Subaru,Impreza,2.5,77539,Manual,Petrol,Third,11644.76
2016,Subaru,Impreza,2.0,95734,Manual,Petrol,Second,6201.08
2013,Subaru,Impreza,2.4,116968,Manual,Diesel,Third,2826.43
2017,Subaru,Impreza,2.5,98781,Automatic,Diesel,Second,10364.9
2021,Subaru,Impreza,2.0,70249,Automatic,Hybrid,Second,14399.7
2019,Subaru,Impreza,2.0,45794,Manual,Diesel,First,13428.15
2019,Subaru,Impreza,2.4,81737,Manual,Petrol,First,11725.22
2017,Subaru,Impreza,2.4,80006,Manual,Diesel,Second,9407.05
2020,Subaru,Impreza,2.0,65473,Automatic,Diesel,Second,15535.28
2019,Subaru,Impreza,2.5,99808,Manual,Electric,Third,11788.51
2014,Subaru,Impreza,2.4,10931,Manual,Electric,First,12459.48
2016,Subaru,Impreza,2.5,72017,Manual,Diesel,Second,9141.17
2018,Subaru,Impreza,2.4,99280,Automatic,Petrol,First,12250.85
2016,Subaru,Impreza,2.4,118095,Automatic,Diesel,Second,6944.16
2017,Subaru,Impreza,2.5,11911,Manual,Diesel,First,13201.97
2013,Subaru,Impreza,2.4,75496,Automatic,Electric,Second,9624.69
2018,Subaru,Impreza,2.0,121481,Manual,Diesel,First,8795.25
2016,Subaru,Impreza,2.0,111054,Automatic,Diesel,First,8804.58
2023,Subaru,Impreza,2.5,128481,Automatic,Electric,First,21478.6
2015,Subaru,Impreza,2.5,100571,Manual,Electric,Second,8942.7
2024,Subaru,Impreza,2.0,59827,Automatic,Hybrid,Second,20997.79
2014,Subaru,Impreza,2.5,104911,Automatic,Diesel,First,7183.93
2013,Subaru,Impreza,2.5,73446,Automatic,Electric,First,11215.24
2022,Subaru,Impreza,2.0,30913,Automatic,Electric,Second,19789.49
2018,Subaru,Impreza,2.4,71569,Automatic,Hybrid,First,15103.75
2021,Subaru,Impreza,2.4,85168,Manual,Hybrid,First,18303.64
2024,Subaru,Impreza,2.0,43062,Manual,Electric,Second,21795.21
2016,Subaru,Impreza,2.0,64980,Automatic,Hybrid,Second,10780.44
2021,Subaru,Impreza,2.0,43080,Automatic,Hybrid,Second,16464.2
2013,Subaru,Impreza,2.4,120769,Automatic,Petrol,Third,5087.62
2024,Subaru,Impreza,2.0,92189,Manual,Diesel,First,19133.29
2015,Subaru,Impreza,2.5,108307,Manual,Petrol,First,5804.73
2024,Subaru,Impreza,2.5,11057,Manual,Electric,Third,18018.41
2023,Subaru,Impreza,2.4,64457,Automatic,Diesel,Second,15937.84
2020,Subaru,Impreza,2.4,32566,Manual,Diesel,Third,11544.41
2014,Subaru,Impreza,2.5,125159,Automatic,Electric,Second,9897.31
2020,Subaru,Impreza,2.4,101829,Automatic,Electric,First,19736.99
2019,Subaru,Impreza,2.4,105439,Automatic,Petrol,First,12028.02
2015,Subaru,Impreza,2.5,7213,Automatic,Hybrid,Second,12159.59
2013,Subaru,Impreza,2.5,46403,Automatic,Diesel,First,10503.6
2015,Subaru,Impreza,2.5,123638,Automatic,Petrol,Second,7527.07
2016,Subaru,Impreza,2.4,109761,Manual,Diesel,Third,5190.39
2019,Subaru,Impreza,2.4,101594,Automatic,Petrol,First,12717.51
2022,Subaru,Impreza,2.5,98429,Automatic,Petrol,Third,12386.24
2018,Subaru,Impreza,2.5,45866,Automatic,Diesel,First,14225.34
2020,Subaru,Legacy,2.4,97181,Automatic,Electric,Second,17838.69
2020,Subaru,Legacy,2.5,122340,Manual,Electric,First,17009.51
2015,Subaru,Legacy,2.4,44354,Manual,Diesel,First,8538.64
2023,Subaru,Legacy,2.5,68046,Manual,Hybrid,First,20906.79
2014,Subaru,Legacy,2.5,72810,Automatic,Petrol,Second,6275.35
2023,Subaru,Legacy,2.4,114148,Manual,Electric,Second,18301.16
2016,Subaru,Legacy,2.4,48132,Automatic,Electric,Second,14013.66
2018,Subaru,Legacy,2.0,23863,Manual,Diesel,Second,11846.46
2014,Subaru,Legacy,2.0,43562,Automatic,Hybrid,Third,7998.4
2020,Subaru,Legacy,2.5,42793,Automatic,Diesel,Third,12325.63
2018,Subaru,Legacy,2.5,115951,Manual,Petrol,Second,6486.76
2020,Subaru,Legacy,2.4,74257,Automatic,Diesel,First,14959.24
2020,Subaru,Legacy,2.4,78036,Manual,Diesel,Third,10436.33
2023,Subaru,Legacy,2.5,26674,Manual,Diesel,First,18584.46
2018,Subaru,Legacy,2.5,121495,Automatic,Diesel,Third,8188.94
2019,Subaru,Legacy,2.0,103092,Automatic,Diesel,First,13323.55
2020,Subaru,Legacy,2.0,22411,Manual,Petrol,Second,13920.1
2024,Subaru,Legacy,2.4,128938,Manual,Diesel,Second,14368.64
2022,Subaru,Legacy,2.0,65251,Manual,Hybrid,First,19123.53
2018,Subaru,Legacy,2.4,71285,Automatic,Diesel,Second,10810.32
2020,Subaru,Legacy,2.5,4136,Automatic,Diesel,Third,13414.76
2015,Subaru,Legacy,2.4,43043,Automatic,Petrol,Second,8836.4
2017,Subaru,Legacy,2.5,127838,Automatic,Hybrid,Second,12141.12
2024,Subaru,Legacy,2.5,70330,Automatic,Hybrid,Second,19615.94
2021,Subaru,Legacy,2.5,18574,Automatic,Diesel,Second,16293.09
2023,Subaru,Legacy,2.4,19894,Manual,Diesel,First,19543.83
2023,Subaru,Legacy,2.4,42552,Automatic,Electric,Third,17946.04
2021,Subaru,Legacy,2.4,127283,Manual,Petrol,Second,9018.76
2013,Subaru,Legacy,2.4,54857,Manual,Diesel,First,5927.34
2016,Subaru,Legacy,2.5,5435,Automatic,Petrol,Third,10396.25
2017,Subaru,Legacy,2.5,26442,Automatic,Petrol,Second,12609.18
2014,Subaru,Legacy,2.5,42927,Automatic,Hybrid,Third,9470.54
2019,Subaru,Legacy,2.0,75822,Manual,Petrol,Third,8851.09
2013,Subaru,Legacy,2.0,35225,Automatic,Petrol,First,7224.03
2020,Subaru,Legacy,2.0,79093,Automatic,Diesel,Second,12417.02
2013,Subaru,Legacy,2.0,56834,Manual,Diesel,Third,4508.45
2024,Subaru,Legacy,2.5,117676,Automatic,Hybrid,First,22702.52
2014,Subaru,Legacy,2.5,28117,Automatic,Electric,Second,11908.11
2023,Subaru,Legacy,2.5,89427,Automatic,Petrol,Second,17171.5
2015,Subaru,Legacy,2.4,92689,Automatic,Petrol,First,6897.04
2022,Subaru,Legacy,2.5,91624,Automatic,Electric,Second,17320.87
2023,Subaru,Legacy,2.4,102381,Manual,Petrol,First,16519.3
2014,Subaru,Legacy,2.4,98447,Automatic,Hybrid,First,9731.45
2022,Subaru,Legacy,2.0,69934,Automatic,Petrol,Third,13332.83
2014,Subaru,Legacy,2.4,94820,Automatic,Electric,Third,9545.2
2015,Subaru,Legacy,2.4,53416,Manual,Hybrid,Third,9179.74
2018,Subaru,Legacy,2.0,68291,Automatic,Petrol,First,11935.25
2020,Subaru,Legacy,2.5,66623,Automatic,Hybrid,Second,16113.52
2015,Subaru,Legacy,2.4,40783,Manual,Hybrid,Third,8401.11
2021,Subaru,Legacy,2.4,5380,Automatic,Hybrid,Second,18033.09
2018,Subaru,Legacy,2.0,3743,Automatic,Petrol,Third,9580.93
2024,Subaru,Legacy,2.4,49072,Automatic,Electric,Third,18385.31
2016,Subaru,Legacy,2.5,101601,Automatic,Electric,Second,11483.38
2014,Subaru,Legacy,2.5,8656,Automatic,Diesel,Third,8674.06
2024,Subaru,Legacy,2.0,129474,Automatic,Diesel,Third,11572.18
2015,Subaru,Legacy,2.5,121535,Automatic,Petrol,Second,4068.39
2021,Subaru,Legacy,2.5,101427,Automatic,Diesel,Third,11107.45
2013,Subaru,Legacy,2.5,71764,Manual,Hybrid,First,7436.01
2018,Subaru,Legacy,2.4,62475,Manual,Diesel,First,12144.58
2019,Subaru,Legacy,2.0,23553,Automatic,Petrol,First,15576.22
2021,Subaru,Legacy,2.4,7839,Manual,Hybrid,Third,14361.78
2016,Subaru,Legacy,2.5,9794,Manual,Hybrid,Second,12519.53
2022,Subaru,Legacy,2.4,88801,Manual,Petrol,Third,11787.72
2013,Subaru,Legacy,2.4,72385,Manual,Electric,Third,8243.21
2021,Subaru,Legacy,2.0,69251,Manual,Hybrid,Second,15799.73
2024,Subaru,Legacy,2.4,106965,Automatic,Hybrid,First,20681.1
2019,Subaru,Legacy,2.4,23771,Manual,Diesel,First,14478.44
2018,Subaru,Legacy,2.5,107557,Automatic,Diesel,Second,8793.47
2022,Subaru,Legacy,2.5,128434,Manual,Electric,First,18687.38
2022,Subaru,Legacy,2.5,68879,Manual,Petrol,Third,11874.13
2014,Subaru,Legacy,2.0,63162,Manual,Electric,Third,8264.43
2018,Subaru,Legacy,2.0,3235,Manual,Diesel,First,13915.79
2017,Subaru,Legacy,2.0,86150,Automatic,Electric,First,15704.41
2022,Subaru,Legacy,2.4,15485,Automatic,Diesel,First,22205.96
2017,Subaru,Legacy,2.5,39346,Manual,Hybrid,First,14689.16
2022,Subaru,Legacy,2.4,29904,Automatic,Electric,Second,21254.12
2015,Subaru,Legacy,2.4,51175,Automatic,Electric,First,14633.19
2013,Subaru,Legacy,2.5,26802,Manual,Diesel,Second,6689.31
2019,Subaru,Legacy,2.0,41171,Automatic,Electric,Third,13215.31
2017,Subaru,Legacy,2.5,17454,Manual,Hybrid,Second,11850.85
2024,Tesla,Model 3,0.0,15838,Manual,Electric,Third,32563.39
2021,Tesla,Model 3,0.0,67870,Manual,Electric,First,35603.0
2023,Tesla,Model 3,0.0,117108,Automatic,Electric,Second,36768.9
2014,Tesla,Model 3,0.0,10764,Automatic,Electric,First,22614.19
2019,Tesla,Model 3,0.0,34521,Manual,Electric,First,31943.09
2014,Tesla,Model 3,0.0,74796,Automatic,Electric,Third,10459.84
2020,Tesla,Model 3,0.0,14427,Automatic,Electric,Third,27397.61
2013,Tesla,Model 3,0.0,66741,Manual,Electric,First,12765.97
2020,Tesla,Model 3,0.0,6936,Manual,Electric,Third,28496.93
2019,Tesla,Model 3,0.0,99128,Automatic,Electric,Second,23537.0
2018,Tesla,Model 3,0.0,32181,Automatic,Electric,First,32194.61
2023,Tesla,Model 3,0.0,127889,Manual,Electric,First,42198.64
2021,Tesla,Model 3,0.0,64980,Manual,Electric,Second,33613.14
2013,Tesla,Model 3,0.0,128210,Automatic,Electric,First,13270.04
2022,Tesla,Model 3,0.0,31696,Manual,Electric,Second,35858.32
2016,Tesla,Model 3,0.0,32371,Manual,Electric,Second,23951.24
2022,Tesla,Model 3,0.0,68244,Manual,Electric,Third,32380.07
2023,Tesla,Model 3,0.0,26407,Automatic,Electric,Third,25967.8
2018,Tesla,Model 3,0.0,116443,Automatic,Electric,Third,18192.68
2020,Tesla,Model 3,0.0,70266,Automatic,Electric,Third,29937.43
2014,Tesla,Model 3,0.0,7123,Automatic,Electric,First,19994.2
2019,Tesla,Model 3,0.0,121986,Automatic,Electric,Second,29122.99
2021,Tesla,Model 3,0.0,124132,Manual,Electric,Second,33216.02
2014,Tesla,Model 3,0.0,38942,Automatic,Electric,Second,18691.96
2016,Tesla,Model 3,0.0,44602,Automatic,Electric,Third,20901.95
2019,Tesla,Model 3,0.0,111218,Automatic,Electric,Third,21401.36
2013,Tesla,Model 3,0.0,69998,Automatic,Electric,Second,10921.62
2020,Tesla,Model 3,0.0,75168,Automatic,Electric,First,35692.05
2019,Tesla,Model 3,0.0,113456,Manual,Electric,First,31418.44
2020,Tesla,Model 3,0.0,26670,Manual,Electric,Second,31885.21
2021,Tesla,Model 3,0.0,18768,Manual,Electric,Second,33740.36
2018,Tesla,Model 3,0.0,115298,Manual,Electric,Third,19729.36
2024,Tesla,Model 3,0.0,52221,Automatic,Electric,Second,39303.6
2024,Tesla,Model 3,0.0,74431,Automatic,Electric,Second,44017.37
2019,Tesla,Model 3,0.0,47732,Automatic,Electric,Third,20425.39
2024,Tesla,Model 3,0.0,32903,Automatic,Electric,Second,43972.92
2024,Tesla,Model 3,0.0,51234,Manual,Electric,Third,30660.0
2022,Tesla,Model 3,0.0,91987,Automatic,Electric,Second,36118.12
2023,Tesla,Model 3,0.0,7455,Manual,Electric,Second,39146.2
2017,Tesla,Model 3,0.0,59533,Manual,Electric,Third,19627.93
2024,Tesla,Model 3,0.0,40064,Automatic,Electric,Third,35957.65
2014,Tesla,Model 3,0.0,84046,Manual,Electric,Third,10736.35
2015,Tesla,Model 3,0.0,28877,Manual,Electric,Second,17653.05
2014,Tesla,Model 3,0.0,95221,Manual,Electric,First,15886.27
2020,Tesla,Model 3,0.0,7730,Manual,Electric,First,35815.63
2022,Tesla,Model 3,0.0,91979,Manual,Electric,Third,32488.59
2023,Tesla,Model 3,0.0,115943,Automatic,Electric,Third,31132.69
2017,Tesla,Model 3,0.0,33842,Automatic,Electric,Second,25025.88
2023,Tesla,Model 3,0.0,24366,Automatic,Electric,First,48565.27
2013,Tesla,Model 3,0.0,3329,Automatic,Electric,Third,8364.25
2022,Tesla,Model 3,0.0,80781,Automatic,Electric,First,40429.17
2019,Tesla,Model 3,0.0,19825,Manual,Electric,First,35562.35
2014,Tesla,Model 3,0.0,56865,Automatic,Electric,Second,14709.27
2021,Tesla,Model 3,0.0,31269,Automatic,Electric,Third,28251.11
2017,Tesla,Model 3,0.0,116399,Manual,Electric,First,24295.43
2013,Tesla,Model 3,0.0,41585,Automatic,Electric,First,14101.78
2018,Tesla,Model 3,0.0,116246,Automatic,Electric,First,26723.8
2015,Tesla,Model 3,0.0,17138,Automatic,Electric,Third,13829.77
2017,Tesla,Model 3,0.0,122829,Automatic,Electric,First,23637.42
2014,Tesla,Model 3,0.0,113875,Automatic,Electric,First,12522.86
2024,Tesla,Model 3,0.0,74698,Automatic,Electric,Second,41038.75
2020,Tesla,Model 3,0.0,63796,Manual,Electric,Second,28176.15
2015,Tesla,Model 3,0.0,73284,Automatic,Electric,Second,14677.12
2018,Tesla,Model 3,0.0,74386,Automatic,Electric,First,29731.32
2013,Tesla,Model 3,0.0,24149,Manual,Electric,First,12471.02
2024,Tesla,Model 3,0.0,20650,Manual,Electric,Third,35768.25
2013,Tesla,Model 3,0.0,39872,Manual,Electric,First,13846.87
2016,Tesla,Model 3,0.0,126484,Automatic,Electric,First,16126.37
2013,Tesla,Model 3,0.0,43488,Automatic,Electric,First,15395.23
2016,Tesla,Model 3,0.0,124019,Manual,Electric,Third,8076.11
2016,Tesla,Model 3,0.0,64216,Automatic,Electric,Third,15421.18
2016,Tesla,Model 3,0.0,15631,Manual,Electric,Third,18145.16
2019,Tesla,Model 3,0.0,63513,Manual,Electric,Second,24732.93
2023,Tesla,Model 3,0.0,7360,Manual,Electric,Second,40107.88
2022,Tesla,Model 3,0.0,43160,Manual,Electric,First,42540.01
2019,Tesla,Model 3,0.0,63514,Automatic,Electric,First,32693.45
2017,Tesla,Model 3,0.0,89509,Manual,Electric,Third,16500.0
2022,Tesla,Model 3,0.0,54524,Automatic,Electric,Second,37536.2
2017,Tesla,Model 3,0.0,41996,Manual,Electric,First,24211.29
2021,Tesla,Model 3,0.0,114837,Manual,Electric,First,33420.69
2015,Tesla,Model Y,0.0,108116,Manual,Electric,Third,14181.05
2013,Tesla,Model Y,0.0,128879,Automatic,Electric,Third,9830.37
2018,Tesla,Model Y,0.0,4502,Manual,Electric,Third,21406.49
2020,Tesla,Model Y,0.0,59671,Automatic,Electric,First,40375.16
2013,Tesla,Model Y,0.0,59235,Automatic,Electric,First,15106.05
2024,Tesla,Model Y,0.0,127490,Manual,Electric,Second,37199.09
2020,Tesla,Model Y,0.0,114873,Manual,Electric,First,33230.2
2019,Tesla,Model Y,0.0,102456,Automatic,Electric,Second,28412.44
2021,Tesla,Model Y,0.0,16472,Manual,Electric,Third,28268.96
2013,Tesla,Model Y,0.0,81761,Manual,Electric,Third,6642.8
2024,Tesla,Model Y,0.0,97425,Automatic,Electric,Third,29500.75
2013,Tesla,Model Y,0.0,63109,Manual,Electric,First,12811.75
2023,Tesla,Model Y,0.0,34790,Manual,Electric,First,45431.59
2016,Tesla,Model Y,0.0,114497,Manual,Electric,Second,14432.43
2024,Tesla,Model Y,0.0,34937,Manual,Electric,First,47837.59
2015,Tesla,Model Y,0.0,92070,Automatic,Electric,Second,18197.21
2018,Tesla,Model Y,0.0,100818,Automatic,Electric,Third,17592.73
2017,Tesla,Model Y,0.0,67430,Automatic,Electric,Third,17437.4
2016,Tesla,Model Y,0.0,24118,Manual,Electric,Second,17050.56
2022,Tesla,Model Y,0.0,47592,Manual,Electric,First,41698.01
2023,Tesla,Model Y,0.0,23442,Automatic,Electric,Second,37486.32
2022,Tesla,Model Y,0.0,48337,Automatic,Electric,First,44101.0
2013,Tesla,Model Y,0.0,46293,Manual,Electric,First,12632.48
2020,Tesla,Model Y,0.0,126787,Manual,Electric,Third,28773.74
2017,Tesla,Model Y,0.0,100257,Automatic,Electric,Third,15760.25
2019,Tesla,Model Y,0.0,120553,Manual,Electric,Second,27397.98
2024,Tesla,Model Y,0.0,88511,Automatic,Electric,Third,33952.78
2024,Tesla,Model Y,0.0,22189,Manual,Electric,Third,31169.27
2022,Tesla,Model Y,0.0,91585,Manual,Electric,Second,34338.23
2023,Tesla,Model Y,0.0,11408,Manual,Electric,Third,31197.57
2021,Tesla,Model Y,0.0,126904,Manual,Electric,Third,26018.0
2013,Tesla,Model Y,0.0,30385,Manual,Electric,Second,15561.09
2016,Tesla,Model Y,0.0,10420,Automatic,Electric,Third,21775.61
2016,Tesla,Model Y,0.0,73531,Automatic,Electric,Third,14150.81
2016,Tesla,Model Y,0.0,120892,Manual,Electric,Third,14661.37
2018,Tesla,Model Y,0.0,107133,Manual,Electric,Third,17920.63
2022,Tesla,Model Y,0.0,106416,Manual,Electric,Second,33347.06
2016,Tesla,Model Y,0.0,9339,Manual,Electric,Second,16994.74
2022,Tesla,Model Y,0.0,79565,Automatic,Electric,Second,37076.55
2015,Tesla,Model Y,0.0,80886,Automatic,Electric,First,18306.0
2020,Tesla,Model Y,0.0,37055,Automatic,Electric,First,40773.22
2021,Tesla,Model Y,0.0,21610,Manual,Electric,First,40847.34
2022,Tesla,Model Y,0.0,103154,Automatic,Electric,Third,31727.59
2017,Tesla,Model Y,0.0,26480,Automatic,Electric,Second,27081.57
2018,Tesla,Model Y,0.0,35611,Manual,Electric,Third,23258.95
2022,Tesla,Model Y,0.0,60036,Automatic,Electric,Third,30476.37
2023,Tesla,Model Y,0.0,61214,Automatic,Electric,Second,38216.55
2021,Tesla,Model Y,0.0,70432,Automatic,Electric,Second,35756.62
2015,Tesla,Model Y,0.0,3308,Manual,Electric,First,20527.55
2024,Tesla,Model Y,0.0,89210,Manual,Electric,Second,39173.47
2015,Tesla,Model Y,0.0,76978,Manual,Electric,First,19173.17
2023,Tesla,Model Y,0.0,39496,Automatic,Electric,First,49845.69
2015,Tesla,Model Y,0.0,18836,Manual,Electric,First,23766.85
2021,Tesla,Model Y,0.0,12453,Manual,Electric,Third,28431.43
2022,Tesla,Model Y,0.0,56377,Automatic,Electric,First,42468.42
2016,Tesla,Model Y,0.0,28929,Automatic,Electric,First,19376.61
2015,Tesla,Model Y,0.0,99834,Manual,Electric,Second,15102.88
2020,Tesla,Model Y,0.0,104317,Manual,Electric,Second,27926.48
2022,Tesla,Model Y,0.0,85078,Automatic,Electric,Third,29736.3
2023,Tesla,Model Y,0.0,54417,Automatic,Electric,Third,30848.18
2017,Tesla,Model Y,0.0,3523,Automatic,Electric,Third,18686.0
2023,Tesla,Model Y,0.0,53012,Automatic,Electric,First,42502.0
2021,Tesla,Model Y,0.0,82114,Manual,Electric,First,30646.78
2017,Tesla,Model Y,0.0,54973,Manual,Electric,Third,17219.9
2015,Tesla,Model Y,0.0,19169,Automatic,Electric,Third,16783.76
2018,Tesla,Model Y,0.0,117996,Automatic,Electric,Third,20001.68
2013,Tesla,Model Y,0.0,106612,Manual,Electric,Second,11485.0
2021,Tesla,Model Y,0.0,71826,Manual,Electric,Second,34971.91
2023,Tesla,Model Y,0.0,64473,Automatic,Electric,Second,37811.25
2022,Tesla,Model Y,0.0,87572,Automatic,Electric,First,43255.59
2016,Tesla,Model Y,0.0,36289,Automatic,Electric,Third,16709.3
2021,Tesla,Model Y,0.0,47906,Automatic,Electric,Third,31044.57
2018,Tesla,Model Y,0.0,24065,Manual,Electric,Third,21552.8
2013,Tesla,Model Y,0.0,76854,Automatic,Electric,Second,16668.13
2016,Tesla,Model Y,0.0,78159,Automatic,Electric,First,22158.47
2014,Tesla,Model Y,0.0,97191,Manual,Electric,Third,12993.58
2017,Tesla,Model Y,0.0,18941,Automatic,Electric,Second,22557.86
2020,Tesla,Model Y,0.0,118770,Manual,Electric,First,33864.82
2022,Tesla,Model Y,0.0,101314,Automatic,Electric,Third,30315.57
2015,Tesla,Model Y,0.0,129371,Automatic,Electric,Second,12617.73
2019,Tata,Nexon,1.2,24547,Manual,Hybrid,First,8799.55
2016,Tata,Nexon,2.0,14879,Manual,Electric,Second,9576.61
2015,Tata,Nexon,1.5,31507,Automatic,Hybrid,First,8511.1
2017,Tata,Nexon,1.2,33646,Automatic,Diesel,Second,6413.53
2019,Tata,Nexon,1.2,16857,Automatic,Petrol,First,8566.62
2015,Tata,Nexon,1.2,119107,Manual,Electric,Second,4578.16
2020,Tata,Nexon,1.5,31039,Manual,Hybrid,Second,7971.72
2017,Tata,Nexon,1.5,80453,Automatic,Diesel,Third,4390.76
2024,Tata,Nexon,1.2,62257,Automatic,Electric,Second,11792.24
2019,Tata,Nexon,1.2,34262,Manual,Diesel,Second,5802.84
2020,Tata,Nexon,1.2,105009,Automatic,Hybrid,First,7523.56
2021,Tata,Nexon,2.0,50150,Manual,Diesel,Second,6771.81
2013,Tata,Nexon,2.0,103001,Automatic,Diesel,First,2791.63
2019,Tata,Nexon,1.5,27652,Automatic,Petrol,First,8087.58
2022,Tata,Nexon,1.5,51996,Manual,Diesel,Third,5282.09
2020,Tata,Nexon,2.0,125372,Manual,Petrol,Third,2098.25
2022,Tata,Nexon,1.5,101718,Automatic,Electric,Third,8306.91
2015,Tata,Nexon,1.5,10945,Manual,Electric,Third,6802.97
2018,Tata,Nexon,2.0,113711,Manual,Diesel,Third,2484.39
2014,Tata,Nexon,2.0,100238,Manual,Petrol,Second,2000.0
2014,Tata,Nexon,1.2,17482,Automatic,Hybrid,Second,6969.85
2022,Tata,Nexon,1.5,14166,Automatic,Diesel,Third,7864.96
2016,Tata,Nexon,1.2,44128,Automatic,Petrol,Third,3334.81
2016,Tata,Nexon,2.0,7342,Manual,Diesel,Third,5066.57
2021,Tata,Nexon,1.5,57101,Manual,Diesel,Third,5761.63
2024,Tata,Nexon,2.0,77954,Manual,Electric,Third,10117.93
2016,Tata,Nexon,1.5,36299,Automatic,Hybrid,First,8422.36
2016,Tata,Nexon,2.0,114140,Automatic,Diesel,First,4513.93
2020,Tata,Nexon,1.5,19091,Manual,Hybrid,Third,7479.71
2020,Tata,Nexon,2.0,123646,Automatic,Electric,First,10637.0
2023,Tata,Nexon,2.0,83116,Automatic,Hybrid,Second,10658.9
2022,Tata,Nexon,1.2,92817,Manual,Diesel,First,6069.48
2020,Tata,Nexon,1.5,117079,Manual,Diesel,Second,3819.98
2017,Tata,Nexon,1.5,75693,Manual,Diesel,Second,3966.09
2016,Tata,Nexon,2.0,126185,Manual,Diesel,First,2085.13
2022,Tata,Nexon,2.0,17687,Manual,Diesel,Third,7301.31
2018,Tata,Nexon,1.5,20235,Manual,Hybrid,Second,8059.56
2020,Tata,Nexon,2.0,83863,Manual,Electric,First,9741.89
2022,Tata,Nexon,1.5,128120,Manual,Electric,First,9074.16
2016,Tata,Nexon,2.0,52494,Manual,Hybrid,Second,7503.97
2024,Tata,Nexon,1.5,128697,Manual,Hybrid,Third,6039.72
2017,Tata,Nexon,1.5,79676,Automatic,Petrol,Second,3528.69
2013,Tata,Nexon,2.0,27568,Automatic,Petrol,Third,3738.36
2014,Tata,Nexon,2.0,17547,Manual,Petrol,First,4177.93
2022,Tata,Nexon,1.2,104128,Manual,Diesel,First,6004.73
2016,Tata,Nexon,1.2,50574,Manual,Hybrid,Second,5561.99
2017,Tata,Nexon,1.5,36593,Manual,Hybrid,Second,6348.64
2023,Tata,Nexon,2.0,21609,Automatic,Petrol,First,10810.52
2023,Tata,Nexon,1.5,97248,Manual,Electric,Third,7268.16
2018,Tata,Nexon,2.0,90595,Automatic,Petrol,Second,4322.57
2015,Tata,Nexon,1.5,114663,Manual,Electric,Second,4836.27
2020,Tata,Nexon,2.0,87225,Manual,Hybrid,Third,6226.96
2020,Tata,Nexon,1.5,75979,Automatic,Electric,First,12117.2
2022,Tata,Nexon,2.0,55644,Automatic,Petrol,Second,8462.86
2022,Tata,Nexon,2.0,63835,Automatic,Electric,First,13945.37
2013,Tata,Nexon,1.5,42051,Manual,Hybrid,Second,5341.72
2020,Tata,Nexon,1.5,33412,Manual,Petrol,Second,5347.88
2022,Tata,Nexon,2.0,127040,Manual,Petrol,Second,4241.7
2019,Tata,Nexon,1.2,43657,Automatic,Electric,First,11510.58
2020,Tata,Nexon,1.2,47228,Automatic,Hybrid,First,10902.89
2016,Tata,Nexon,2.0,96621,Automatic,Electric,Third,6585.54
2016,Tata,Nexon,1.5,84772,Automatic,Hybrid,First,7266.58
2014,Tata,Nexon,2.0,10612,Automatic,Diesel,First,7571.01
2019,Tata,Nexon,2.0,92454,Manual,Electric,Third,7059.75
2020,Tata,Nexon,2.0,3388,Manual,Diesel,Second,8223.93
2020,Tata,Nexon,1.2,91628,Automatic,Petrol,First,5846.62
2018,Tata,Nexon,1.5,48241,Automatic,Electric,Second,9416.41
2013,Tata,Nexon,2.0,115932,Manual,Electric,Second,4642.7
2020,Tata,Nexon,2.0,5215,Automatic,Electric,First,14906.97
2021,Tata,Nexon,1.5,74998,Automatic,Diesel,First,8116.14
2015,Tata,Nexon,1.2,45271,Manual,Electric,First,7971.25
2019,Tata,Nexon,1.5,37830,Automatic,Hybrid,Third,7233.45
2023,Tata,Nexon,1.2,53911,Automatic,Petrol,First,8587.71
2023,Tata,Nexon,1.5,67631,Automatic,Diesel,First,9142.78
2014,Tata,Nexon,1.2,94497,Manual,Electric,Second,5138.37
2021,Tata,Nexon,1.2,23867,Manual,Petrol,First,7364.51
2016,Tata,Nexon,2.0,56006,Manual,Diesel,Second,4021.81
2016,Tata,Nexon,1.5,122742,Manual,Petrol,First,2000.0
2022,Tata,Nexon,1.5,90363,Manual,Electric,First,10592.96
2021,Tata,Nexon,1.2,50419,Manual,Hybrid,Second,7606.05
2013,Tata,Harrier,1.5,12056,Manual,Petrol,First,3205.07
2015,Tata,Harrier,1.2,86302,Automatic,Electric,Third,6437.38
2022,Tata,Harrier,1.2,74165,Automatic,Electric,Second,10665.96
2019,Tata,Harrier,1.2,57582,Automatic,Petrol,Third,4463.63
2020,Tata,Harrier,1.2,89245,Automatic,Hybrid,Third,6373.96
2014,Tata,Harrier,1.2,49676,Manual,Electric,Third,5109.35
2020,Tata,Harrier,1.5,121557,Automatic,Hybrid,Third,6096.91
2018,Tata,Harrier,2.0,127947,Manual,Petrol,Third,2000.0
2016,Tata,Harrier,1.5,52021,Manual,Diesel,Second,4243.48
2016,Tata,Harrier,1.5,86093,Manual,Electric,Third,4744.99
2014,Tata,Harrier,1.5,110135,Manual,Diesel,Second,2000.0
2016,Tata,Harrier,1.5,55937,Automatic,Diesel,Third,4260.6
2017,Tata,Harrier,2.0,76993,Automatic,Diesel,Third,5077.87
2023,Tata,Harrier,1.2,59160,Automatic,Hybrid,Third,7801.17
2024,Tata,Harrier,2.0,95116,Manual,Diesel,Second,6654.79
2022,Tata,Harrier,1.5,79511,Manual,Diesel,Third,5992.62
2016,Tata,Harrier,2.0,57199,Automatic,Electric,Second,9158.21
2024,Tata,Harrier,2.0,50792,Automatic,Diesel,First,11274.02
2018,Tata,Harrier,1.2,61014,Manual,Hybrid,Third,5118.73
2022,Tata,Harrier,2.0,62567,Manual,Hybrid,Third,7221.14
2015,Tata,Harrier,1.5,5500,Automatic,Electric,First,11922.96
2021,Tata,Harrier,2.0,125189,Manual,Diesel,Second,4503.57
2015,Tata,Harrier,1.5,96752,Manual,Electric,First,6544.97
2022,Tata,Harrier,1.5,6033,Manual,Diesel,Third,7170.61
2016,Tata,Harrier,1.2,21004,Manual,Petrol,Second,3681.7
2017,Tata,Harrier,1.5,71368,Automatic,Petrol,Third,3066.55
2015,Tata,Harrier,1.5,5345,Manual,Petrol,Third,3379.47
2019,Tata,Harrier,2.0,103234,Automatic,Electric,Third,7899.78
2017,Tata,Harrier,1.2,69015,Manual,Electric,Third,6086.91
2015,Tata,Harrier,2.0,51162,Manual,Hybrid,First,6656.71
2015,Tata,Harrier,1.2,111382,Automatic,Petrol,Third,2000.0
2019,Tata,Harrier,2.0,126490,Automatic,Petrol,Second,3660.46
2018,Tata,Harrier,1.5,68948,Automatic,Petrol,Second,4662.27
2021,Tata,Harrier,2.0,117409,Manual,Petrol,First,4404.14
2018,Tata,Harrier,1.5,49548,Automatic,Electric,Third,7773.75
2024,Tata,Harrier,1.2,13547,Automatic,Diesel,Third,8594.97
2020,Tata,Harrier,1.2,43636,Automatic,Hybrid,Second,7641.05
2017,Tata,Harrier,1.2,42806,Manual,Electric,Second,7773.76
2013,Tata,Harrier,2.0,29738,Manual,Petrol,Third,2455.57
2014,Tata,Harrier,1.5,117738,Manual,Diesel,Second,2000.0
2017,Tata,Harrier,2.0,89405,Manual,Hybrid,Second,5554.55
2015,Tata,Harrier,1.2,50515,Automatic,Hybrid,Third,5778.83
2013,Tata,Harrier,1.2,55885,Manual,Diesel,Second,2000.0
2023,Tata,Harrier,2.0,69021,Automatic,Hybrid,Second,10636.41
2019,Tata,Harrier,2.0,31603,Manual,Petrol,Second,5530.23
2015,Tata,Harrier,2.0,68772,Automatic,Electric,First,10133.73
2019,Tata,Harrier,1.5,125646,Automatic,Diesel,First,4460.54
2019,Tata,Harrier,1.5,75410,Manual,Diesel,Second,4881.22
2016,Tata,Harrier,1.5,110582,Automatic,Diesel,Second,3243.4
2021,Tata,Harrier,1.5,67156,Manual,Electric,Third,8513.89
2022,Tata,Harrier,2.0,50238,Manual,Electric,Third,9320.35
2014,Tata,Harrier,1.5,37888,Manual,Electric,Second,6815.26
2013,Tata,Harrier,2.0,34712,Manual,Electric,Second,7221.24
2018,Tata,Harrier,1.5,17914,Manual,Hybrid,First,9290.91
2020,Tata,Harrier,2.0,8009,Automatic,Petrol,Third,7279.66
2015,Tata,Harrier,1.2,32289,Automatic,Hybrid,First,7965.58
2017,Tata,Harrier,1.5,30114,Automatic,Diesel,Third,5272.45
2022,Tata,Harrier,2.0,33384,Automatic,Hybrid,First,13456.18
2024,Tata,Harrier,1.5,126384,Automatic,Petrol,Second,5733.68
2021,Tata,Harrier,2.0,76379,Manual,Hybrid,Second,7697.51
2014,Tata,Harrier,1.5,107618,Automatic,Petrol,First,2779.73
2020,Tata,Harrier,2.0,113402,Automatic,Petrol,Second,4456.46
2020,Tata,Harrier,1.2,28790,Manual,Diesel,Second,6376.12
2023,Tata,Harrier,1.5,25014,Manual,Diesel,Third,6528.62
2016,Tata,Harrier,1.2,106166,Manual,Hybrid,Third,2542.85
2014,Tata,Harrier,2.0,126338,Manual,Petrol,First,2000.0
2019,Tata,Harrier,1.5,33173,Manual,Electric,Second,9434.44
2018,Tata,Harrier,1.5,119631,Manual,Petrol,First,2000.0
2019,Tata,Harrier,1.5,31387,Automatic,Diesel,Second,7224.83
2020,Tata,Harrier,2.0,126621,Manual,Petrol,Second,2890.67
2014,Tata,Harrier,1.2,4365,Manual,Hybrid,Third,4655.96
2023,Tata,Harrier,1.5,75936,Manual,Petrol,Second,5859.55
2021,Tata,Harrier,1.2,41413,Automatic,Hybrid,Third,7424.23
2022,Tata,Harrier,2.0,112166,Manual,Hybrid,Third,6356.26
2018,Tata,Harrier,2.0,12855,Manual,Hybrid,First,10053.74
2015,Tata,Harrier,2.0,67588,Manual,Hybrid,Second,5157.38
2023,Tata,Harrier,1.2,41747,Automatic,Hybrid,Second,10396.55
2016,Tata,Harrier,1.5,62072,Manual,Diesel,First,3945.96
2019,Tata,Harrier,2.0,13687,Automatic,Diesel,Second,8607.01
2013,Tata,Harrier,1.5,85678,Manual,Diesel,First,2000.0
2022,Tata,Safari,1.2,63832,Automatic,Petrol,Second,5904.54
2019,Tata,Safari,2.0,35958,Manual,Electric,First,11924.36
2014,Tata,Safari,1.2,27833,Automatic,Hybrid,Third,6023.94
2013,Tata,Safari,2.0,60237,Manual,Petrol,Third,2000.0
2013,Tata,Safari,1.5,109262,Manual,Diesel,First,2000.0
2019,Tata,Safari,1.5,39119,Automatic,Petrol,Second,6062.87
2017,Tata,Safari,2.0,35839,Manual,Hybrid,First,8340.45
2022,Tata,Safari,1.5,52181,Automatic,Hybrid,Third,8407.38
2016,Tata,Safari,2.0,54026,Manual,Diesel,First,4873.9
2015,Tata,Safari,1.5,20193,Manual,Diesel,Second,5195.29
2019,Tata,Safari,2.0,19852,Manual,Electric,Third,9136.46
2024,Tata,Safari,2.0,86536,Manual,Hybrid,First,10856.95
2013,Tata,Safari,1.2,8733,Automatic,Electric,Third,7543.78
2019,Tata,Safari,2.0,60126,Manual,Electric,Second,9279.91
2016,Tata,Safari,1.2,82835,Automatic,Petrol,Third,3359.84
2023,Tata,Safari,1.2,122871,Manual,Electric,Third,6326.66
2021,Tata,Safari,2.0,96165,Automatic,Diesel,Second,6020.2
2021,Tata,Safari,1.2,51097,Manual,Hybrid,Second,7980.67
2019,Tata,Safari,1.2,46518,Automatic,Petrol,First,6491.04
2021,Tata,Safari,1.5,73158,Automatic,Hybrid,Second,8410.11
2018,Tata,Safari,1.5,61367,Automatic,Electric,First,10886.05
2020,Tata,Safari,1.5,123752,Manual,Petrol,First,3135.48
2020,Tata,Safari,1.2,38617,Manual,Electric,Second,8833.29
2018,Tata,Safari,1.2,59286,Automatic,Petrol,Third,3696.85
2021,Tata,Safari,1.5,58983,Manual,Electric,Third,8864.54
2013,Tata,Safari,2.0,126329,Automatic,Electric,First,6666.38
2019,Tata,Safari,1.5,125081,Automatic,Hybrid,First,7093.18
2015,Tata,Safari,2.0,9874,Manual,Diesel,Second,6200.85
2014,Tata,Safari,2.0,17125,Manual,Hybrid,Third,5610.78
2013,Tata,Safari,1.5,83821,Automatic,Petrol,First,2460.1
2017,Tata,Safari,1.5,30440,Manual,Petrol,Third,3902.76
2021,Tata,Safari,2.0,23410,Automatic,Petrol,Second,8306.21
2013,Tata,Safari,2.0,70239,Automatic,Diesel,First,4513.8
2016,Tata,Safari,2.0,80827,Automatic,Petrol,Second,3823.65
2014,Tata,Safari,2.0,35749,Automatic,Petrol,Second,4909.37
2015,Tata,Safari,1.5,51934,Automatic,Diesel,First,6178.37
2024,Tata,Safari,2.0,47604,Automatic,Petrol,First,10916.88
2021,Tata,Safari,1.2,15280,Manual,Diesel,First,8555.31
2024,Tata,Safari,1.5,53786,Manual,Petrol,Third,5417.04
2020,Tata,Safari,2.0,72752,Manual,Diesel,Third,5177.44
2013,Tata,Safari,2.0,27232,Manual,Hybrid,Third,4280.98
2020,Tata,Safari,1.5,57235,Automatic,Electric,Second,10718.57
2022,Tata,Safari,1.5,24828,Automatic,Hybrid,Third,8888.12
2016,Tata,Safari,1.2,14448,Automatic,Hybrid,First,9322.78
2013,Tata,Safari,2.0,103145,Manual,Hybrid,Second,3703.49
2013,Tata,Safari,1.5,41365,Automatic,Diesel,Third,2915.02
2021,Tata,Safari,1.5,109039,Automatic,Hybrid,Third,6140.5
2024,Tata,Safari,1.2,27055,Manual,Hybrid,Third,7759.96
2019,Tata,Safari,1.2,99904,Manual,Electric,First,8210.65
2016,Tata,Safari,2.0,16045,Manual,Electric,First,10412.48
2016,Tata,Safari,1.5,9129,Automatic,Electric,Third,8493.78
2015,Tata,Safari,1.5,23937,Manual,Hybrid,Third,4549.5
2020,Tata,Safari,1.5,94509,Automatic,Electric,Third,7672.13
2020,Tata,Safari,2.0,3699,Manual,Petrol,Second,6882.29
2016,Tata,Safari,1.5,28115,Automatic,Hybrid,Third,6975.43
2018,Tata,Safari,1.5,24958,Automatic,Hybrid,Second,9379.11
2016,Tata,Safari,1.5,52647,Automatic,Diesel,Third,5438.5
2021,Tata,Safari,1.5,93617,Manual,Electric,Third,7492.1
2018,Tata,Safari,2.0,41032,Manual,Petrol,First,6956.33
2016,Tata,Safari,1.5,45882,Automatic,Petrol,Second,4611.63
2018,Tata,Safari,1.2,24001,Automatic,Diesel,First,8217.48
2017,Tata,Safari,1.2,24547,Automatic,Electric,First,11427.99
2023,Tata,Safari,1.2,13718,Automatic,Petrol,Third,7206.64
2020,Tata,Safari,2.0,100673,Automatic,Hybrid,Second,6858.33
2016,Tata,Safari,2.0,51916,Manual,Diesel,First,5795.16
2024,Tata,Safari,1.2,50197,Manual,Petrol,First,7484.39
2019,Tata,Safari,2.0,24246,Manual,Diesel,Second,6561.65
2015,Tata,Safari,1.2,66409,Automatic,Hybrid,Third,5766.29
2021,Tata,Safari,2.0,44596,Automatic,Electric,Third,9995.33
2013,Tata,Safari,1.5,32045,Manual,Hybrid,First,5319.57
2014,Tata,Safari,1.5,32443,Automatic,Electric,Second,8533.54
2015,Tata,Safari,2.0,62024,Manual,Diesel,Third,3597.03
2019,Tata,Safari,1.5,28194,Manual,Hybrid,First,9591.96
2019,Tata,Safari,1.2,61040,Manual,Petrol,First,4199.43
2016,Tata,Safari,2.0,92469,Automatic,Hybrid,Third,4877.88
2019,Tata,Safari,1.5,120080,Automatic,Petrol,Third,2460.03
2016,Tata,Safari,1.5,5420,Automatic,Hybrid,Third,7005.6
2023,Tata,Safari,2.0,124453,Manual,Petrol,Second,5298.58
2020,Tata,Safari,2.0,72226,Manual,Hybrid,Third,6487.87
2015,Tata,Safari,2.0,85567,Manual,Hybrid,Third,3931.56
2016,Tata,Tiago,2.0,9646,Manual,Petrol,Second,5471.49
2020,Tata,Tiago,1.5,82889,Automatic,Hybrid,Second,7658.63
2022,Tata,Tiago,2.0,85734,Automatic,Diesel,Second,7595.94
2022,Tata,Tiago,1.2,49062,Automatic,Electric,Second,10917.83
2014,Tata,Tiago,1.2,17272,Manual,Electric,First,8914.14
2022,Tata,Tiago,1.2,84242,Automatic,Hybrid,Third,6883.74
2022,Tata,Tiago,1.5,61357,Automatic,Petrol,Second,7150.54
2014,Tata,Tiago,2.0,98013,Manual,Hybrid,First,5250.84
2021,Tata,Tiago,1.2,53362,Automatic,Hybrid,Third,8216.9
2017,Tata,Tiago,1.2,69800,Manual,Electric,Second,7066.2
2023,Tata,Tiago,1.2,87224,Manual,Petrol,Third,4329.79
2019,Tata,Tiago,1.5,83509,Manual,Electric,First,9573.33
2013,Tata,Tiago,1.2,92668,Automatic,Electric,Second,5665.7
2015,Tata,Tiago,2.0,106444,Automatic,Petrol,Third,2852.99
2015,Tata,Tiago,1.5,68729,Automatic,Diesel,First,4315.7
2017,Tata,Tiago,1.2,83615,Manual,Hybrid,Second,4086.97
2022,Tata,Tiago,1.5,24281,Manual,Diesel,First,9684.5
2023,Tata,Tiago,1.5,85593,Manual,Petrol,Third,4672.83
2023,Tata,Tiago,1.2,80345,Manual,Electric,First,11094.18
2022,Tata,Tiago,1.2,26165,Automatic,Petrol,First,9335.01
2017,Tata,Tiago,2.0,49662,Automatic,Electric,First,11577.46
2018,Tata,Tiago,2.0,25298,Automatic,Electric,First,13163.64
2015,Tata,Tiago,2.0,103056,Manual,Petrol,First,2000.0
2023,Tata,Tiago,2.0,19714,Manual,Diesel,Third,8282.75
2017,Tata,Tiago,2.0,106705,Manual,Electric,Third,5327.03
2015,Tata,Tiago,1.5,113303,Automatic,Diesel,Second,3484.93
2019,Tata,Tiago,1.2,67556,Automatic,Diesel,Third,4658.24
2023,Tata,Tiago,1.5,12787,Automatic,Hybrid,Second,11120.45
2023,Tata,Tiago,1.5,91529,Manual,Diesel,First,6827.05
2013,Tata,Tiago,1.2,72578,Manual,Electric,First,5621.66
2018,Tata,Tiago,1.5,20671,Manual,Diesel,Second,6372.59
2019,Tata,Tiago,1.5,98644,Automatic,Petrol,Third,3036.52
2020,Tata,Tiago,2.0,96904,Automatic,Diesel,Third,5348.02
2014,Tata,Tiago,1.2,65736,Manual,Hybrid,Second,3723.5
2014,Tata,Tiago,1.5,109647,Manual,Petrol,Second,2000.0
2024,Tata,Tiago,1.5,36306,Manual,Petrol,First,9144.12
2022,Tata,Tiago,1.5,41321,Manual,Electric,Second,10947.77
2022,Tata,Tiago,1.2,100700,Manual,Diesel,Second,3846.62
2019,Tata,Tiago,1.2,38580,Manual,Hybrid,First,8302.85
2013,Tata,Tiago,1.2,84177,Manual,Petrol,First,2000.0
2013,Tata,Tiago,1.2,71259,Automatic,Electric,Third,5496.02
2024,Tata,Tiago,1.2,10150,Manual,Petrol,Third,7208.89
2023,Tata,Tiago,2.0,60130,Manual,Electric,Third,9565.93
2020,Tata,Tiago,1.2,62009,Automatic,Diesel,Second,6251.38
2022,Tata,Tiago,1.2,119593,Automatic,Hybrid,Second,7195.38
2018,Tata,Tiago,1.2,116641,Automatic,Electric,First,8011.6
2023,Tata,Tiago,2.0,79288,Manual,Electric,First,12392.24
2018,Tata,Tiago,2.0,31907,Manual,Diesel,Second,6433.44
2020,Tata,Tiago,2.0,62036,Automatic,Hybrid,First,11488.91
2017,Tata,Tiago,2.0,90090,Automatic,Electric,Second,8208.88
2020,Tata,Tiago,1.2,54290,Automatic,Diesel,Second,6411.43
2024,Tata,Tiago,2.0,78298,Manual,Diesel,First,8660.15
2020,Tata,Tiago,2.0,40666,Automatic,Electric,Second,11447.71
2019,Tata,Tiago,1.2,91143,Manual,Petrol,First,3318.84
2013,Tata,Tiago,2.0,31478,Manual,Hybrid,Second,5101.79
2020,Tata,Tiago,2.0,97752,Manual,Diesel,Second,5514.88
2015,Tata,Tiago,1.5,128981,Automatic,Petrol,First,2000.0
2013,Tata,Tiago,1.5,75302,Manual,Electric,First,5839.22
2022,Tata,Tiago,2.0,51008,Manual,Diesel,Second,7646.18
2020,Tata,Tiago,2.0,113155,Manual,Electric,Third,7363.48
2023,Tata,Tiago,2.0,82581,Manual,Electric,First,11850.38
2014,Tata,Tiago,2.0,48018,Automatic,Electric,Second,8878.23
2017,Tata,Tiago,1.5,22617,Automatic,Hybrid,Third,7760.76
2022,Tata,Tiago,1.5,127135,Manual,Petrol,Second,3529.6
2022,Tata,Tiago,1.2,67407,Manual,Electric,Third,8003.81
2018,Tata,Tiago,1.2,32157,Automatic,Electric,Second,10291.44
2023,Tata,Tiago,1.5,14489,Manual,Petrol,Third,6391.43
2021,Tata,Tiago,1.2,113426,Automatic,Hybrid,Third,6739.27
2021,Tata,Tiago,2.0,79887,Automatic,Hybrid,Second,8454.55
2022,Tata,Tiago,2.0,25542,Manual,Diesel,First,9992.5
2019,Tata,Tiago,1.2,28067,Manual,Hybrid,First,8334.29
2017,Tata,Tiago,1.2,23866,Automatic,Hybrid,First,10023.03
2023,Tata,Tiago,1.2,4093,Manual,Hybrid,First,11722.24
2015,Tata,Tiago,2.0,84181,Automatic,Petrol,Second,2986.61
2017,Tata,Tiago,2.0,113228,Manual,Electric,First,7800.32
2014,Tata,Tiago,2.0,106499,Manual,Petrol,Second,2000.0
2020,Tata,Tiago,2.0,90482,Manual,Petrol,Second,4245.8
2021,Tata,Tiago,1.2,122142,Manual,Electric,First,8171.74
2014,Tata,Tiago,1.5,101644,Automatic,Petrol,Third,2000.0
2017,Tata,Tiago,1.2,112689,Automatic,Diesel,Third,2157.62
2023,Tata,Altroz,1.5,18327,Manual,Petrol,First,9250.7
2014,Tata,Altroz,1.5,15929,Automatic,Petrol,Second,4351.18
2021,Tata,Altroz,2.0,50292,Automatic,Electric,Second,11359.07
2019,Tata,Altroz,2.0,54384,Automatic,Diesel,First,7809.09
2021,Tata,Altroz,1.2,93279,Manual,Electric,Second,8041.72
2014,Tata,Altroz,1.2,74359,Manual,Petrol,First,2000.0
2013,Tata,Altroz,1.5,27809,Manual,Diesel,Second,3450.55
2015,Tata,Altroz,1.2,82235,Automatic,Petrol,Second,2308.85
2020,Tata,Altroz,1.2,4432,Automatic,Hybrid,Third,7951.18
2013,Tata,Altroz,2.0,119989,Automatic,Petrol,Third,2000.0
2016,Tata,Altroz,1.2,62998,Manual,Hybrid,Third,4003.71
2018,Tata,Altroz,1.2,61193,Manual,Electric,First,9239.65
2015,Tata,Altroz,1.2,72642,Manual,Hybrid,First,5092.75
2023,Tata,Altroz,1.2,71041,Manual,Electric,Third,8674.61
2019,Tata,Altroz,1.5,108238,Manual,Hybrid,Third,3815.31
2014,Tata,Altroz,1.5,110896,Manual,Diesel,Third,2000.0
2015,Tata,Altroz,1.5,70033,Automatic,Petrol,Third,2081.25
2017,Tata,Altroz,2.0,66446,Automatic,Hybrid,Second,7496.41
2013,Tata,Altroz,2.0,91601,Automatic,Diesel,First,3596.82
2022,Tata,Altroz,1.5,121571,Manual,Hybrid,Third,5273.08
2013,Tata,Altroz,2.0,28120,Automatic,Hybrid,Third,6123.32
2020,Tata,Altroz,2.0,126730,Automatic,Petrol,Third,4722.78
2021,Tata,Altroz,1.5,99825,Manual,Diesel,First,6071.14
2023,Tata,Altroz,2.0,23377,Automatic,Diesel,First,12561.53
2021,Tata,Altroz,2.0,86555,Automatic,Hybrid,First,10727.49
2019,Tata,Altroz,1.2,102023,Automatic,Hybrid,First,7285.29
2022,Tata,Altroz,1.5,38557,Manual,Electric,Second,11528.22
2022,Tata,Altroz,1.2,108204,Automatic,Hybrid,First,9822.67
2020,Tata,Altroz,1.5,72655,Manual,Petrol,First,5444.81
2019,Tata,Altroz,2.0,78496,Automatic,Diesel,Third,5374.74
2020,Tata,Altroz,1.5,16339,Automatic,Electric,Third,10107.87
2022,Tata,Altroz,2.0,60991,Manual,Petrol,First,7949.93
2017,Tata,Altroz,1.5,29636,Manual,Electric,First,10400.42
2020,Tata,Altroz,1.5,106940,Manual,Petrol,Third,2065.12
2015,Tata,Altroz,1.2,7682,Manual,Diesel,First,5493.0
2017,Tata,Altroz,1.5,20519,Automatic,Electric,Second,10360.46
2016,Tata,Altroz,2.0,117849,Manual,Diesel,Second,2513.42
2020,Tata,Altroz,1.5,3056,Automatic,Diesel,First,11319.81
2016,Tata,Altroz,1.5,122590,Automatic,Diesel,Second,2924.33
2018,Tata,Altroz,2.0,82068,Manual,Diesel,Third,4643.52
2021,Tata,Altroz,2.0,51562,Manual,Diesel,Third,5977.03
2021,Tata,Altroz,1.5,67074,Automatic,Electric,Second,10041.06
2023,Tata,Altroz,1.2,112602,Automatic,Petrol,Second,6006.08
2017,Tata,Altroz,1.5,123810,Manual,Diesel,Second,2009.4
2016,Tata,Altroz,2.0,91203,Manual,Diesel,Second,3748.89
2020,Tata,Altroz,2.0,6286,Manual,Petrol,Third,6318.96
2017,Tata,Altroz,1.5,56098,Manual,Hybrid,Second,5445.96
2020,Tata,Altroz,1.2,89802,Automatic,Electric,Third,8261.09
2022,Tata,Altroz,2.0,90393,Automatic,Hybrid,Third,7215.93
2019,Tata,Altroz,2.0,13647,Automatic,Petrol,Second,7960.06
2022,Tata,Altroz,1.2,109258,Automatic,Petrol,Second,4915.67
2018,Tata,Altroz,2.0,101325,Manual,Petrol,Second,3100.39
2022,Tata,Altroz,2.0,34394,Automatic,Diesel,First,11396.55
2023,Tata,Altroz,1.5,19335,Manual,Diesel,Second,8715.03
2023,Tata,Altroz,2.0,109341,Automatic,Electric,Second,10741.73
2017,Tata,Altroz,1.2,117914,Manual,Electric,Third,4325.23
2019,Tata,Altroz,1.5,42857,Manual,Hybrid,Third,6078.52
2014,Tata,Altroz,2.0,99204,Manual,Diesel,Second,2677.39
2015,Tata,Altroz,2.0,106295,Automatic,Hybrid,First,6012.63
2018,Tata,Altroz,1.2,98065,Manual,Hybrid,Third,4316.29
2022,Tata,Altroz,2.0,25425,Manual,Hybrid,Second,9396.36
2014,Tata,Altroz,2.0,113967,Automatic,Petrol,Second,2000.0
2023,Tata,Altroz,1.2,73657,Manual,Hybrid,Second,8231.09
2024,Tata,Altroz,1.5,110107,Automatic,Hybrid,Second,8534.29
2014,Tata,Altroz,1.5,35850,Manual,Hybrid,Third,4600.85
2022,Tata,Altroz,1.2,114545,Automatic,Diesel,Second,5662.95
2016,Tata,Altroz,2.0,44577,Automatic,Electric,First,10709.69
2014,Tata,Altroz,2.0,34104,Manual,Electric,First,8845.59
2014,Tata,Altroz,1.2,59581,Manual,Diesel,Third,2000.0
2019,Tata,Altroz,1.2,33460,Manual,Diesel,Third,4054.27
2021,Tata,Altroz,1.2,67286,Automatic,Diesel,First,7976.77
2024,Tata,Altroz,1.2,65244,Automatic,Electric,Third,9907.81
2021,Tata,Altroz,1.2,72659,Manual,Electric,Third,7169.31
2016,Tata,Altroz,1.5,57734,Manual,Hybrid,First,5949.6
2024,Tata,Altroz,1.5,69745,Manual,Electric,First,12146.65
2013,Tata,Altroz,1.2,106568,Manual,Hybrid,Second,2019.5
2018,Tata,Altroz,1.5,112037,Automatic,Petrol,Second,2487.14
2018,Tata,Altroz,1.5,100211,Automatic,Petrol,First,4313.13
2019,Tata,Altroz,2.0,98604,Manual,Electric,First,9216.55
2022,Tata,Altroz,1.5,125327,Automatic,Electric,First,10408.9
2013,Tata,Punch,2.0,71721,Automatic,Hybrid,First,6076.75
2022,Tata,Punch,2.0,116156,Automatic,Petrol,Second,5595.89
2018,Tata,Punch,2.0,125391,Automatic,Diesel,Third,3944.06
2018,Tata,Punch,1.2,115120,Manual,Diesel,First,3631.14
2020,Tata,Punch,1.2,10190,Automatic,Electric,First,13942.93
2013,Tata,Punch,1.2,57386,Manual,Diesel,First,2000.0
2016,Tata,Punch,1.2,74301,Manual,Petrol,First,2581.24
2017,Tata,Punch,1.2,71585,Manual,Electric,Third,5433.22
2013,Tata,Punch,2.0,51378,Automatic,Hybrid,First,7653.48
2016,Tata,Punch,1.5,96890,Automatic,Diesel,Second,4220.21
2013,Tata,Punch,1.2,12867,Manual,Petrol,Third,2736.54
2020,Tata,Punch,1.5,90843,Automatic,Petrol,Second,5080.82
2014,Tata,Punch,1.2,15705,Manual,Electric,Third,6442.2
2016,Tata,Punch,1.2,66871,Manual,Petrol,First,2631.64
2013,Tata,Punch,1.5,125288,Manual,Petrol,Second,2000.0
2024,Tata,Punch,1.2,35947,Automatic,Petrol,First,9489.86
2021,Tata,Punch,1.2,76581,Automatic,Hybrid,First,9636.52
2013,Tata,Punch,1.5,27825,Manual,Petrol,First,3127.4
2013,Tata,Punch,2.0,94001,Manual,Electric,Third,4445.38
2016,Tata,Punch,1.2,10183,Automatic,Diesel,Third,5259.35
2013,Tata,Punch,1.2,51406,Automatic,Hybrid,First,6951.38
2018,Tata,Punch,2.0,4085,Manual,Diesel,First,7880.81
2016,Tata,Punch,2.0,95565,Automatic,Diesel,Second,4266.25
2015,Tata,Punch,1.5,77509,Manual,Petrol,First,2416.86
2020,Tata,Punch,2.0,123318,Manual,Petrol,Third,2000.0
2016,Tata,Punch,2.0,55582,Manual,Petrol,Second,3663.41
2019,Tata,Punch,1.5,98413,Automatic,Electric,Second,8108.89
2013,Tata,Punch,1.2,123100,Automatic,Diesel,Second,2000.0
2013,Tata,Punch,1.2,118001,Manual,Hybrid,Third,2000.0
2020,Tata,Punch,2.0,57467,Manual,Hybrid,First,9700.37
2021,Tata,Punch,2.0,54121,Manual,Hybrid,Third,7888.63
2022,Tata,Punch,1.5,65268,Automatic,Diesel,Third,6193.92
2016,Tata,Punch,2.0,59028,Automatic,Petrol,Second,5487.84
2017,Tata,Punch,1.5,88141,Manual,Electric,Third,5598.88
2015,Tata,Punch,2.0,13251,Automatic,Diesel,Second,6382.37
2013,Tata,Punch,1.2,92761,Automatic,Petrol,Third,2000.0
2022,Tata,Punch,1.2,38297,Manual,Hybrid,Third,6445.35
2015,Tata,Punch,2.0,104738,Automatic,Diesel,First,3625.74
2019,Tata,Punch,1.2,11475,Automatic,Petrol,Third,5296.9
2015,Tata,Punch,1.5,10988,Automatic,Petrol,First,6814.66
2018,Tata,Punch,2.0,5421,Manual,Electric,Second,10960.43
2022,Tata,Punch,1.5,91801,Manual,Hybrid,Second,7097.94
2023,Tata,Punch,2.0,126822,Automatic,Hybrid,Third,6726.57
2019,Tata,Punch,1.2,116208,Automatic,Diesel,Second,4219.19
2020,Tata,Punch,1.2,30473,Manual,Petrol,Second,4745.17
2020,Tata,Punch,1.5,91482,Automatic,Electric,First,10377.26
2023,Tata,Punch,1.5,104525,Manual,Diesel,Second,5677.78
2019,Tata,Punch,2.0,70301,Automatic,Hybrid,Second,8665.04
2023,Tata,Punch,1.2,17539,Manual,Electric,Third,9792.36
2016,Tata,Punch,1.2,99782,Manual,Electric,First,6285.25
2014,Tata,Punch,2.0,83903,Manual,Petrol,Third,2000.0
2016,Tata,Punch,2.0,62523,Manual,Diesel,Second,4461.03
2016,Tata,Punch,1.5,34782,Automatic,Petrol,Second,5313.08
2018,Tata,Punch,1.5,38503,Manual,Diesel,First,5900.82
2021,Tata,Punch,1.2,65927,Automatic,Electric,First,11847.35
2013,Tata,Punch,2.0,49798,Automatic,Electric,Second,8005.56
2022,Tata,Punch,2.0,102114,Automatic,Diesel,Second,6473.66
2022,Tata,Punch,1.2,43435,Manual,Petrol,Second,5566.24
2022,Tata,Punch,1.2,23487,Manual,Petrol,First,7987.6
2015,Tata,Punch,2.0,82671,Manual,Diesel,Third,3977.25
2017,Tata,Punch,2.0,23349,Automatic,Diesel,Second,6960.4
2020,Tata,Punch,2.0,108479,Manual,Diesel,Second,4732.09
2020,Tata,Punch,1.5,101259,Automatic,Hybrid,Second,7827.01
2019,Tata,Punch,1.2,118564,Automatic,Petrol,First,3772.17
2019,Tata,Punch,2.0,41463,Manual,Electric,Second,10144.03
2024,Tata,Punch,2.0,44565,Automatic,Petrol,Third,7890.59
2015,Tata,Punch,2.0,50652,Automatic,Electric,First,9610.35
2017,Tata,Punch,2.0,68536,Automatic,Hybrid,Second,7675.56
2019,Tata,Punch,2.0,120575,Automatic,Diesel,Third,4240.91
2015,Tata,Punch,1.5,60813,Automatic,Petrol,Third,3121.69
2016,Tata,Punch,1.2,112097,Manual,Petrol,Third,2000.0
2015,Tata,Punch,1.2,121791,Manual,Electric,Third,3679.85
2023,Tata,Punch,2.0,42745,Automatic,Hybrid,First,11812.87
2024,Tata,Punch,1.2,68768,Manual,Hybrid,Second,8270.9
2021,Tata,Punch,1.2,103190,Manual,Petrol,First,4100.16
2016,Tata,Punch,1.5,128228,Manual,Petrol,Third,2000.0
2016,Tata,Punch,2.0,8729,Manual,Hybrid,Second,8301.92
2019,Tata,Punch,1.2,119363,Automatic,Petrol,Third,2353.08
2021,Tata,Punch,1.2,42735,Manual,Electric,Third,8360.22
2020,Tata,Punch,1.2,41006,Automatic,Petrol,First,7116.95
2024,Tata,Tigor,1.5,75626,Manual,Diesel,Third,6008.12
2023,Tata,Tigor,2.0,117748,Manual,Hybrid,Third,6671.51
2014,Tata,Tigor,2.0,15810,Manual,Electric,Second,8989.46
2018,Tata,Tigor,1.5,111283,Automatic,Diesel,Third,3343.57
2019,Tata,Tigor,1.2,73350,Automatic,Diesel,First,6373.24
2017,Tata,Tigor,1.2,31692,Manual,Petrol,First,4612.98
2022,Tata,Tigor,1.5,84248,Automatic,Electric,Second,10816.64
2015,Tata,Tigor,1.5,50879,Automatic,Diesel,Second,5120.4
2019,Tata,Tigor,1.5,110922,Automatic,Electric,Second,7502.43
2021,Tata,Tigor,1.5,28194,Automatic,Diesel,First,10119.15
2024,Tata,Tigor,1.5,41274,Automatic,Hybrid,Second,10590.35
2017,Tata,Tigor,1.5,82987,Manual,Petrol,Third,2531.05
2017,Tata,Tigor,1.5,50554,Manual,Electric,First,9011.63
2020,Tata,Tigor,2.0,29914,Automatic,Diesel,Third,7262.83
2013,Tata,Tigor,1.5,127880,Automatic,Hybrid,Third,3144.73
2017,Tata,Tigor,1.2,42581,Manual,Electric,Second,8103.09
2018,Tata,Tigor,2.0,60056,Automatic,Electric,Second,10598.55
2016,Tata,Tigor,1.2,37692,Manual,Electric,Second,7705.5
2014,Tata,Tigor,1.2,95343,Manual,Hybrid,First,2894.44
2020,Tata,Tigor,1.5,87872,Automatic,Hybrid,Second,7657.71
2024,Tata,Tigor,2.0,80199,Automatic,Hybrid,First,12167.52
2013,Tata,Tigor,1.2,21557,Manual,Diesel,Second,3142.76
2013,Tata,Tigor,2.0,78989,Automatic,Hybrid,First,6740.98
2018,Tata,Tigor,1.5,28190,Automatic,Diesel,Third,5988.27
2019,Tata,Tigor,1.5,119552,Automatic,Petrol,First,4043.96
2024,Tata,Tigor,2.0,99485,Manual,Diesel,First,8601.88
2021,Tata,Tigor,1.5,37385,Automatic,Electric,Third,9320.32
2018,Tata,Tigor,1.2,32223,Manual,Hybrid,Second,7324.34
2018,Tata,Tigor,1.5,87260,Manual,Hybrid,Second,5346.22
2020,Tata,Tigor,1.5,19784,Automatic,Electric,Second,11578.63
2024,Tata,Tigor,1.5,126493,Manual,Electric,Third,7715.71
2013,Tata,Tigor,1.5,9161,Manual,Diesel,Second,3664.47
2016,Tata,Tigor,1.2,87418,Manual,Diesel,Third,2000.0
2024,Tata,Tigor,2.0,59615,Automatic,Diesel,Second,9732.87
2015,Tata,Tigor,1.5,29576,Automatic,Hybrid,Third,6237.28
2023,Tata,Tigor,1.2,127854,Automatic,Hybrid,First,8421.13
2013,Tata,Tigor,1.5,123966,Manual,Petrol,Second,2000.0
2019,Tata,Tigor,1.5,115571,Manual,Hybrid,Second,4769.89
2018,Tata,Tigor,1.5,104750,Automatic,Diesel,Second,4185.22
2015,Tata,Tigor,1.5,13987,Manual,Petrol,Third,3116.97
2016,Tata,Tigor,1.2,93619,Manual,Electric,Second,5530.34
2024,Tata,Tigor,1.5,127166,Manual,Diesel,First,5867.55
2021,Tata,Tigor,1.5,29997,Automatic,Petrol,First,9143.59
2014,Tata,Tigor,2.0,46995,Automatic,Diesel,Second,5184.08
2017,Tata,Tigor,1.2,129675,Manual,Hybrid,First,2641.74
2014,Tata,Tigor,1.2,118964,Manual,Petrol,First,2000.0
2021,Tata,Tigor,2.0,105945,Manual,Diesel,First,6032.73
2023,Tata,Tigor,1.5,126983,Automatic,Hybrid,Third,6661.52
2013,Tata,Tigor,1.5,121781,Automatic,Petrol,Third,2000.0
2020,Tata,Tigor,1.2,114318,Automatic,Petrol,Third,3116.92
2018,Tata,Tigor,2.0,74869,Manual,Diesel,Second,5570.18
2017,Tata,Tigor,2.0,61248,Automatic,Petrol,Third,5159.71
2024,Tata,Tigor,1.5,66320,Automatic,Diesel,Third,7453.85
2023,Tata,Tigor,1.5,117831,Manual,Diesel,First,6106.64
2017,Tata,Tigor,1.5,21921,Manual,Diesel,First,6380.92
2018,Tata,Tigor,1.2,80974,Automatic,Electric,First,9379.23
2015,Tata,Tigor,1.2,9580,Manual,Diesel,Second,4704.89
2017,Tata,Tigor,1.2,54922,Manual,Petrol,Second,2990.51
2015,Tata,Tigor,2.0,62969,Manual,Electric,Second,7019.72
2022,Tata,Tigor,1.5,95624,Automatic,Diesel,First,8373.79
2024,Tata,Tigor,2.0,48411,Manual,Hybrid,First,12031.46
2021,Tata,Tigor,2.0,62876,Automatic,Petrol,First,8035.42
2014,Tata,Tigor,1.5,34649,Manual,Petrol,First,3568.64
2014,Tata,Tigor,2.0,110008,Manual,Electric,First,5636.04
2016,Tata,Tigor,2.0,53350,Manual,Diesel,Second,4192.15
2017,Tata,Tigor,1.5,8936,Automatic,Hybrid,Third,7594.0
2024,Tata,Tigor,2.0,109940,Automatic,Hybrid,First,11095.54
2020,Tata,Tigor,2.0,102590,Automatic,Petrol,Third,4635.09
2013,Tata,Tigor,2.0,22500,Manual,Electric,Third,6775.23
2020,Tata,Tigor,1.5,39967,Automatic,Petrol,Second,6391.06
2014,Tata,Tigor,1.2,128562,Automatic,Petrol,First,2000.0
2014,Tata,Tigor,1.2,20349,Automatic,Hybrid,First,8522.23
2013,Tata,Tigor,1.5,5705,Automatic,Petrol,Third,3744.15
2017,Tata,Tigor,2.0,129160,Manual,Petrol,Third,2000.0
2022,Tata,Tigor,2.0,52612,Automatic,Petrol,First,9338.17
2021,Tata,Tigor,1.5,83986,Automatic,Electric,Second,9537.42
2020,Tata,Tigor,2.0,13230,Automatic,Electric,Third,10665.29
2016,Tata,Tigor,1.5,34881,Automatic,Diesel,First,6310.96
2019,Tata,Tigor,1.5,61411,Manual,Diesel,Third,4640.94
2022,Tata,Tigor,2.0,88406,Automatic,Hybrid,Second,9276.76
2018,Tata,Curvv,1.5,29033,Automatic,Hybrid,Third,7562.36
2015,Tata,Curvv,1.5,7867,Manual,Petrol,Second,3635.48
2015,Tata,Curvv,1.2,24984,Manual,Diesel,Third,3552.2
2020,Tata,Curvv,1.2,81207,Manual,Petrol,Second,3763.83
2014,Tata,Curvv,1.5,32808,Manual,Hybrid,Third,4854.91
2022,Tata,Curvv,2.0,71851,Automatic,Petrol,Second,7675.27
2017,Tata,Curvv,1.5,20104,Automatic,Diesel,Third,5681.79
2015,Tata,Curvv,1.2,83679,Manual,Diesel,Second,2174.35
2016,Tata,Curvv,1.2,84280,Automatic,Electric,Third,6163.89
2024,Tata,Curvv,2.0,46418,Manual,Petrol,Third,6706.89
2020,Tata,Curvv,1.5,95312,Automatic,Hybrid,First,9117.41
2020,Tata,Curvv,2.0,18271,Automatic,Electric,Second,13085.95
2024,Tata,Curvv,2.0,26519,Automatic,Electric,Third,11987.93
2024,Tata,Curvv,2.0,91340,Automatic,Petrol,Second,7152.48
2017,Tata,Curvv,1.2,20851,Automatic,Hybrid,Second,7976.31
2023,Tata,Curvv,1.2,109325,Automatic,Electric,Second,9720.31
2017,Tata,Curvv,2.0,14261,Automatic,Electric,Third,9360.28
2019,Tata,Curvv,1.2,73295,Manual,Electric,Second,7780.52
2022,Tata,Curvv,1.5,54559,Manual,Petrol,Second,5389.84
2015,Tata,Curvv,2.0,69893,Automatic,Hybrid,Third,5837.84
2019,Tata,Curvv,1.5,66507,Manual,Hybrid,First,7560.11
2019,Tata,Curvv,2.0,48077,Automatic,Hybrid,First,11142.84
2015,Tata,Curvv,1.5,66841,Manual,Petrol,First,2974.29
2017,Tata,Curvv,2.0,59673,Automatic,Hybrid,Second,7242.71
2020,Tata,Curvv,2.0,43476,Manual,Hybrid,Third,7326.85
2021,Tata,Curvv,1.2,3310,Manual,Hybrid,First,10234.52
2019,Tata,Curvv,1.2,19964,Manual,Hybrid,Second,7582.2
2017,Tata,Curvv,1.2,121563,Automatic,Hybrid,Third,4144.5
2024,Tata,Curvv,2.0,54663,Manual,Diesel,First,9903.33
2020,Tata,Curvv,2.0,99066,Manual,Petrol,Second,4477.79
2016,Tata,Curvv,1.5,23854,Manual,Hybrid,First,8446.16
2014,Tata,Curvv,1.5,105887,Manual,Diesel,Third,2000.0
2019,Tata,Curvv,1.5,99813,Automatic,Diesel,Second,5067.73
2023,Tata,Curvv,2.0,13487,Automatic,Petrol,First,12117.12
2022,Tata,Curvv,1.2,118002,Automatic,Diesel,First,6213.09
2021,Tata,Curvv,1.5,71781,Automatic,Diesel,First,8160.26
2016,Tata,Curvv,2.0,9546,Automatic,Petrol,Second,6775.12
2023,Tata,Curvv,1.2,116398,Manual,Petrol,First,4087.6
2018,Tata,Curvv,1.2,20135,Manual,Petrol,First,5481.08
2023,Tata,Curvv,1.2,25297,Automatic,Diesel,Second,9649.91
2017,Tata,Curvv,1.2,57681,Automatic,Electric,Third,7400.9
2019,Tata,Curvv,1.5,50323,Automatic,Diesel,First,8207.05
2016,Tata,Curvv,1.5,6505,Automatic,Diesel,First,8687.53
2016,Tata,Curvv,2.0,94841,Automatic,Electric,First,8892.22
2017,Tata,Curvv,1.5,58472,Automatic,Diesel,First,6926.08
2022,Tata,Curvv,1.5,114458,Automatic,Diesel,First,6912.56
2020,Tata,Curvv,1.2,37855,Manual,Electric,Second,9195.06
2016,Tata,Curvv,1.2,110034,Manual,Electric,Second,5521.83
2016,Tata,Curvv,2.0,22299,Automatic,Electric,Third,8418.51
2024,Tata,Curvv,2.0,8494,Manual,Diesel,First,12161.9
2022,Tata,Curvv,2.0,91618,Manual,Diesel,Third,5634.88
2024,Tata,Curvv,1.5,26217,Automatic,Hybrid,Third,9981.6
2015,Tata,Curvv,1.2,107217,Automatic,Petrol,First,2000.0
2016,Tata,Curvv,1.2,81484,Automatic,Hybrid,Third,5087.03
2024,Tata,Curvv,2.0,74446,Automatic,Hybrid,First,12003.02
2018,Tata,Curvv,1.5,90197,Automatic,Diesel,First,5262.25
2018,Tata,Curvv,1.5,38176,Manual,Hybrid,First,8296.32
2015,Tata,Curvv,2.0,96324,Manual,Electric,Second,6010.31
2014,Tata,Curvv,2.0,92553,Automatic,Petrol,First,3228.0
2021,Tata,Curvv,1.5,61507,Automatic,Petrol,Second,6329.1
2017,Tata,Curvv,2.0,22478,Automatic,Hybrid,First,10150.15
2018,Tata,Curvv,2.0,121327,Manual,Petrol,Second,2831.26
2020,Tata,Curvv,2.0,53971,Automatic,Petrol,Third,6191.93
2015,Tata,Curvv,2.0,119581,Manual,Diesel,First,2588.02
2013,Tata,Curvv,1.2,53539,Manual,Diesel,Second,2043.22
2024,Tata,Curvv,1.5,45023,Manual,Electric,First,13357.22
2022,Tata,Curvv,1.5,54055,Manual,Electric,First,12223.87
2019,Tata,Curvv,1.5,128567,Manual,Hybrid,First,5978.44
2019,Tata,Curvv,1.2,128942,Manual,Hybrid,First,5173.73
2015,Tata,Curvv,2.0,37992,Automatic,Hybrid,First,9313.03
2016,Tata,Curvv,2.0,58823,Manual,Electric,Third,6466.61
2018,Tata,Curvv,2.0,54779,Automatic,Hybrid,Third,7401.81
2018,Tata,Curvv,1.5,48427,Manual,Diesel,Second,5246.41
2015,Tata,Curvv,2.0,84546,Automatic,Petrol,Third,3817.8
2017,Tata,Curvv,1.5,71695,Manual,Hybrid,Third,4581.19
2022,Tata,Curvv,1.5,30073,Manual,Petrol,Second,7301.45
2013,Tata,Curvv,1.2,114096,Manual,Diesel,Second,2000.0
2013,Tata,Curvv,1.5,69156,Manual,Electric,Second,5620.99
2023,Tata,Curvv,1.5,11785,Manual,Petrol,Third,6108.45
2019,Tata,Curvv,1.2,117012,Automatic,Diesel,Second,3894.75
2016,Renault,Kwid,1.5,48213,Manual,Diesel,Third,3169.25
2016,Renault,Kwid,1.0,62849,Manual,Petrol,Second,2000.0
2016,Renault,Kwid,1.0,83212,Manual,Diesel,Third,2000.0
2015,Renault,Kwid,1.5,90209,Automatic,Petrol,First,2031.42
2019,Renault,Kwid,1.0,114898,Automatic,Electric,Third,5145.02
2019,Renault,Kwid,1.5,30275,Automatic,Hybrid,Third,6412.06
2023,Renault,Kwid,1.5,38340,Manual,Electric,First,11299.64
2015,Renault,Kwid,1.5,64594,Automatic,Electric,Second,6864.35
2020,Renault,Kwid,1.0,75344,Manual,Hybrid,First,5690.56
2016,Renault,Kwid,1.0,17782,Automatic,Diesel,Third,4170.85
2021,Renault,Kwid,1.0,45477,Automatic,Petrol,Second,5190.47
2014,Renault,Kwid,1.5,12567,Manual,Diesel,First,4418.37
2017,Renault,Kwid,1.5,56707,Automatic,Electric,First,8909.0
2016,Renault,Kwid,1.5,73251,Manual,Electric,Second,6145.92
2017,Renault,Kwid,1.5,85755,Automatic,Petrol,Third,2250.69
2022,Renault,Kwid,1.0,90620,Manual,Hybrid,First,6309.79
2017,Renault,Kwid,1.5,72576,Automatic,Hybrid,Third,4198.54
2014,Renault,Kwid,1.5,27490,Automatic,Petrol,Second,3723.1
2015,Renault,Kwid,1.0,15261,Automatic,Hybrid,Third,5100.54
2024,Renault,Kwid,1.5,34842,Manual,Hybrid,Third,6722.06
2023,Renault,Kwid,1.0,104004,Automatic,Electric,Second,8033.37
2020,Renault,Kwid,1.0,8184,Automatic,Petrol,Second,5745.72
2019,Renault,Kwid,1.0,63245,Manual,Hybrid,First,6118.52
2015,Renault,Kwid,1.0,118185,Manual,Diesel,First,2000.0
2019,Renault,Kwid,1.5,101013,Automatic,Diesel,Third,3373.45
2019,Renault,Kwid,1.0,71990,Automatic,Diesel,First,5358.5
2013,Renault,Kwid,1.5,8974,Manual,Diesel,First,4296.28
2014,Renault,Kwid,1.5,70321,Automatic,Hybrid,Second,4599.55
2022,Renault,Kwid,1.0,42848,Automatic,Electric,Second,9576.37
2020,Renault,Kwid,1.5,31902,Manual,Diesel,First,5911.29
2015,Renault,Kwid,1.5,86460,Automatic,Electric,First,7553.26
2013,Renault,Kwid,1.0,113942,Automatic,Electric,First,4885.63
2016,Renault,Kwid,1.0,100317,Manual,Diesel,Second,2000.0
2013,Renault,Kwid,1.0,70235,Automatic,Electric,Second,5594.27
2021,Renault,Kwid,1.5,13734,Automatic,Diesel,Third,6841.6
2019,Renault,Kwid,1.0,117103,Manual,Hybrid,Second,3979.13
2019,Renault,Kwid,1.0,52651,Manual,Petrol,Second,3146.69
2024,Renault,Kwid,1.0,13139,Manual,Hybrid,Third,7163.74
2015,Renault,Kwid,1.0,5973,Manual,Diesel,Third,3314.28
2017,Renault,Kwid,1.5,56867,Automatic,Hybrid,Second,6395.64
2021,Renault,Kwid,1.5,39070,Manual,Diesel,Second,5511.28
2013,Renault,Kwid,1.5,58460,Manual,Electric,Second,5149.12
2013,Renault,Kwid,1.0,72187,Manual,Hybrid,Third,2179.99
2024,Renault,Kwid,1.0,3207,Manual,Hybrid,Second,8345.02
2013,Renault,Kwid,1.5,79347,Manual,Diesel,First,2000.0
2013,Renault,Kwid,1.5,67305,Automatic,Hybrid,First,5532.15
2018,Renault,Kwid,1.5,96491,Automatic,Petrol,Second,3209.96
2013,Renault,Kwid,1.0,86542,Manual,Hybrid,Third,2225.73
2024,Renault,Kwid,1.5,63033,Manual,Electric,Third,8055.68
2019,Renault,Kwid,1.0,30915,Manual,Electric,First,9048.16
2013,Renault,Kwid,1.5,35079,Manual,Electric,Second,6253.2
2018,Renault,Kwid,1.0,62839,Automatic,Diesel,First,5225.91
2021,Renault,Kwid,1.5,105906,Manual,Electric,First,8090.34
2018,Renault,Kwid,1.0,10894,Manual,Diesel,Third,4537.5
2013,Renault,Kwid,1.0,88362,Automatic,Electric,Third,4407.18
2015,Renault,Kwid,1.5,27525,Manual,Hybrid,Second,5868.62
2022,Renault,Kwid,1.5,117447,Automatic,Electric,Third,6786.26
2023,Renault,Kwid,1.0,80093,Manual,Petrol,Second,3650.49
2022,Renault,Kwid,1.0,72915,Automatic,Diesel,Second,5676.0
2014,Renault,Kwid,1.5,31363,Automatic,Diesel,Second,4735.56
2020,Renault,Kwid,1.0,19595,Automatic,Electric,Third,8020.38
2015,Renault,Kwid,1.5,122190,Manual,Diesel,Third,2000.0
2017,Renault,Kwid,1.0,123222,Manual,Electric,Second,3759.45
2021,Renault,Kwid,1.5,95729,Manual,Electric,First,8152.67
2013,Renault,Kwid,1.5,102256,Manual,Electric,Second,3841.73
2017,Renault,Kwid,1.5,124937,Manual,Hybrid,Second,3426.77
2016,Renault,Kwid,1.5,107706,Manual,Hybrid,Second,3814.41
2018,Renault,Kwid,1.5,8304,Manual,Hybrid,Second,7094.22
2013,Renault,Kwid,1.0,31806,Automatic,Hybrid,First,5306.86
2017,Renault,Kwid,1.0,24015,Manual,Diesel,Second,3730.7
2013,Renault,Kwid,1.5,24140,Automatic,Petrol,Second,3506.95
2018,Renault,Kwid,1.0,95227,Automatic,Hybrid,Second,4433.64
2024,Renault,Kwid,1.5,22227,Manual,Petrol,Third,5120.02
2019,Renault,Kwid,1.0,67599,Manual,Diesel,First,3618.34
2020,Renault,Kwid,1.5,122339,Automatic,Hybrid,First,6322.47
2022,Renault,Kwid,1.5,65534,Automatic,Petrol,Third,4452.14
2020,Renault,Kwid,1.5,33224,Manual,Diesel,Third,4872.57
2019,Renault,Kwid,1.0,63924,Manual,Electric,Second,6007.43
2019,Renault,Kwid,1.0,106456,Automatic,Hybrid,Third,4241.82
2013,Renault,Kwid,1.0,91913,Automatic,Petrol,Third,2000.0
2018,Renault,Duster,1.5,85327,Manual,Hybrid,First,4818.57
2013,Renault,Duster,1.5,69202,Manual,Petrol,First,2000.0
2021,Renault,Duster,1.5,102437,Manual,Diesel,Third,2875.61
2014,Renault,Duster,1.0,19294,Automatic,Hybrid,Second,5825.23
2013,Renault,Duster,1.5,36076,Automatic,Electric,First,9065.34
2023,Renault,Duster,1.0,11858,Manual,Petrol,First,6050.43
2014,Renault,Duster,1.0,104380,Automatic,Diesel,First,2000.0
2020,Renault,Duster,1.0,100361,Automatic,Diesel,First,4316.66
2015,Renault,Duster,1.5,102849,Manual,Hybrid,Second,3071.81
2015,Renault,Duster,1.0,43302,Automatic,Hybrid,Second,5783.62
2018,Renault,Duster,1.0,95688,Automatic,Hybrid,Second,4907.89
2014,Renault,Duster,1.5,108508,Automatic,Petrol,Third,2000.0
2015,Renault,Duster,1.0,12103,Automatic,Electric,First,10177.35
2020,Renault,Duster,1.0,114208,Manual,Hybrid,Third,3123.74
2016,Renault,Duster,1.0,7460,Automatic,Hybrid,First,8454.35
2022,Renault,Duster,1.0,40112,Automatic,Petrol,Second,4963.11
2015,Renault,Duster,1.0,76244,Automatic,Electric,Third,5412.13
2024,Renault,Duster,1.0,124784,Automatic,Electric,First,8571.81
2024,Renault,Duster,1.5,88098,Manual,Hybrid,Third,5681.07
2020,Renault,Duster,1.5,23012,Manual,Petrol,Third,3881.17
2016,Renault,Duster,1.5,129929,Manual,Electric,Second,4194.82
2013,Renault,Duster,1.0,83561,Automatic,Petrol,First,2000.0
2017,Renault,Duster,1.5,119918,Manual,Diesel,Third,2000.0
2022,Renault,Duster,1.5,9140,Automatic,Petrol,First,8589.29
2021,Renault,Duster,1.0,95347,Manual,Petrol,Second,2263.97
2015,Renault,Duster,1.0,53412,Automatic,Diesel,Second,3274.65
2020,Renault,Duster,1.5,5334,Automatic,Diesel,First,8893.69
2021,Renault,Duster,1.0,15159,Manual,Diesel,Second,5859.33
2015,Renault,Duster,1.5,6566,Manual,Electric,First,9111.0
2013,Renault,Duster,1.0,121698,Manual,Diesel,Third,2000.0
2022,Renault,Duster,1.5,65508,Automatic,Electric,Second,9296.22
2013,Renault,Duster,1.0,80917,Automatic,Hybrid,Second,3553.7
2016,Renault,Duster,1.5,75039,Automatic,Hybrid,Third,4002.14
2021,Renault,Duster,1.0,105095,Automatic,Petrol,First,3708.9
2013,Renault,Duster,1.5,3622,Automatic,Diesel,First,5430.84
2020,Renault,Duster,1.5,69951,Manual,Electric,Third,6512.85
2021,Renault,Duster,1.0,27122,Automatic,Petrol,Third,4614.5
2021,Renault,Duster,1.5,21834,Automatic,Electric,Third,9532.26
2014,Renault,Duster,1.0,22330,Manual,Hybrid,Second,4583.05
2017,Renault,Duster,1.5,123195,Manual,Petrol,First,2000.0
2013,Renault,Duster,1.5,112435,Automatic,Petrol,First,2000.0
2024,Renault,Duster,1.5,100627,Automatic,Hybrid,Second,7787.76
2018,Renault,Duster,1.0,64110,Automatic,Petrol,First,4010.73
2023,Renault,Duster,1.0,9644,Automatic,Diesel,Second,7368.62
2013,Renault,Duster,1.0,3069,Automatic,Diesel,Second,4996.16
2015,Renault,Duster,1.0,123622,Automatic,Electric,First,5494.93
2014,Renault,Duster,1.0,93104,Manual,Hybrid,First,2188.56
2018,Renault,Duster,1.5,39553,Manual,Petrol,Third,3036.89
2015,Renault,Duster,1.5,118427,Manual,Petrol,Second,2000.0
2020,Renault,Duster,1.0,16642,Automatic,Hybrid,First,9138.12
2024,Renault,Duster,1.0,88021,Automatic,Electric,First,10435.31
2015,Renault,Duster,1.0,90931,Manual,Hybrid,Third,2696.53
2016,Renault,Duster,1.5,53118,Manual,Hybrid,Third,4380.07
2018,Renault,Duster,1.0,114909,Manual,Petrol,First,2000.0
2017,Renault,Duster,1.5,83894,Manual,Electric,First,6710.1
2019,Renault,Duster,1.5,26460,Manual,Hybrid,Second,7427.77
2016,Renault,Duster,1.0,53939,Automatic,Petrol,Second,3210.61
2013,Renault,Duster,1.5,8665,Manual,Petrol,Third,2314.65
2020,Renault,Duster,1.5,77600,Manual,Electric,Third,6059.79
2014,Renault,Duster,1.0,103167,Manual,Diesel,Second,2000.0
2023,Renault,Duster,1.5,100925,Automatic,Diesel,Second,5502.66
2017,Renault,Duster,1.5,123115,Automatic,Diesel,Second,2010.36
2017,Renault,Duster,1.5,25866,Automatic,Diesel,Third,4850.1
2015,Renault,Duster,1.5,50018,Manual,Diesel,First,3315.85
2013,Renault,Duster,1.0,95060,Manual,Hybrid,First,2000.0
2020,Renault,Duster,1.5,59734,Automatic,Diesel,Second,5908.21
2023,Renault,Duster,1.0,105240,Manual,Hybrid,First,5404.68
2015,Renault,Duster,1.5,104334,Manual,Petrol,Second,2000.0
2018,Renault,Duster,1.5,64930,Manual,Hybrid,Second,5337.51
2015,Renault,Duster,1.5,35630,Automatic,Electric,Second,8149.01
2014,Renault,Duster,1.0,5030,Manual,Diesel,Third,3636.68
2023,Renault,Duster,1.0,40238,Automatic,Petrol,Second,6213.07
2019,Renault,Duster,1.5,69919,Manual,Electric,Second,6692.38
2016,Renault,Duster,1.0,17006,Manual,Hybrid,Third,5035.35
2018,Renault,Duster,1.5,82160,Manual,Diesel,Third,2399.27
2016,Renault,Duster,1.0,44500,Automatic,Hybrid,First,6660.93
2013,Renault,Duster,1.5,101954,Automatic,Petrol,First,2000.0
2021,Renault,Duster,1.0,35393,Automatic,Petrol,Third,4930.51
2021,Renault,Duster,1.0,19102,Manual,Diesel,First,5830.1
2023,Renault,Duster,1.5,126664,Manual,Hybrid,First,5739.17
2014,Renault,Triber,1.5,90642,Manual,Diesel,Third,2000.0
2019,Renault,Triber,1.5,84977,Automatic,Diesel,Second,4396.44
2017,Renault,Triber,1.5,86997,Automatic,Hybrid,Second,5191.17
2014,Renault,Triber,1.5,87433,Automatic,Petrol,Third,2000.0
2022,Renault,Triber,1.0,87341,Manual,Hybrid,First,6415.28
2020,Renault,Triber,1.5,9771,Automatic,Electric,Third,9042.91
2015,Renault,Triber,1.0,14891,Manual,Hybrid,Third,4729.6
2014,Renault,Triber,1.0,71087,Automatic,Hybrid,Second,4116.16
2013,Renault,Triber,1.0,74974,Automatic,Electric,Second,4982.82
2018,Renault,Triber,1.5,26118,Automatic,Diesel,First,7149.7
2013,Renault,Triber,1.5,94364,Automatic,Electric,Third,5023.74
2018,Renault,Triber,1.5,10624,Manual,Petrol,Second,4050.02
2015,Renault,Triber,1.5,65639,Manual,Diesel,Third,2000.0
2020,Renault,Triber,1.5,118729,Manual,Diesel,Second,2169.74
2015,Renault,Triber,1.5,5100,Manual,Diesel,Second,4310.93
2015,Renault,Triber,1.0,11439,Manual,Petrol,Second,3038.85
2024,Renault,Triber,1.0,80836,Automatic,Petrol,Third,4518.18
2014,Renault,Triber,1.5,82398,Manual,Petrol,First,2000.0
2017,Renault,Triber,1.5,14815,Automatic,Petrol,Third,4122.5
2015,Renault,Triber,1.5,17976,Manual,Petrol,First,3919.93
2017,Renault,Triber,1.5,58730,Manual,Electric,Second,6222.29
2022,Renault,Triber,1.5,98800,Automatic,Petrol,Second,4442.03
2017,Renault,Triber,1.0,34740,Automatic,Diesel,First,5362.94
2017,Renault,Triber,1.0,20165,Automatic,Electric,First,10138.9
2015,Renault,Triber,1.5,28592,Manual,Electric,Third,5993.19
2021,Renault,Triber,1.5,85451,Manual,Diesel,Second,4194.05
2017,Renault,Triber,1.0,74613,Automatic,Hybrid,Third,4583.41
2014,Renault,Triber,1.0,66811,Manual,Electric,First,5590.0
2022,Renault,Triber,1.5,119653,Automatic,Hybrid,Third,5128.42
2022,Renault,Triber,1.5,107563,Automatic,Electric,Third,7178.78
2020,Renault,Triber,1.5,23885,Automatic,Electric,Third,8948.78
2015,Renault,Triber,1.5,86619,Automatic,Electric,First,7719.7
2022,Renault,Triber,1.5,45843,Manual,Diesel,First,6707.33
2020,Renault,Triber,1.0,3168,Automatic,Hybrid,First,10504.65
2021,Renault,Triber,1.0,110681,Automatic,Petrol,Third,2244.54
2014,Renault,Triber,1.0,16556,Automatic,Diesel,Third,4002.89
2024,Renault,Triber,1.0,30837,Manual,Electric,Third,7785.13
2017,Renault,Triber,1.5,19005,Automatic,Electric,Third,7818.63
2014,Renault,Triber,1.5,55364,Automatic,Petrol,Second,2372.74
2020,Renault,Triber,1.0,70224,Automatic,Hybrid,Third,5431.78
2020,Renault,Triber,1.0,129112,Automatic,Petrol,Third,2000.0
2024,Renault,Triber,1.5,96095,Manual,Petrol,Third,3180.42
2013,Renault,Triber,1.0,29479,Manual,Petrol,Third,2000.0
2020,Renault,Triber,1.5,56258,Automatic,Petrol,Second,4812.87
2015,Renault,Triber,1.0,51130,Manual,Petrol,Second,2000.0
2021,Renault,Triber,1.5,11471,Automatic,Hybrid,Second,9584.34
2023,Renault,Triber,1.5,121589,Manual,Petrol,First,3019.3
2023,Renault,Triber,1.5,30744,Automatic,Petrol,First,7708.69
2024,Renault,Triber,1.5,32118,Automatic,Electric,Second,10773.54
2014,Renault,Triber,1.5,45771,Manual,Diesel,First,3276.43
2019,Renault,Triber,1.5,44429,Automatic,Hybrid,Second,7445.65
2024,Renault,Triber,1.5,43708,Automatic,Hybrid,First,10630.01
2024,Renault,Triber,1.5,66801,Manual,Electric,First,10475.11
2022,Renault,Triber,1.5,11207,Manual,Diesel,Third,5623.03
2024,Renault,Triber,1.5,53975,Manual,Hybrid,Third,6476.34
2015,Renault,Triber,1.0,91841,Manual,Diesel,Second,2000.0
2015,Renault,Triber,1.5,82863,Manual,Petrol,First,2000.0
2016,Renault,Triber,1.5,63392,Manual,Electric,Third,5285.1
2014,Renault,Triber,1.5,28723,Automatic,Diesel,Third,3632.41
2014,Renault,Triber,1.5,123934,Automatic,Electric,First,5608.44
2017,Renault,Triber,1.5,42842,Automatic,Diesel,Third,4550.7
2018,Renault,Triber,1.0,42872,Automatic,Hybrid,First,7560.45
2018,Renault,Triber,1.5,99404,Automatic,Diesel,First,4182.68
2018,Renault,Triber,1.0,17761,Manual,Electric,First,8916.57
2019,Renault,Triber,1.5,117789,Automatic,Hybrid,First,6034.74
2017,Renault,Triber,1.0,86042,Manual,Hybrid,Third,2920.89
2022,Renault,Triber,1.5,60803,Manual,Electric,Second,9007.01
2022,Renault,Triber,1.5,50783,Manual,Hybrid,Third,5825.71
2022,Renault,Triber,1.5,105645,Automatic,Electric,Third,6839.64
2021,Renault,Triber,1.0,19482,Manual,Diesel,Second,5416.94
2016,Renault,Triber,1.5,110919,Manual,Diesel,First,2000.0
2024,Renault,Triber,1.0,85452,Automatic,Hybrid,Second,7340.23
2022,Renault,Triber,1.5,124467,Manual,Diesel,First,2972.91
2016,Renault,Triber,1.5,28312,Automatic,Petrol,Third,3574.6
2023,Renault,Triber,1.0,101911,Manual,Electric,Second,6834.22
2019,Renault,Triber,1.0,54189,Manual,Petrol,Third,2463.38
2014,Renault,Triber,1.5,89622,Automatic,Hybrid,First,4781.31
2021,Renault,Triber,1.0,41888,Automatic,Diesel,Third,4783.64
2019,Renault,Triber,1.5,52357,Manual,Petrol,Second,3686.79
2017,Renault,Triber,1.0,124630,Manual,Petrol,Third,2000.0
2021,Renault,Kiger,1.0,62075,Manual,Electric,Third,6834.44
2024,Renault,Kiger,1.0,59847,Automatic,Petrol,First,6194.39
2024,Renault,Kiger,1.5,55025,Automatic,Diesel,First,8717.32
2013,Renault,Kiger,1.0,54207,Manual,Electric,Third,4104.52
2021,Renault,Kiger,1.0,46497,Manual,Petrol,Third,2825.17
2016,Renault,Kiger,1.5,38216,Automatic,Petrol,Second,3737.62
2016,Renault,Kiger,1.5,39815,Automatic,Electric,Second,8407.55
2019,Renault,Kiger,1.5,83182,Automatic,Diesel,Third,3759.39
2016,Renault,Kiger,1.5,104319,Manual,Hybrid,Second,2760.88
2018,Renault,Kiger,1.5,4819,Automatic,Hybrid,First,9672.88
2021,Renault,Kiger,1.5,38663,Automatic,Diesel,First,7612.75
2022,Renault,Kiger,1.5,16147,Automatic,Hybrid,Third,8158.96
2023,Renault,Kiger,1.5,11146,Manual,Petrol,First,7661.79
2014,Renault,Kiger,1.5,23354,Automatic,Petrol,Third,3029.15
2023,Renault,Kiger,1.0,19727,Automatic,Hybrid,Third,7678.75
2024,Renault,Kiger,1.5,70684,Automatic,Hybrid,First,9861.76
2017,Renault,Kiger,1.0,68921,Manual,Diesel,Third,2576.82
2019,Renault,Kiger,1.0,17422,Manual,Diesel,Third,4475.14
2013,Renault,Kiger,1.0,106601,Manual,Diesel,Second,2000.0
2013,Renault,Kiger,1.5,4324,Manual,Electric,Third,5983.9
2015,Renault,Kiger,1.0,29730,Automatic,Diesel,Third,3472.88
2016,Renault,Kiger,1.0,125336,Automatic,Hybrid,Second,2678.45
2021,Renault,Kiger,1.0,34928,Automatic,Diesel,Second,6133.52
2015,Renault,Kiger,1.5,60314,Manual,Electric,Second,5564.69
2013,Renault,Kiger,1.0,109013,Automatic,Hybrid,Third,2121.3
2020,Renault,Kiger,1.5,67010,Automatic,Petrol,Second,4364.5
2020,Renault,Kiger,1.5,48196,Automatic,Electric,Second,9112.82
2022,Renault,Kiger,1.0,96553,Automatic,Petrol,First,3502.13
2024,Renault,Kiger,1.5,88452,Manual,Diesel,Third,4110.07
2021,Renault,Kiger,1.0,120324,Automatic,Electric,First,7824.13
2017,Renault,Kiger,1.5,56054,Manual,Diesel,Second,3671.21
2022,Renault,Kiger,1.0,90704,Manual,Electric,First,7874.01
2013,Renault,Kiger,1.0,127403,Automatic,Hybrid,First,2653.77
2019,Renault,Kiger,1.5,108422,Automatic,Hybrid,Second,5597.92
2022,Renault,Kiger,1.5,58913,Automatic,Hybrid,First,8974.53
2015,Renault,Kiger,1.0,13404,Automatic,Hybrid,First,7972.55
2018,Renault,Kiger,1.5,74798,Automatic,Electric,First,9138.54
2014,Renault,Kiger,1.0,63028,Automatic,Electric,Third,5604.89
2020,Renault,Kiger,1.5,61028,Automatic,Hybrid,Third,6494.37
2024,Renault,Kiger,1.0,17775,Automatic,Hybrid,First,11193.54
2020,Renault,Kiger,1.0,98995,Manual,Diesel,Second,2211.45
2017,Renault,Kiger,1.5,58946,Manual,Hybrid,First,5725.74
2017,Renault,Kiger,1.0,21855,Automatic,Hybrid,Second,6675.42
2024,Renault,Kiger,1.5,45563,Manual,Petrol,First,6953.85
2023,Renault,Kiger,1.5,77103,Automatic,Hybrid,Third,6919.4
2016,Renault,Kiger,1.0,27592,Automatic,Electric,First,9571.55
2015,Renault,Kiger,1.5,81256,Manual,Hybrid,Second,3934.59
2020,Renault,Kiger,1.5,3414,Automatic,Hybrid,Second,9262.23
2022,Renault,Kiger,1.5,10650,Automatic,Petrol,First,8469.69
2014,Renault,Kiger,1.5,108632,Automatic,Diesel,First,2385.61
2015,Renault,Kiger,1.0,18051,Manual,Hybrid,Second,5701.71
2020,Renault,Kiger,1.0,119583,Manual,Petrol,First,2000.0
2019,Renault,Kiger,1.0,61492,Manual,Hybrid,Third,4473.92
2020,Renault,Kiger,1.5,105616,Manual,Diesel,Third,2373.86
2017,Renault,Kiger,1.5,123909,Automatic,Diesel,First,2804.72
2019,Renault,Kiger,1.5,56881,Manual,Hybrid,First,6165.6
2015,Renault,Kiger,1.5,88704,Automatic,Diesel,Second,3313.17
2019,Renault,Kiger,1.0,11406,Manual,Hybrid,Second,6569.13
2020,Renault,Kiger,1.5,85525,Manual,Petrol,Third,2000.0
2016,Renault,Kiger,1.5,48406,Manual,Hybrid,Second,5480.74
2014,Renault,Kiger,1.5,35035,Manual,Hybrid,First,5991.08
2017,Renault,Kiger,1.0,118778,Automatic,Petrol,Third,2000.0
2024,Renault,Kiger,1.5,67337,Manual,Electric,Second,8978.34
2013,Renault,Kiger,1.0,20949,Manual,Diesel,Second,2340.93
2016,Renault,Kiger,1.0,67544,Automatic,Petrol,Second,2293.27
2015,Renault,Kiger,1.0,53812,Automatic,Hybrid,Second,4874.36
2021,Renault,Kiger,1.0,75886,Automatic,Petrol,Second,3964.54
2013,Renault,Kiger,1.0,28286,Manual,Petrol,Second,2000.0
2021,Renault,Kiger,1.5,123965,Automatic,Hybrid,Second,5933.74
2024,Renault,Kiger,1.5,18106,Manual,Hybrid,Third,7315.05
2020,Renault,Kiger,1.0,48863,Automatic,Electric,First,10250.16
2016,Renault,Kiger,1.5,96880,Automatic,Diesel,First,3481.55
2021,Renault,Kiger,1.5,57673,Manual,Diesel,First,5955.02
2013,Renault,Kiger,1.5,13552,Manual,Petrol,First,3207.51
2016,Renault,Kiger,1.0,83661,Manual,Diesel,First,2301.5
2024,Renault,Kiger,1.0,59192,Automatic,Diesel,Third,5919.8
2022,Renault,Kiger,1.0,120572,Automatic,Diesel,First,5029.2
2023,Renault,Kiger,1.5,29232,Manual,Petrol,Third,4647.34
2023,Renault,Kiger,1.0,93319,Manual,Petrol,First,2820.55
2015,Renault,Kiger,1.5,52057,Manual,Hybrid,Third,4039.83
2016,Renault,Lodgy,1.5,75800,Manual,Hybrid,Third,3070.95
2022,Renault,Lodgy,1.0,19582,Automatic,Hybrid,First,10149.97
2015,Renault,Lodgy,1.0,99110,Manual,Petrol,Third,2000.0
2015,Renault,Lodgy,1.0,119529,Manual,Hybrid,Second,2000.0
2013,Renault,Lodgy,1.5,102008,Automatic,Diesel,Third,2000.0
2018,Renault,Lodgy,1.0,50798,Automatic,Hybrid,Third,5640.47
2016,Renault,Lodgy,1.5,51394,Manual,Diesel,Second,3267.94
2016,Renault,Lodgy,1.5,44620,Automatic,Diesel,Second,4641.63
2019,Renault,Lodgy,1.5,42591,Automatic,Diesel,First,7215.05
2014,Renault,Lodgy,1.0,26391,Manual,Petrol,First,2373.67
2016,Renault,Lodgy,1.5,59561,Automatic,Diesel,Third,3195.94
2017,Renault,Lodgy,1.0,18597,Automatic,Diesel,First,6433.52
2013,Renault,Lodgy,1.0,40473,Manual,Diesel,Third,2000.0
2020,Renault,Lodgy,1.0,95240,Manual,Petrol,Second,2315.33
2023,Renault,Lodgy,1.5,3085,Manual,Petrol,First,7731.24
2020,Renault,Lodgy,1.0,112756,Automatic,Diesel,First,3446.35
2017,Renault,Lodgy,1.5,81978,Automatic,Diesel,Third,2775.89
2017,Renault,Lodgy,1.5,8921,Automatic,Diesel,Second,6319.81
2017,Renault,Lodgy,1.5,109328,Automatic,Petrol,First,2453.44
2017,Renault,Lodgy,1.0,72019,Manual,Electric,Second,5472.65
2019,Renault,Lodgy,1.5,73675,Manual,Hybrid,Second,5405.75
2024,Renault,Lodgy,1.5,26054,Automatic,Electric,Second,11593.68
2017,Renault,Lodgy,1.0,126459,Manual,Electric,Second,3524.08
2024,Renault,Lodgy,1.5,120863,Manual,Diesel,Second,3467.32
2016,Renault,Lodgy,1.5,49853,Manual,Diesel,Third,2591.97
2015,Renault,Lodgy,1.0,8183,Manual,Diesel,First,4554.72
2024,Renault,Lodgy,1.0,41728,Automatic,Hybrid,Second,8524.09
2024,Renault,Lodgy,1.0,29610,Manual,Diesel,First,6886.94
2019,Renault,Lodgy,1.5,33434,Automatic,Electric,Third,8420.66
2017,Renault,Lodgy,1.5,80541,Manual,Hybrid,Second,4583.54
2024,Renault,Lodgy,1.0,67050,Manual,Diesel,Third,4091.94
2017,Renault,Lodgy,1.0,26886,Manual,Petrol,Third,2590.06
2024,Renault,Lodgy,1.0,43544,Manual,Electric,First,11129.91
2023,Renault,Lodgy,1.5,100672,Manual,Electric,First,8093.58
2017,Renault,Lodgy,1.0,122421,Manual,Petrol,Second,2000.0
2024,Renault,Lodgy,1.0,80962,Automatic,Petrol,First,6047.42
2013,Renault,Lodgy,1.0,68220,Automatic,Petrol,Third,2000.0
2021,Renault,Lodgy,1.0,66543,Automatic,Diesel,Second,4451.57
2019,Renault,Lodgy,1.5,59957,Automatic,Petrol,Third,3571.06
2017,Renault,Lodgy,1.5,120000,Manual,Petrol,First,2000.0
2018,Renault,Lodgy,1.0,46542,Automatic,Electric,First,9821.78
2023,Renault,Lodgy,1.5,108953,Manual,Electric,First,8544.84
2013,Renault,Lodgy,1.5,84964,Automatic,Petrol,First,2000.0
2015,Renault,Lodgy,1.0,98977,Manual,Diesel,First,2000.0
2024,Renault,Lodgy,1.5,11779,Automatic,Hybrid,Second,10582.37
2014,Renault,Lodgy,1.0,115123,Manual,Electric,Second,2859.3
2019,Renault,Lodgy,1.5,7955,Automatic,Electric,Second,11133.81
2018,Renault,Lodgy,1.5,120426,Manual,Electric,Second,5274.85
2018,Renault,Lodgy,1.0,114971,Automatic,Diesel,Third,2000.0
2021,Renault,Lodgy,1.5,61206,Automatic,Petrol,Third,4321.47
2014,Renault,Lodgy,1.0,129804,Automatic,Hybrid,Second,2363.74
2024,Renault,Lodgy,1.0,94800,Automatic,Hybrid,Second,7037.56
2022,Renault,Lodgy,1.5,91062,Manual,Diesel,First,4544.79
2021,Renault,Lodgy,1.0,80863,Manual,Diesel,Third,2907.53
2015,Renault,Lodgy,1.5,123919,Automatic,Diesel,Third,2000.0
2019,Renault,Lodgy,1.5,93358,Automatic,Electric,First,9338.62
2021,Renault,Lodgy,1.5,57560,Automatic,Diesel,Third,4807.09
2017,Renault,Lodgy,1.0,54905,Automatic,Electric,Third,6580.81
2020,Renault,Lodgy,1.5,13094,Automatic,Hybrid,Third,7307.79
2018,Renault,Lodgy,1.0,57390,Manual,Electric,Second,6759.43
2022,Renault,Lodgy,1.5,106704,Manual,Electric,Second,7135.85
2019,Renault,Lodgy,1.0,38992,Automatic,Petrol,Second,4237.21
2013,Renault,Lodgy,1.5,10517,Manual,Petrol,Third,2000.0
2022,Renault,Lodgy,1.5,67723,Manual,Petrol,First,4918.66
2023,Renault,Lodgy,1.5,99054,Automatic,Diesel,Third,4937.28
2021,Renault,Lodgy,1.5,73909,Manual,Electric,First,8933.51
2018,Renault,Lodgy,1.5,48599,Automatic,Hybrid,Third,5522.35
2017,Renault,Lodgy,1.0,10670,Manual,Petrol,Third,3144.73
2023,Renault,Lodgy,1.5,119255,Automatic,Hybrid,Second,6736.65
2018,Renault,Lodgy,1.0,23735,Automatic,Diesel,First,6199.77
2015,Renault,Lodgy,1.5,99780,Manual,Petrol,First,2000.0
2024,Renault,Lodgy,1.5,30749,Automatic,Hybrid,Second,9964.35
2024,Renault,Lodgy,1.0,10463,Automatic,Electric,Third,9683.64
2017,Renault,Lodgy,1.0,110712,Automatic,Petrol,First,2000.0
2019,Renault,Lodgy,1.5,103567,Automatic,Petrol,First,3494.13
2022,Renault,Lodgy,1.0,54515,Automatic,Hybrid,Second,7693.6
2015,Renault,Lodgy,1.0,103426,Automatic,Petrol,Second,2000.0
2022,Renault,Lodgy,1.5,65430,Manual,Diesel,First,5529.65
2017,Renault,Lodgy,1.5,121788,Automatic,Electric,Third,5200.73
2015,Renault,Lodgy,1.0,72526,Automatic,Electric,Third,4895.65
2013,Renault,Captur,1.5,63665,Manual,Petrol,First,2000.0
2018,Renault,Captur,1.0,63697,Automatic,Hybrid,First,7026.78
2019,Renault,Captur,1.0,71060,Automatic,Diesel,Third,3404.99
2016,Renault,Captur,1.0,25600,Automatic,Hybrid,First,7497.7
2015,Renault,Captur,1.0,128006,Automatic,Petrol,Third,2000.0
2016,Renault,Captur,1.0,5560,Manual,Electric,Third,6617.91
2023,Renault,Captur,1.5,129108,Manual,Electric,First,7653.68
2019,Renault,Captur,1.0,21738,Manual,Electric,Second,7968.95
2024,Renault,Captur,1.5,87314,Automatic,Diesel,Second,5550.68
2019,Renault,Captur,1.0,16024,Automatic,Diesel,First,7609.15
2019,Renault,Captur,1.5,91999,Automatic,Electric,First,9479.53
2020,Renault,Captur,1.5,83166,Automatic,Diesel,First,5681.35
2016,Renault,Captur,1.5,104382,Manual,Electric,Third,4156.0
2022,Renault,Captur,1.0,73655,Manual,Hybrid,First,6557.29
2023,Renault,Captur,1.5,73655,Automatic,Diesel,Third,5158.35
2018,Renault,Captur,1.5,73620,Automatic,Hybrid,First,7131.38
2015,Renault,Captur,1.5,112096,Manual,Electric,First,5014.51
2014,Renault,Captur,1.0,78875,Manual,Electric,Third,4038.61
2024,Renault,Captur,1.0,120391,Manual,Diesel,Third,2153.58
2017,Renault,Captur,1.5,47100,Automatic,Electric,Second,8193.72
2018,Renault,Captur,1.0,21150,Manual,Diesel,First,5037.65
2020,Renault,Captur,1.5,33560,Automatic,Hybrid,First,9781.89
2021,Renault,Captur,1.0,77259,Automatic,Petrol,Third,4232.44
2018,Renault,Captur,1.5,125356,Automatic,Hybrid,Second,3992.86
2023,Renault,Captur,1.0,30436,Manual,Diesel,Third,5069.97
2014,Renault,Captur,1.0,89164,Manual,Hybrid,Second,2383.14
2013,Renault,Captur,1.5,72542,Automatic,Petrol,Third,2000.0
2018,Renault,Captur,1.0,32763,Manual,Hybrid,First,6644.63
2019,Renault,Captur,1.5,63037,Manual,Hybrid,First,6610.33
2021,Renault,Captur,1.5,5966,Automatic,Hybrid,First,11323.07
2019,Renault,Captur,1.5,22391,Automatic,Diesel,Third,5839.3
2018,Renault,Captur,1.5,40025,Automatic,Diesel,Second,5225.32
2014,Renault,Captur,1.0,9317,Manual,Petrol,First,3053.79
2017,Renault,Captur,1.5,65784,Manual,Hybrid,First,6058.81
2021,Renault,Captur,1.0,88676,Manual,Diesel,First,3229.49
2019,Renault,Captur,1.5,65526,Manual,Petrol,First,3467.48
2013,Renault,Captur,1.0,71983,Automatic,Electric,Third,4937.54
2016,Renault,Captur,1.5,71175,Automatic,Petrol,Third,2505.97
2020,Renault,Captur,1.0,53082,Manual,Hybrid,Third,5081.75
2016,Renault,Captur,1.5,98830,Manual,Electric,Third,4437.08
2022,Renault,Captur,1.0,29257,Automatic,Petrol,Second,5678.88
2015,Renault,Captur,1.5,83050,Automatic,Hybrid,Third,3967.23
2020,Renault,Captur,1.5,17419,Automatic,Petrol,First,7281.73
2019,Renault,Captur,1.0,100975,Automatic,Petrol,Third,2000.0
2018,Renault,Captur,1.5,42724,Automatic,Petrol,Second,4730.04
2019,Renault,Captur,1.5,113269,Manual,Petrol,Second,2000.0
2016,Renault,Captur,1.0,62201,Manual,Electric,Second,5693.59
2023,Renault,Captur,1.0,50635,Automatic,Hybrid,Third,6544.59
2023,Renault,Captur,1.0,48703,Manual,Petrol,Second,4190.23
2021,Renault,Captur,1.5,115359,Manual,Diesel,Second,2762.47
2013,Renault,Captur,1.0,79419,Manual,Petrol,Second,2000.0
2015,Renault,Captur,1.0,60091,Automatic,Hybrid,Second,4930.67
2023,Renault,Captur,1.5,50089,Automatic,Electric,Second,10159.41
2018,Renault,Captur,1.5,82077,Manual,Petrol,Second,2142.01
2020,Renault,Captur,1.0,91164,Manual,Hybrid,Third,3788.9
2020,Renault,Captur,1.0,76110,Automatic,Diesel,First,4894.47
2015,Renault,Captur,1.0,4209,Manual,Electric,Second,7315.49
2018,Renault,Captur,1.0,104339,Automatic,Diesel,Third,2708.98
2013,Renault,Captur,1.5,90525,Automatic,Hybrid,First,4312.52
2014,Renault,Captur,1.5,129027,Manual,Hybrid,Second,2000.0
2016,Renault,Captur,1.5,32051,Automatic,Hybrid,Third,6065.97
2023,Renault,Captur,1.0,38791,Manual,Diesel,Second,5924.78
2020,Renault,Captur,1.5,58214,Manual,Electric,Second,8022.97
2024,Renault,Captur,1.0,107308,Automatic,Petrol,Second,4285.18
2014,Renault,Captur,1.5,113626,Automatic,Electric,Second,5207.85
2013,Renault,Captur,1.0,39417,Automatic,Hybrid,Second,5008.54
2017,Renault,Captur,1.0,41405,Manual,Petrol,First,2859.88
2023,Renault,Captur,1.0,60679,Manual,Petrol,Third,3250.87
2022,Renault,Captur,1.5,3843,Manual,Petrol,First,7362.72
2018,Renault,Captur,1.0,111196,Manual,Hybrid,Second,2783.1
2017,Renault,Captur,1.0,45229,Automatic,Petrol,Third,2974.27
2017,Renault,Captur,1.5,123316,Manual,Electric,Second,4938.32
2014,Renault,Captur,1.0,24617,Automatic,Petrol,First,4282.35
2015,Renault,Captur,1.5,31618,Automatic,Petrol,First,4624.76
2014,Renault,Captur,1.5,17899,Automatic,Electric,Third,7286.27
2023,Renault,Captur,1.0,90181,Manual,Electric,Third,6098.34
2019,Renault,Captur,1.5,75672,Manual,Electric,First,8250.99
2014,Renault,Captur,1.0,37837,Manual,Petrol,First,2000.0
2023,Renault,Captur,1.5,93519,Manual,Electric,First,9288.31
2020,Renault,Captur,1.0,8555,Automatic,Hybrid,Second,8572.59
